"ID","CÓDIGO IES","NOMBRE IES","AÑO","SEMESTRE","TIPO DE INSCRIPCION","PROGRAMA CONSECUTIVO","PROGRAMA","SEXO BIOLOGICO","COD DANE","DEPARTAMENTO","MUNICIPIO","PAIS","ZONA RESIDENCIA"
1,2110,"COLEGIO MAYOR DE ANTIOQUIA",2025,2,"Antiguo",3707,"PLANEACION Y DESARROLLO SOCIAL","Femenino",5001,"Antioquia","Medellín","Colombia","Urbana"
2,2110,"COLEGIO MAYOR DE ANTIOQUIA",2025,2,"Antiguo",3707,"PLANEACION Y DESARROLLO SOCIAL","Femenino",5001,"Antioquia","Medellín","Colombia","Urbana"
3,2110,"COLEGIO MAYOR DE ANTIOQUIA",2025,2,"Antiguo",3707,"PLANEACION Y DESARROLLO SOCIAL","Masculino",5001,"Antioquia","Medellín","Colombia","Urbana"
4,2110,"COLEGIO MAYOR DE ANTIOQUIA",2025,2,"Antiguo",3707,"PLANEACION Y DESARROLLO SOCIAL","Femenino",5001,"Antioquia","Medellín","Colombia","Urbana"
5,2110,"COLEGIO MAYOR DE ANTIOQUIA",2025,2,"Antiguo",3707,"PLANEACION Y DESARROLLO SOCIAL","Femenino",5001,"Antioquia","Medellín","Colombia","Urbana"
6,2110,"COLEGIO MAYOR DE ANTIOQUIA",2025,2,"Antiguo",3707,"PLANEACION Y DESARROLLO SOCIAL","Masculino",5001,"Antioquia","Medellín","Colombia","Urbana"
7,2110,"COLEGIO MAYOR DE ANTIOQUIA",2025,2,"Antiguo",3707,"PLANEACION Y DESARROLLO SOCIAL","Femenino",5001,"Antioquia","Medellín","Colombia","Urbana"
8,2110,"COLEGIO MAYOR DE ANTIOQUIA",2025,2,"Antiguo",3707,"PLANEACION Y DESARROLLO SOCIAL","Femenino",5001,"Antioquia","Medellín","Colombia","Urbana"
9,2110,"COLEGIO MAYOR DE ANTIOQUIA",2025,2,"Antiguo",3707,"PLANEACION Y DESARROLLO SOCIAL","Masculino",5001,"Antioquia","Medellín","Colombia","Urbana"
10,2110,"COLEGIO MAYOR DE ANTIOQUIA",2025,2,"Antiguo",3707,"PLANEACION Y DESARROLLO SOCIAL","Femenino",5001,"Antioquia","Medellín","Colombia","Urbana"
11,2110,"COLEGIO MAYOR DE ANTIOQUIA",2025,2,"Antiguo",3707,"PLANEACION Y DESARROLLO SOCIAL","Masculino",5001,"Antioquia","Medellín","Colombia","Urbana"
12,2110,"COLEGIO MAYOR DE ANTIOQUIA",2025,2,"Antiguo",3707,"PLANEACION Y DESARROLLO SOCIAL","Femenino",5001,"Antioquia","Medellín","Colombia","Urbana"
13,2110,"COLEGIO MAYOR DE ANTIOQUIA",2025,2,"Antiguo",3707,"PLANEACION Y DESARROLLO SOCIAL","Femenino",5001,"Antioquia","Medellín","Colombia","Urbana"
14,2110,"COLEGIO MAYOR DE ANTIOQUIA",2025,2,"Antiguo",3707,"PLANEACION Y DESARROLLO SOCIAL","Masculino",5001,"Antioquia","Medellín","Colombia","Urbana"
15,2110,"COLEGIO MAYOR DE ANTIOQUIA",2025,2,"Antiguo",3707,"PLANEACION Y DESARROLLO SOCIAL","Femenino",5001,"Antioquia","Medellín","Colombia","Urbana"
16,2110,"COLEGIO MAYOR DE ANTIOQUIA",2025,2,"Antiguo",3707,"PLANEACION Y DESARROLLO SOCIAL","Femenino",5001,"Antioquia","Medellín","Colombia","Urbana"
17,2110,"COLEGIO MAYOR DE ANTIOQUIA",2025,2,"Antiguo",3707,"PLANEACION Y DESARROLLO SOCIAL","Femenino",5001,"Antioquia","Medellín","Colombia","Urbana"
18,2110,"COLEGIO MAYOR DE ANTIOQUIA",2025,2,"Antiguo",3707,"PLANEACION Y DESARROLLO SOCIAL","Femenino",5001,"Antioquia","Medellín","Colombia","Urbana"
19,2110,"COLEGIO MAYOR DE ANTIOQUIA",2025,2,"Antiguo",3707,"PLANEACION Y DESARROLLO SOCIAL","Femenino",5001,"Antioquia","Medellín","Colombia","Urbana"
20,2110,"COLEGIO MAYOR DE ANTIOQUIA",2025,2,"Antiguo",3707,"PLANEACION Y DESARROLLO SOCIAL","Masculino",5001,"Antioquia","Medellín","Colombia","Urbana"
21,2110,"COLEGIO MAYOR DE ANTIOQUIA",2025,2,"Antiguo",3707,"PLANEACION Y DESARROLLO SOCIAL","Masculino",5001,"Antioquia","Medellín","Colombia","Urbana"
22,2110,"COLEGIO MAYOR DE ANTIOQUIA",2025,2,"Antiguo",3707,"PLANEACION Y DESARROLLO SOCIAL","Masculino",5001,"Antioquia","Medellín","Colombia","Urbana"
23,2110,"COLEGIO MAYOR DE ANTIOQUIA",2025,2,"Antiguo",3707,"PLANEACION Y DESARROLLO SOCIAL","Femenino",5001,"Antioquia","Medellín","Colombia","Urbana"
24,2110,"COLEGIO MAYOR DE ANTIOQUIA",2025,2,"Antiguo",3707,"PLANEACION Y DESARROLLO SOCIAL","Masculino",5001,"Antioquia","Medellín","Colombia","Urbana"
25,2110,"COLEGIO MAYOR DE ANTIOQUIA",2025,2,"Antiguo",3707,"PLANEACION Y DESARROLLO SOCIAL","Femenino",5001,"Antioquia","Medellín","Colombia","Urbana"
26,2110,"COLEGIO MAYOR DE ANTIOQUIA",2025,2,"Antiguo",3707,"PLANEACION Y DESARROLLO SOCIAL","Femenino",5001,"Antioquia","Medellín","Colombia","Urbana"
27,2110,"COLEGIO MAYOR DE ANTIOQUIA",2025,2,"Antiguo",3707,"PLANEACION Y DESARROLLO SOCIAL","Femenino",5001,"Antioquia","Medellín","Colombia","Urbana"
28,2110,"COLEGIO MAYOR DE ANTIOQUIA",2025,2,"Antiguo",3707,"PLANEACION Y DESARROLLO SOCIAL","Masculino",5001,"Antioquia","Medellín","Colombia","Urbana"
29,2110,"COLEGIO MAYOR DE ANTIOQUIA",2025,2,"Antiguo",3707,"PLANEACION Y DESARROLLO SOCIAL","Masculino",5001,"Antioquia","Medellín","Colombia","Urbana"
30,2110,"COLEGIO MAYOR DE ANTIOQUIA",2025,2,"Antiguo",3707,"PLANEACION Y DESARROLLO SOCIAL","Masculino",5001,"Antioquia","Medellín","Colombia","Urbana"
31,2110,"COLEGIO MAYOR DE ANTIOQUIA",2025,2,"Antiguo",3707,"PLANEACION Y DESARROLLO SOCIAL","Femenino",5001,"Antioquia","Medellín","Colombia","Urbana"
32,2110,"COLEGIO MAYOR DE ANTIOQUIA",2025,2,"Antiguo",3707,"PLANEACION Y DESARROLLO SOCIAL","Femenino",5001,"Antioquia","Medellín","Colombia","Urbana"
33,2110,"COLEGIO MAYOR DE ANTIOQUIA",2025,2,"Antiguo",3707,"PLANEACION Y DESARROLLO SOCIAL","Femenino",5001,"Antioquia","Medellín","Colombia","Urbana"
34,2110,"COLEGIO MAYOR DE ANTIOQUIA",2025,2,"Antiguo",3707,"PLANEACION Y DESARROLLO SOCIAL","Masculino",5001,"Antioquia","Medellín","Colombia","Urbana"
35,2110,"COLEGIO MAYOR DE ANTIOQUIA",2025,2,"Antiguo",3707,"PLANEACION Y DESARROLLO SOCIAL","Masculino",5001,"Antioquia","Medellín","Colombia","Urbana"
36,2110,"COLEGIO MAYOR DE ANTIOQUIA",2025,2,"Antiguo",3707,"PLANEACION Y DESARROLLO SOCIAL","Femenino",5001,"Antioquia","Medellín","Colombia","Urbana"
37,2110,"COLEGIO MAYOR DE ANTIOQUIA",2025,2,"Antiguo",3707,"PLANEACION Y DESARROLLO SOCIAL","Masculino",5001,"Antioquia","Medellín","Colombia","Urbana"
38,2110,"COLEGIO MAYOR DE ANTIOQUIA",2025,2,"Antiguo",3707,"PLANEACION Y DESARROLLO SOCIAL","Masculino",5001,"Antioquia","Medellín","Colombia","Urbana"
39,2110,"COLEGIO MAYOR DE ANTIOQUIA",2025,2,"Antiguo",3707,"PLANEACION Y DESARROLLO SOCIAL","Masculino",5001,"Antioquia","Medellín","Colombia","Urbana"
40,2110,"COLEGIO MAYOR DE ANTIOQUIA",2025,2,"Antiguo",3707,"PLANEACION Y DESARROLLO SOCIAL","Femenino",5001,"Antioquia","Medellín","Colombia","Urbana"
41,2110,"COLEGIO MAYOR DE ANTIOQUIA",2025,2,"Antiguo",3707,"PLANEACION Y DESARROLLO SOCIAL","Femenino",5001,"Antioquia","Medellín","Colombia","Urbana"
42,2110,"COLEGIO MAYOR DE ANTIOQUIA",2025,2,"Antiguo",3707,"PLANEACION Y DESARROLLO SOCIAL","Femenino",5001,"Antioquia","Medellín","Colombia","Urbana"
43,2110,"COLEGIO MAYOR DE ANTIOQUIA",2025,2,"Antiguo",3707,"PLANEACION Y DESARROLLO SOCIAL","Masculino",5001,"Antioquia","Medellín","Colombia","Urbana"
44,2110,"COLEGIO MAYOR DE ANTIOQUIA",2025,2,"Antiguo",3707,"PLANEACION Y DESARROLLO SOCIAL","Femenino",5001,"Antioquia","Medellín","Colombia","Urbana"
45,2110,"COLEGIO MAYOR DE ANTIOQUIA",2025,2,"Antiguo",3707,"PLANEACION Y DESARROLLO SOCIAL","Masculino",5001,"Antioquia","Medellín","Colombia","Urbana"
46,2110,"COLEGIO MAYOR DE ANTIOQUIA",2025,2,"Antiguo",3707,"PLANEACION Y DESARROLLO SOCIAL","Masculino",5001,"Antioquia","Medellín","Colombia","Urbana"
47,2110,"COLEGIO MAYOR DE ANTIOQUIA",2025,2,"Antiguo",3707,"PLANEACION Y DESARROLLO SOCIAL","Masculino",5001,"Antioquia","Medellín","Colombia","Urbana"
48,2110,"COLEGIO MAYOR DE ANTIOQUIA",2025,2,"Antiguo",3707,"PLANEACION Y DESARROLLO SOCIAL","Femenino",5001,"Antioquia","Medellín","Colombia","Urbana"
49,2110,"COLEGIO MAYOR DE ANTIOQUIA",2025,2,"Antiguo",3707,"PLANEACION Y DESARROLLO SOCIAL","Femenino",5001,"Antioquia","Medellín","Colombia","Urbana"
50,2110,"COLEGIO MAYOR DE ANTIOQUIA",2025,2,"Antiguo",3707,"PLANEACION Y DESARROLLO SOCIAL","Femenino",5001,"Antioquia","Medellín","Colombia","Urbana"
51,2110,"COLEGIO MAYOR DE ANTIOQUIA",2025,2,"Antiguo",3707,"PLANEACION Y DESARROLLO SOCIAL","Femenino",5001,"Antioquia","Medellín","Colombia","Urbana"
52,2110,"COLEGIO MAYOR DE ANTIOQUIA",2025,2,"Antiguo",3707,"PLANEACION Y DESARROLLO SOCIAL","Femenino",5001,"Antioquia","Medellín","Colombia","Urbana"
53,2110,"COLEGIO MAYOR DE ANTIOQUIA",2025,2,"Antiguo",3707,"PLANEACION Y DESARROLLO SOCIAL","Femenino",5001,"Antioquia","Medellín","Colombia","Urbana"
54,2110,"COLEGIO MAYOR DE ANTIOQUIA",2025,2,"Antiguo",3707,"PLANEACION Y DESARROLLO SOCIAL","Femenino",5001,"Antioquia","Medellín","Colombia","Urbana"
55,2110,"COLEGIO MAYOR DE ANTIOQUIA",2025,2,"Antiguo",3707,"PLANEACION Y DESARROLLO SOCIAL","Femenino",5001,"Antioquia","Medellín","Colombia","Urbana"
56,2110,"COLEGIO MAYOR DE ANTIOQUIA",2025,2,"Antiguo",3707,"PLANEACION Y DESARROLLO SOCIAL","Femenino",5001,"Antioquia","Medellín","Colombia","Urbana"
57,2110,"COLEGIO MAYOR DE ANTIOQUIA",2025,2,"Antiguo",3707,"PLANEACION Y DESARROLLO SOCIAL","Masculino",5001,"Antioquia","Medellín","Colombia","Urbana"
58,2110,"COLEGIO MAYOR DE ANTIOQUIA",2025,2,"Antiguo",3707,"PLANEACION Y DESARROLLO SOCIAL","Masculino",5001,"Antioquia","Medellín","Colombia","Urbana"
59,2110,"COLEGIO MAYOR DE ANTIOQUIA",2025,2,"Antiguo",3707,"PLANEACION Y DESARROLLO SOCIAL","Masculino",5001,"Antioquia","Medellín","Colombia","Urbana"
60,2110,"COLEGIO MAYOR DE ANTIOQUIA",2025,2,"Antiguo",3707,"PLANEACION Y DESARROLLO SOCIAL","Femenino",5001,"Antioquia","Medellín","Colombia","Urbana"
61,2110,"COLEGIO MAYOR DE ANTIOQUIA",2025,2,"Antiguo",3707,"PLANEACION Y DESARROLLO SOCIAL","Masculino",5001,"Antioquia","Medellín","Colombia","Urbana"
62,2110,"COLEGIO MAYOR DE ANTIOQUIA",2025,2,"Antiguo",3707,"PLANEACION Y DESARROLLO SOCIAL","Femenino",5001,"Antioquia","Medellín","Colombia","Urbana"
63,2110,"COLEGIO MAYOR DE ANTIOQUIA",2025,2,"Antiguo",3707,"PLANEACION Y DESARROLLO SOCIAL","Masculino",5001,"Antioquia","Medellín","Colombia","Urbana"
64,2110,"COLEGIO MAYOR DE ANTIOQUIA",2025,2,"Antiguo",3707,"PLANEACION Y DESARROLLO SOCIAL","Masculino",5001,"Antioquia","Medellín","Colombia","Urbana"
65,2110,"COLEGIO MAYOR DE ANTIOQUIA",2025,2,"Antiguo",3707,"PLANEACION Y DESARROLLO SOCIAL","Femenino",5001,"Antioquia","Medellín","Colombia","Urbana"
66,2110,"COLEGIO MAYOR DE ANTIOQUIA",2025,2,"Antiguo",3707,"PLANEACION Y DESARROLLO SOCIAL","Femenino",5001,"Antioquia","Medellín","Colombia","Urbana"
67,2110,"COLEGIO MAYOR DE ANTIOQUIA",2025,2,"Antiguo",3707,"PLANEACION Y DESARROLLO SOCIAL","Femenino",5001,"Antioquia","Medellín","Colombia","Urbana"
68,2110,"COLEGIO MAYOR DE ANTIOQUIA",2025,2,"Antiguo",3707,"PLANEACION Y DESARROLLO SOCIAL","Femenino",5001,"Antioquia","Medellín","Colombia","Urbana"
69,2110,"COLEGIO MAYOR DE ANTIOQUIA",2025,2,"Antiguo",3707,"PLANEACION Y DESARROLLO SOCIAL","Femenino",5001,"Antioquia","Medellín","Colombia","Urbana"
70,2110,"COLEGIO MAYOR DE ANTIOQUIA",2025,2,"Antiguo",3707,"PLANEACION Y DESARROLLO SOCIAL","Masculino",5001,"Antioquia","Medellín","Colombia","Urbana"
71,2110,"COLEGIO MAYOR DE ANTIOQUIA",2025,2,"Antiguo",3707,"PLANEACION Y DESARROLLO SOCIAL","Femenino",5001,"Antioquia","Medellín","Colombia","Urbana"
72,2110,"COLEGIO MAYOR DE ANTIOQUIA",2025,2,"Antiguo",3707,"PLANEACION Y DESARROLLO SOCIAL","Femenino",5001,"Antioquia","Medellín","Colombia","Urbana"
73,2110,"COLEGIO MAYOR DE ANTIOQUIA",2025,2,"Antiguo",3707,"PLANEACION Y DESARROLLO SOCIAL","Masculino",5001,"Antioquia","Medellín","Colombia","Urbana"
74,2110,"COLEGIO MAYOR DE ANTIOQUIA",2025,2,"Antiguo",3707,"PLANEACION Y DESARROLLO SOCIAL","Femenino",5001,"Antioquia","Medellín","Colombia","Urbana"
75,2110,"COLEGIO MAYOR DE ANTIOQUIA",2025,2,"Antiguo",3707,"PLANEACION Y DESARROLLO SOCIAL","Femenino",5001,"Antioquia","Itagüí","Colombia","Urbana"
76,2110,"COLEGIO MAYOR DE ANTIOQUIA",2025,2,"Antiguo",3707,"PLANEACION Y DESARROLLO SOCIAL","Femenino",5001,"Antioquia","Medellín","Colombia","Urbana"
77,2110,"COLEGIO MAYOR DE ANTIOQUIA",2025,2,"Antiguo",3707,"PLANEACION Y DESARROLLO SOCIAL","Masculino",5001,"Antioquia","Medellín","Colombia","Urbana"
78,2110,"COLEGIO MAYOR DE ANTIOQUIA",2025,2,"Antiguo",3707,"PLANEACION Y DESARROLLO SOCIAL","Femenino",5001,"Antioquia","Medellín","Colombia","Urbana"
79,2110,"COLEGIO MAYOR DE ANTIOQUIA",2025,2,"Antiguo",3707,"PLANEACION Y DESARROLLO SOCIAL","Masculino",5001,"Antioquia","Medellín","Colombia","Urbana"
80,2110,"COLEGIO MAYOR DE ANTIOQUIA",2025,2,"Antiguo",3707,"PLANEACION Y DESARROLLO SOCIAL","Femenino",5001,"Antioquia","Medellín","Colombia","Urbana"
81,2110,"COLEGIO MAYOR DE ANTIOQUIA",2025,2,"Antiguo",3707,"PLANEACION Y DESARROLLO SOCIAL","Femenino",5001,"Antioquia","Medellín","Colombia","Urbana"
82,2110,"COLEGIO MAYOR DE ANTIOQUIA",2025,2,"Antiguo",3707,"PLANEACION Y DESARROLLO SOCIAL","Femenino",5001,"Antioquia","Medellín","Colombia","Urbana"
83,2110,"COLEGIO MAYOR DE ANTIOQUIA",2025,2,"Antiguo",3707,"PLANEACION Y DESARROLLO SOCIAL","Femenino",5001,"Antioquia","Medellín","Colombia","Urbana"
84,2110,"COLEGIO MAYOR DE ANTIOQUIA",2025,2,"Antiguo",3707,"PLANEACION Y DESARROLLO SOCIAL","Femenino",5001,"Antioquia","Medellín","Colombia","Urbana"
85,2110,"COLEGIO MAYOR DE ANTIOQUIA",2025,2,"Antiguo",3707,"PLANEACION Y DESARROLLO SOCIAL","Masculino",5001,"Antioquia","Medellín","Colombia","Urbana"
86,2110,"COLEGIO MAYOR DE ANTIOQUIA",2025,2,"Antiguo",3707,"PLANEACION Y DESARROLLO SOCIAL","Femenino",5001,"Antioquia","Medellín","Colombia","Urbana"
87,2110,"COLEGIO MAYOR DE ANTIOQUIA",2025,2,"Antiguo",3707,"PLANEACION Y DESARROLLO SOCIAL","Femenino",5001,"Antioquia","Medellín","Colombia","Urbana"
88,2110,"COLEGIO MAYOR DE ANTIOQUIA",2025,2,"Antiguo",3707,"PLANEACION Y DESARROLLO SOCIAL","Masculino",5001,"Antioquia","Medellín","Colombia","Urbana"
89,2110,"COLEGIO MAYOR DE ANTIOQUIA",2025,2,"Antiguo",3707,"PLANEACION Y DESARROLLO SOCIAL","Masculino",5001,"Antioquia","Medellín","Colombia","Urbana"
90,2110,"COLEGIO MAYOR DE ANTIOQUIA",2025,2,"Antiguo",3707,"PLANEACION Y DESARROLLO SOCIAL","Masculino",5001,"Antioquia","Medellín","Colombia","Urbana"
91,2110,"COLEGIO MAYOR DE ANTIOQUIA",2025,2,"Antiguo",3707,"PLANEACION Y DESARROLLO SOCIAL","Masculino",5001,"Antioquia","Medellín","Colombia","Urbana"
92,2110,"COLEGIO MAYOR DE ANTIOQUIA",2025,2,"Antiguo",3707,"PLANEACION Y DESARROLLO SOCIAL","Femenino",5001,"Antioquia","Medellín","Colombia","Urbana"
93,2110,"COLEGIO MAYOR DE ANTIOQUIA",2025,2,"Antiguo",3707,"PLANEACION Y DESARROLLO SOCIAL","Femenino",5001,"Antioquia","Medellín","Colombia","Urbana"
94,2110,"COLEGIO MAYOR DE ANTIOQUIA",2025,2,"Antiguo",3707,"PLANEACION Y DESARROLLO SOCIAL","Masculino",5001,"Antioquia","Medellín","Colombia","Urbana"
95,2110,"COLEGIO MAYOR DE ANTIOQUIA",2025,2,"Antiguo",3707,"PLANEACION Y DESARROLLO SOCIAL","Masculino",5001,"Huila","Neiva","Colombia","Urbana"
96,2110,"COLEGIO MAYOR DE ANTIOQUIA",2025,2,"Antiguo",3707,"PLANEACION Y DESARROLLO SOCIAL","Masculino",5001,"Antioquia","Medellín","Colombia","Urbana"
97,2110,"COLEGIO MAYOR DE ANTIOQUIA",2025,2,"Antiguo",3707,"PLANEACION Y DESARROLLO SOCIAL","Femenino",5001,"Antioquia","Bello","Colombia","Urbana"
98,2110,"COLEGIO MAYOR DE ANTIOQUIA",2025,2,"Antiguo",3707,"PLANEACION Y DESARROLLO SOCIAL","Femenino",5001,"Antioquia","Medellín","Colombia","Urbana"
99,2110,"COLEGIO MAYOR DE ANTIOQUIA",2025,2,"Antiguo",3707,"PLANEACION Y DESARROLLO SOCIAL","Femenino",5001,"Antioquia","Medellín","Colombia","Urbana"
100,2110,"COLEGIO MAYOR DE ANTIOQUIA",2025,2,"Antiguo",3707,"PLANEACION Y DESARROLLO SOCIAL","Femenino",5001,"Antioquia","Medellín","Colombia","Urbana"
101,2110,"COLEGIO MAYOR DE ANTIOQUIA",2025,2,"Antiguo",3707,"PLANEACION Y DESARROLLO SOCIAL","Masculino",5001,"Antioquia","San Carlos","Colombia","Urbana"
102,2110,"COLEGIO MAYOR DE ANTIOQUIA",2025,2,"Antiguo",3707,"PLANEACION Y DESARROLLO SOCIAL","Femenino",5001,"Antioquia","Medellín","Colombia","Urbana"
103,2110,"COLEGIO MAYOR DE ANTIOQUIA",2025,2,"Antiguo",3707,"PLANEACION Y DESARROLLO SOCIAL","Femenino",5001,"Antioquia","Medellín","Colombia","Urbana"
104,2110,"COLEGIO MAYOR DE ANTIOQUIA",2025,2,"Antiguo",3707,"PLANEACION Y DESARROLLO SOCIAL","Masculino",5001,"Antioquia","Medellín","Colombia","Urbana"
105,2110,"COLEGIO MAYOR DE ANTIOQUIA",2025,2,"Antiguo",3707,"PLANEACION Y DESARROLLO SOCIAL","Femenino",5001,"Antioquia","Medellín","Colombia","Urbana"
106,2110,"COLEGIO MAYOR DE ANTIOQUIA",2025,2,"Antiguo",3707,"PLANEACION Y DESARROLLO SOCIAL","Femenino",5001,"Antioquia","Itagüí","Colombia","Urbana"
107,2110,"COLEGIO MAYOR DE ANTIOQUIA",2025,2,"Antiguo",3707,"PLANEACION Y DESARROLLO SOCIAL","Femenino",5001,"Antioquia","Medellín","Colombia","Urbana"
108,2110,"COLEGIO MAYOR DE ANTIOQUIA",2025,2,"Antiguo",3707,"PLANEACION Y DESARROLLO SOCIAL","Femenino",5001,"Antioquia","San Luís","Colombia","Urbana"
109,2110,"COLEGIO MAYOR DE ANTIOQUIA",2025,2,"Antiguo",3707,"PLANEACION Y DESARROLLO SOCIAL","Femenino",5001,"Antioquia","Itagüí","Colombia","Urbana"
110,2110,"COLEGIO MAYOR DE ANTIOQUIA",2025,2,"Antiguo",3707,"PLANEACION Y DESARROLLO SOCIAL","Femenino",5001,"Antioquia","Medellín","Colombia","Urbana"
111,2110,"COLEGIO MAYOR DE ANTIOQUIA",2025,2,"Antiguo",3707,"PLANEACION Y DESARROLLO SOCIAL","Femenino",5001,"Antioquia","Medellín","Colombia","Urbana"
112,2110,"COLEGIO MAYOR DE ANTIOQUIA",2025,2,"Antiguo",3707,"PLANEACION Y DESARROLLO SOCIAL","Masculino",5001,"Antioquia","Medellín","Colombia","Urbana"
113,2110,"COLEGIO MAYOR DE ANTIOQUIA",2025,2,"Antiguo",3707,"PLANEACION Y DESARROLLO SOCIAL","Femenino",5001,"Antioquia","Medellín","Colombia","Urbana"
114,2110,"COLEGIO MAYOR DE ANTIOQUIA",2025,2,"Antiguo",3707,"PLANEACION Y DESARROLLO SOCIAL","Femenino",5001,"Antioquia","Medellín","Colombia","Urbana"
115,2110,"COLEGIO MAYOR DE ANTIOQUIA",2025,2,"Antiguo",3707,"PLANEACION Y DESARROLLO SOCIAL","Masculino",5001,"Antioquia","Medellín","Colombia","Urbana"
116,2110,"COLEGIO MAYOR DE ANTIOQUIA",2025,2,"Antiguo",3707,"PLANEACION Y DESARROLLO SOCIAL","Femenino",5001,"Antioquia","Medellín","Colombia","Urbana"
117,2110,"COLEGIO MAYOR DE ANTIOQUIA",2025,2,"Antiguo",3707,"PLANEACION Y DESARROLLO SOCIAL","Femenino",5001,"Antioquia","Medellín","Colombia","Urbana"
118,2110,"COLEGIO MAYOR DE ANTIOQUIA",2025,2,"Antiguo",3707,"PLANEACION Y DESARROLLO SOCIAL","Femenino",5001,"Antioquia","Medellín","Colombia","Urbana"
119,2110,"COLEGIO MAYOR DE ANTIOQUIA",2025,2,"Antiguo",3707,"PLANEACION Y DESARROLLO SOCIAL","Femenino",5001,"Antioquia","Medellín","Colombia","Urbana"
120,2110,"COLEGIO MAYOR DE ANTIOQUIA",2025,2,"Antiguo",3707,"PLANEACION Y DESARROLLO SOCIAL","Femenino",5001,"Antioquia","Medellín","Colombia","Urbana"
121,2110,"COLEGIO MAYOR DE ANTIOQUIA",2025,2,"Antiguo",3707,"PLANEACION Y DESARROLLO SOCIAL","Masculino",5001,"Antioquia","Medellín","Colombia","Urbana"
122,2110,"COLEGIO MAYOR DE ANTIOQUIA",2025,2,"Reingreso",3707,"PLANEACION Y DESARROLLO SOCIAL","Femenino",5001,"Antioquia","Sabaneta","Colombia","Urbana"
123,2110,"COLEGIO MAYOR DE ANTIOQUIA",2025,2,"Reingreso",3707,"PLANEACION Y DESARROLLO SOCIAL","Masculino",5001,"Antioquia","Medellín","Colombia","Urbana"
124,2110,"COLEGIO MAYOR DE ANTIOQUIA",2025,2,"Reingreso",3707,"PLANEACION Y DESARROLLO SOCIAL","Masculino",5001,"Antioquia","Medellín","Colombia","Urbana"
125,2110,"COLEGIO MAYOR DE ANTIOQUIA",2025,2,"Reingreso",3707,"PLANEACION Y DESARROLLO SOCIAL","Masculino",5001,"Antioquia","Medellín","Colombia","Urbana"
126,2110,"COLEGIO MAYOR DE ANTIOQUIA",2025,2,"Reingreso",3707,"PLANEACION Y DESARROLLO SOCIAL","Femenino",5001,"Antioquia","Medellín","Colombia","Urbana"
127,2110,"COLEGIO MAYOR DE ANTIOQUIA",2025,2,"Reingreso",3707,"PLANEACION Y DESARROLLO SOCIAL","Femenino",5001,"Antioquia","Medellín","Colombia","Urbana"
128,2110,"COLEGIO MAYOR DE ANTIOQUIA",2025,2,"Reintegro",3707,"PLANEACION Y DESARROLLO SOCIAL","Masculino",5001,"Antioquia","Medellín","Colombia","Urbana"
129,2110,"COLEGIO MAYOR DE ANTIOQUIA",2025,2,"Nuevo",3707,"PLANEACION Y DESARROLLO SOCIAL","Masculino",5001,"Antioquia","Medellín","Colombia","Urbana"
130,2110,"COLEGIO MAYOR DE ANTIOQUIA",2025,2,"Nuevo",3707,"PLANEACION Y DESARROLLO SOCIAL","Femenino",5001,"Antioquia","Medellín","Colombia","Urbana"
131,2110,"COLEGIO MAYOR DE ANTIOQUIA",2025,2,"Nuevo",3707,"PLANEACION Y DESARROLLO SOCIAL","Masculino",5001,"Antioquia","Santa Rosa de Osos","Colombia","Urbana"
132,2110,"COLEGIO MAYOR DE ANTIOQUIA",2025,2,"Nuevo",3707,"PLANEACION Y DESARROLLO SOCIAL","Femenino",5001,"Antioquia","Sabaneta","Colombia","Urbana"
133,2110,"COLEGIO MAYOR DE ANTIOQUIA",2025,2,"Nuevo",3707,"PLANEACION Y DESARROLLO SOCIAL","Femenino",5001,"Antioquia","Medellín","Colombia","Urbana"
134,2110,"COLEGIO MAYOR DE ANTIOQUIA",2025,2,"Nuevo",3707,"PLANEACION Y DESARROLLO SOCIAL","Masculino",5001,"Antioquia","Medellín","Colombia","Urbana"
135,2110,"COLEGIO MAYOR DE ANTIOQUIA",2025,2,"Nuevo",3707,"PLANEACION Y DESARROLLO SOCIAL","Masculino",5001,"Antioquia","Medellín","Colombia","Urbana"
136,2110,"COLEGIO MAYOR DE ANTIOQUIA",2025,2,"Nuevo",3707,"PLANEACION Y DESARROLLO SOCIAL","Femenino",5001,"Antioquia","Medellín","Colombia","Urbana"
137,2110,"COLEGIO MAYOR DE ANTIOQUIA",2025,2,"Nuevo",3707,"PLANEACION Y DESARROLLO SOCIAL","Femenino",5001,"Antioquia","Medellín","Colombia","Urbana"
138,2110,"COLEGIO MAYOR DE ANTIOQUIA",2025,2,"Nuevo",3707,"PLANEACION Y DESARROLLO SOCIAL","Masculino",5001,"Antioquia","Medellín","Colombia","Urbana"
139,2110,"COLEGIO MAYOR DE ANTIOQUIA",2025,2,"Nuevo",3707,"PLANEACION Y DESARROLLO SOCIAL","Femenino",5001,"Antioquia","Medellín","Colombia","Urbana"
140,2110,"COLEGIO MAYOR DE ANTIOQUIA",2025,2,"Nuevo",3707,"PLANEACION Y DESARROLLO SOCIAL","Masculino",5001,"Antioquia","Medellín","Colombia","Urbana"
141,2110,"COLEGIO MAYOR DE ANTIOQUIA",2025,2,"Nuevo",3707,"PLANEACION Y DESARROLLO SOCIAL","Masculino",5001,"Antioquia","Bello","Colombia","Urbana"
142,2110,"COLEGIO MAYOR DE ANTIOQUIA",2025,2,"Nuevo",3707,"PLANEACION Y DESARROLLO SOCIAL","Femenino",5001,"Antioquia","Medellín","Colombia","Urbana"
143,2110,"COLEGIO MAYOR DE ANTIOQUIA",2025,2,"Nuevo",3707,"PLANEACION Y DESARROLLO SOCIAL","Masculino",5001,"Antioquia","Medellín","Colombia","Urbana"
144,2110,"COLEGIO MAYOR DE ANTIOQUIA",2025,2,"Nuevo",3707,"PLANEACION Y DESARROLLO SOCIAL","Femenino",5001,"Antioquia","Medellín","Colombia","Urbana"
145,2110,"COLEGIO MAYOR DE ANTIOQUIA",2025,2,"Nuevo",3707,"PLANEACION Y DESARROLLO SOCIAL","Masculino",5001,"Antioquia","Medellín","Colombia","Urbana"
146,2110,"COLEGIO MAYOR DE ANTIOQUIA",2025,2,"Nuevo",3707,"PLANEACION Y DESARROLLO SOCIAL","Masculino",5001,"Antioquia","Medellín","Colombia","Urbana"
147,2110,"COLEGIO MAYOR DE ANTIOQUIA",2025,2,"Nuevo",3707,"PLANEACION Y DESARROLLO SOCIAL","Masculino",5001,"Antioquia","Medellín","Colombia","Urbana"
148,2110,"COLEGIO MAYOR DE ANTIOQUIA",2025,2,"Nuevo",3707,"PLANEACION Y DESARROLLO SOCIAL","Femenino",5001,"Antioquia","Medellín","Colombia","Urbana"
149,2110,"COLEGIO MAYOR DE ANTIOQUIA",2025,2,"Nuevo",3707,"PLANEACION Y DESARROLLO SOCIAL","Masculino",5001,"Antioquia","Medellín","Colombia","Urbana"
150,2110,"COLEGIO MAYOR DE ANTIOQUIA",2025,2,"Nuevo",3707,"PLANEACION Y DESARROLLO SOCIAL","Masculino",5001,"Antioquia","Medellín","Colombia","Urbana"
151,2110,"COLEGIO MAYOR DE ANTIOQUIA",2025,2,"Nuevo",3707,"PLANEACION Y DESARROLLO SOCIAL","Femenino",5001,"Antioquia","Medellín","Colombia","Urbana"
152,2110,"COLEGIO MAYOR DE ANTIOQUIA",2025,2,"Nuevo",3707,"PLANEACION Y DESARROLLO SOCIAL","Masculino",5001,"Antioquia","Medellín","Colombia","Urbana"
153,2110,"COLEGIO MAYOR DE ANTIOQUIA",2025,2,"Nuevo",3707,"PLANEACION Y DESARROLLO SOCIAL","Femenino",5001,"Antioquia","Medellín","Colombia","Urbana"
154,2110,"COLEGIO MAYOR DE ANTIOQUIA",2025,2,"Nuevo",3707,"PLANEACION Y DESARROLLO SOCIAL","Femenino",5001,"Antioquia","Medellín","Colombia","Urbana"
155,2110,"COLEGIO MAYOR DE ANTIOQUIA",2025,2,"Transferencia interna",3707,"PLANEACION Y DESARROLLO SOCIAL","Femenino",5001,"Antioquia","Medellín","Colombia","Urbana"
156,2110,"COLEGIO MAYOR DE ANTIOQUIA",2025,2,"Transferencia interna",3707,"PLANEACION Y DESARROLLO SOCIAL","Femenino",5001,"Antioquia","Medellín","Colombia","Urbana"
157,2110,"COLEGIO MAYOR DE ANTIOQUIA",2025,2,"Transferencia interna",3707,"PLANEACION Y DESARROLLO SOCIAL","Femenino",5001,"Antioquia","Medellín","Colombia","Urbana"
158,2110,"COLEGIO MAYOR DE ANTIOQUIA",2025,2,"Transferencia interna",3707,"PLANEACION Y DESARROLLO SOCIAL","Masculino",5001,"Antioquia","Medellín","Colombia","Urbana"
159,2110,"COLEGIO MAYOR DE ANTIOQUIA",2025,2,"Transferencia interna",3707,"PLANEACION Y DESARROLLO SOCIAL","Femenino",5001,"Antioquia","Medellín","Colombia","Urbana"
160,2110,"COLEGIO MAYOR DE ANTIOQUIA",2025,2,"Transferencia interna",3707,"PLANEACION Y DESARROLLO SOCIAL","Masculino",5001,"Antioquia","Medellín","Colombia","Urbana"
161,2110,"COLEGIO MAYOR DE ANTIOQUIA",2025,2,"Transferencia interna",3707,"PLANEACION Y DESARROLLO SOCIAL","Femenino",5001,"Antioquia","Medellín","Colombia","Urbana"
162,2110,"COLEGIO MAYOR DE ANTIOQUIA",2025,2,"Transferencia interna",3707,"PLANEACION Y DESARROLLO SOCIAL","Femenino",5001,"Antioquia","Medellín","Colombia","Urbana"
163,2110,"COLEGIO MAYOR DE ANTIOQUIA",2025,2,"Transferencia interna",3707,"PLANEACION Y DESARROLLO SOCIAL","Femenino",5001,"Antioquia","Medellín","Colombia","Urbana"
164,2110,"COLEGIO MAYOR DE ANTIOQUIA",2025,2,"Transferencia interna",3707,"PLANEACION Y DESARROLLO SOCIAL","Femenino",5001,"Antioquia","Medellín","Colombia","Urbana"
165,2110,"COLEGIO MAYOR DE ANTIOQUIA",2025,2,"Antiguo",3707,"PLANEACION Y DESARROLLO SOCIAL","Femenino",5001,"Antioquia","Medellín","Colombia","Urbana"
166,2110,"COLEGIO MAYOR DE ANTIOQUIA",2025,2,"Antiguo",3707,"PLANEACION Y DESARROLLO SOCIAL","Masculino",5001,"Antioquia","Medellín","Colombia","Urbana"
167,2110,"COLEGIO MAYOR DE ANTIOQUIA",2025,2,"Antiguo",3707,"PLANEACION Y DESARROLLO SOCIAL","Femenino",5001,"Antioquia","Medellín","Colombia","Urbana"
168,2110,"COLEGIO MAYOR DE ANTIOQUIA",2025,2,"Antiguo",3707,"PLANEACION Y DESARROLLO SOCIAL","Femenino",5001,"Antioquia","Medellín","Colombia","Urbana"
169,2110,"COLEGIO MAYOR DE ANTIOQUIA",2025,2,"Antiguo",3707,"PLANEACION Y DESARROLLO SOCIAL","Masculino",5001,"Antioquia","Medellín","Colombia","Urbana"
170,2110,"COLEGIO MAYOR DE ANTIOQUIA",2025,2,"Antiguo",3707,"PLANEACION Y DESARROLLO SOCIAL","Femenino",5001,"Antioquia","Medellín","Colombia","Urbana"
171,2110,"COLEGIO MAYOR DE ANTIOQUIA",2025,2,"Antiguo",3707,"PLANEACION Y DESARROLLO SOCIAL","Femenino",5001,"Antioquia","Medellín","Colombia","Urbana"
172,2110,"COLEGIO MAYOR DE ANTIOQUIA",2025,2,"Antiguo",3707,"PLANEACION Y DESARROLLO SOCIAL","Femenino",5001,"Antioquia","Medellín","Colombia","Urbana"
173,2110,"COLEGIO MAYOR DE ANTIOQUIA",2025,2,"Antiguo",3707,"PLANEACION Y DESARROLLO SOCIAL","Femenino",5001,"Antioquia","Bello","Colombia","Urbana"
174,2110,"COLEGIO MAYOR DE ANTIOQUIA",2025,2,"Antiguo",3707,"PLANEACION Y DESARROLLO SOCIAL","Femenino",5001,"Antioquia","Medellín","Colombia","Urbana"
175,2110,"COLEGIO MAYOR DE ANTIOQUIA",2025,2,"Antiguo",3707,"PLANEACION Y DESARROLLO SOCIAL","Femenino",5001,"Antioquia","Medellín","Colombia","Urbana"
176,2110,"COLEGIO MAYOR DE ANTIOQUIA",2025,2,"Antiguo",3707,"PLANEACION Y DESARROLLO SOCIAL","Masculino",5001,"Antioquia","Medellín","Colombia","Urbana"
177,2110,"COLEGIO MAYOR DE ANTIOQUIA",2025,2,"Antiguo",3707,"PLANEACION Y DESARROLLO SOCIAL","Femenino",5001,"Antioquia","Medellín","Colombia","Urbana"
178,2110,"COLEGIO MAYOR DE ANTIOQUIA",2025,2,"Antiguo",3707,"PLANEACION Y DESARROLLO SOCIAL","Femenino",5001,"Antioquia","Bello","Colombia","Urbana"
179,2110,"COLEGIO MAYOR DE ANTIOQUIA",2025,2,"Antiguo",3707,"PLANEACION Y DESARROLLO SOCIAL","Femenino",5001,"Antioquia","Medellín","Colombia","Urbana"
180,2110,"COLEGIO MAYOR DE ANTIOQUIA",2025,2,"Antiguo",3707,"PLANEACION Y DESARROLLO SOCIAL","Femenino",5001,"Antioquia","Medellín","Colombia","Urbana"
181,2110,"COLEGIO MAYOR DE ANTIOQUIA",2025,2,"Antiguo",3707,"PLANEACION Y DESARROLLO SOCIAL","Femenino",5001,"Antioquia","Medellín","Colombia","Urbana"
182,2110,"COLEGIO MAYOR DE ANTIOQUIA",2025,2,"Antiguo",3707,"PLANEACION Y DESARROLLO SOCIAL","Femenino",5001,"Antioquia","Medellín","Colombia","Urbana"
183,2110,"COLEGIO MAYOR DE ANTIOQUIA",2025,2,"Antiguo",3707,"PLANEACION Y DESARROLLO SOCIAL","Femenino",5001,"Antioquia","Medellín","Colombia","Urbana"
184,2110,"COLEGIO MAYOR DE ANTIOQUIA",2025,2,"Antiguo",3707,"PLANEACION Y DESARROLLO SOCIAL","Masculino",5001,"Antioquia","Medellín","Colombia","Urbana"
185,2110,"COLEGIO MAYOR DE ANTIOQUIA",2025,2,"Antiguo",3707,"PLANEACION Y DESARROLLO SOCIAL","Femenino",5001,"Antioquia","Medellín","Colombia","Urbana"
186,2110,"COLEGIO MAYOR DE ANTIOQUIA",2025,2,"Antiguo",3707,"PLANEACION Y DESARROLLO SOCIAL","Femenino",5001,"Antioquia","Medellín","Colombia","Urbana"
187,2110,"COLEGIO MAYOR DE ANTIOQUIA",2025,2,"Antiguo",3707,"PLANEACION Y DESARROLLO SOCIAL","Masculino",5001,"Antioquia","Medellín","Colombia","Urbana"
188,2110,"COLEGIO MAYOR DE ANTIOQUIA",2025,2,"Antiguo",3707,"PLANEACION Y DESARROLLO SOCIAL","Masculino",5001,"Antioquia","Medellín","Colombia","Urbana"
189,2110,"COLEGIO MAYOR DE ANTIOQUIA",2025,2,"Antiguo",3707,"PLANEACION Y DESARROLLO SOCIAL","Femenino",5001,"Antioquia","Medellín","Colombia","Urbana"
190,2110,"COLEGIO MAYOR DE ANTIOQUIA",2025,2,"Antiguo",3707,"PLANEACION Y DESARROLLO SOCIAL","Masculino",5001,"Antioquia","Medellín","Colombia","Urbana"
191,2110,"COLEGIO MAYOR DE ANTIOQUIA",2025,2,"Antiguo",3707,"PLANEACION Y DESARROLLO SOCIAL","Masculino",5001,"Antioquia","Medellín","Colombia","Urbana"
192,2110,"COLEGIO MAYOR DE ANTIOQUIA",2025,2,"Antiguo",3707,"PLANEACION Y DESARROLLO SOCIAL","Femenino",5001,"Antioquia","Bello","Colombia","Urbana"
193,2110,"COLEGIO MAYOR DE ANTIOQUIA",2025,2,"Antiguo",3707,"PLANEACION Y DESARROLLO SOCIAL","Femenino",5001,"Antioquia","Bello","Colombia","Urbana"
194,2110,"COLEGIO MAYOR DE ANTIOQUIA",2025,2,"Antiguo",3707,"PLANEACION Y DESARROLLO SOCIAL","Femenino",5001,"Antioquia","Medellín","Colombia","Urbana"
195,2110,"COLEGIO MAYOR DE ANTIOQUIA",2025,2,"Antiguo",3707,"PLANEACION Y DESARROLLO SOCIAL","Femenino",5001,"Antioquia","Medellín","Colombia","Urbana"
196,2110,"COLEGIO MAYOR DE ANTIOQUIA",2025,2,"Antiguo",3707,"PLANEACION Y DESARROLLO SOCIAL","Femenino",5001,"Antioquia","Medellín","Colombia","Urbana"
197,2110,"COLEGIO MAYOR DE ANTIOQUIA",2025,2,"Antiguo",3707,"PLANEACION Y DESARROLLO SOCIAL","Femenino",5001,"Antioquia","Medellín","Colombia","Urbana"
198,2110,"COLEGIO MAYOR DE ANTIOQUIA",2025,2,"Antiguo",3707,"PLANEACION Y DESARROLLO SOCIAL","Femenino",5001,"Antioquia","Medellín","Colombia","Urbana"
199,2110,"COLEGIO MAYOR DE ANTIOQUIA",2025,2,"Antiguo",3707,"PLANEACION Y DESARROLLO SOCIAL","Femenino",5001,"Antioquia","Medellín","Colombia","Urbana"
200,2110,"COLEGIO MAYOR DE ANTIOQUIA",2025,2,"Antiguo",3707,"PLANEACION Y DESARROLLO SOCIAL","Femenino",5001,"Antioquia","Medellín","Colombia","Urbana"
201,2110,"COLEGIO MAYOR DE ANTIOQUIA",2025,2,"Antiguo",3707,"PLANEACION Y DESARROLLO SOCIAL","Femenino",5001,"Antioquia","Medellín","Colombia","Urbana"
202,2110,"COLEGIO MAYOR DE ANTIOQUIA",2025,2,"Antiguo",3707,"PLANEACION Y DESARROLLO SOCIAL","Femenino",5001,"Antioquia","Medellín","Colombia","Urbana"
203,2110,"COLEGIO MAYOR DE ANTIOQUIA",2025,2,"Antiguo",3707,"PLANEACION Y DESARROLLO SOCIAL","Femenino",5001,"Antioquia","Medellín","Colombia","Urbana"
204,2110,"COLEGIO MAYOR DE ANTIOQUIA",2025,2,"Antiguo",3707,"PLANEACION Y DESARROLLO SOCIAL","Masculino",5001,"Antioquia","Medellín","Colombia","Urbana"
205,2110,"COLEGIO MAYOR DE ANTIOQUIA",2025,2,"Antiguo",3707,"PLANEACION Y DESARROLLO SOCIAL","Femenino",5001,"Antioquia","Medellín","Colombia","Urbana"
206,2110,"COLEGIO MAYOR DE ANTIOQUIA",2025,2,"Antiguo",3707,"PLANEACION Y DESARROLLO SOCIAL","Masculino",5001,"Antioquia","Medellín","Colombia","Urbana"
207,2110,"COLEGIO MAYOR DE ANTIOQUIA",2025,2,"Antiguo",3707,"PLANEACION Y DESARROLLO SOCIAL","Femenino",5001,"Antioquia","Medellín","Colombia","Urbana"
208,2110,"COLEGIO MAYOR DE ANTIOQUIA",2025,2,"Antiguo",3707,"PLANEACION Y DESARROLLO SOCIAL","Femenino",5001,"Antioquia","Medellín","Colombia","Urbana"
209,2110,"COLEGIO MAYOR DE ANTIOQUIA",2025,2,"Antiguo",3707,"PLANEACION Y DESARROLLO SOCIAL","Femenino",5001,"Antioquia","Medellín","Colombia","Urbana"
210,2110,"COLEGIO MAYOR DE ANTIOQUIA",2025,2,"Antiguo",3707,"PLANEACION Y DESARROLLO SOCIAL","Femenino",5001,"Antioquia","Medellín","Colombia","Urbana"
211,2110,"COLEGIO MAYOR DE ANTIOQUIA",2025,2,"Antiguo",3707,"PLANEACION Y DESARROLLO SOCIAL","Femenino",5001,"Antioquia","Medellín","Colombia","Urbana"
212,2110,"COLEGIO MAYOR DE ANTIOQUIA",2025,2,"Antiguo",3707,"PLANEACION Y DESARROLLO SOCIAL","Masculino",5001,"Antioquia","Medellín","Colombia","Urbana"
213,2110,"COLEGIO MAYOR DE ANTIOQUIA",2025,2,"Antiguo",3707,"PLANEACION Y DESARROLLO SOCIAL","Masculino",5001,"Antioquia","Medellín","Colombia","Urbana"
214,2110,"COLEGIO MAYOR DE ANTIOQUIA",2025,2,"Antiguo",3707,"PLANEACION Y DESARROLLO SOCIAL","Femenino",5001,"Antioquia","Medellín","Colombia","Urbana"
215,2110,"COLEGIO MAYOR DE ANTIOQUIA",2025,2,"Antiguo",3707,"PLANEACION Y DESARROLLO SOCIAL","Femenino",5001,"Antioquia","Medellín","Colombia","Urbana"
216,2110,"COLEGIO MAYOR DE ANTIOQUIA",2025,2,"Antiguo",3707,"PLANEACION Y DESARROLLO SOCIAL","Femenino",5001,"Antioquia","Medellín","Colombia","Urbana"
217,2110,"COLEGIO MAYOR DE ANTIOQUIA",2025,2,"Antiguo",3707,"PLANEACION Y DESARROLLO SOCIAL","Masculino",5001,"Antioquia","Medellín","Colombia","Urbana"
218,2110,"COLEGIO MAYOR DE ANTIOQUIA",2025,2,"Antiguo",3707,"PLANEACION Y DESARROLLO SOCIAL","Masculino",5001,"Antioquia","Medellín","Colombia","Urbana"
219,2110,"COLEGIO MAYOR DE ANTIOQUIA",2025,2,"Antiguo",3707,"PLANEACION Y DESARROLLO SOCIAL","Femenino",5001,"Antioquia","Medellín","Colombia","Urbana"
220,2110,"COLEGIO MAYOR DE ANTIOQUIA",2025,2,"Antiguo",3707,"PLANEACION Y DESARROLLO SOCIAL","Femenino",5001,"Antioquia","Medellín","Colombia","Urbana"
221,2110,"COLEGIO MAYOR DE ANTIOQUIA",2025,2,"Antiguo",3707,"PLANEACION Y DESARROLLO SOCIAL","Femenino",5001,"Antioquia","Medellín","Colombia","Urbana"
222,2110,"COLEGIO MAYOR DE ANTIOQUIA",2025,2,"Antiguo",3707,"PLANEACION Y DESARROLLO SOCIAL","Masculino",5001,"Antioquia","Medellín","Colombia","Urbana"
223,2110,"COLEGIO MAYOR DE ANTIOQUIA",2025,2,"Antiguo",3707,"PLANEACION Y DESARROLLO SOCIAL","Masculino",5001,"Antioquia","Medellín","Colombia","Urbana"
224,2110,"COLEGIO MAYOR DE ANTIOQUIA",2025,2,"Antiguo",3707,"PLANEACION Y DESARROLLO SOCIAL","Femenino",5001,"Antioquia","Medellín","Colombia","Urbana"
225,2110,"COLEGIO MAYOR DE ANTIOQUIA",2025,2,"Antiguo",3707,"PLANEACION Y DESARROLLO SOCIAL","Femenino",5001,"Bogotá D.C.","Bogotá D.C.","Colombia","Urbana"
226,2110,"COLEGIO MAYOR DE ANTIOQUIA",2025,2,"Antiguo",3707,"PLANEACION Y DESARROLLO SOCIAL","Masculino",5001,"Antioquia","Medellín","Colombia","Urbana"
227,2110,"COLEGIO MAYOR DE ANTIOQUIA",2025,2,"Antiguo",3707,"PLANEACION Y DESARROLLO SOCIAL","Femenino",5001,"Antioquia","Medellín","Colombia","Urbana"
228,2110,"COLEGIO MAYOR DE ANTIOQUIA",2025,2,"Antiguo",3707,"PLANEACION Y DESARROLLO SOCIAL","Masculino",5001,"Antioquia","Medellín","Colombia","Urbana"
229,2110,"COLEGIO MAYOR DE ANTIOQUIA",2025,2,"Antiguo",3707,"PLANEACION Y DESARROLLO SOCIAL","Masculino",5001,"Antioquia","Medellín","Colombia","Urbana"
230,2110,"COLEGIO MAYOR DE ANTIOQUIA",2025,2,"Antiguo",3707,"PLANEACION Y DESARROLLO SOCIAL","Femenino",5001,"Antioquia","Copacabana","Colombia","Urbana"
231,2110,"COLEGIO MAYOR DE ANTIOQUIA",2025,2,"Antiguo",3707,"PLANEACION Y DESARROLLO SOCIAL","Masculino",5001,"Antioquia","Medellín","Colombia","Urbana"
232,2110,"COLEGIO MAYOR DE ANTIOQUIA",2025,2,"Antiguo",3707,"PLANEACION Y DESARROLLO SOCIAL","Femenino",5001,"Antioquia","Medellín","Colombia","Urbana"
233,2110,"COLEGIO MAYOR DE ANTIOQUIA",2025,2,"Antiguo",3707,"PLANEACION Y DESARROLLO SOCIAL","Masculino",5001,"Antioquia","Medellín","Colombia","Urbana"
234,2110,"COLEGIO MAYOR DE ANTIOQUIA",2025,2,"Antiguo",3707,"PLANEACION Y DESARROLLO SOCIAL","Femenino",5001,"Antioquia","Medellín","Colombia","Urbana"
235,2110,"COLEGIO MAYOR DE ANTIOQUIA",2025,2,"Antiguo",3707,"PLANEACION Y DESARROLLO SOCIAL","Femenino",5001,"Antioquia","Medellín","Colombia","Urbana"
236,2110,"COLEGIO MAYOR DE ANTIOQUIA",2025,2,"Antiguo",3707,"PLANEACION Y DESARROLLO SOCIAL","Femenino",5001,"Antioquia","Bello","Colombia","Urbana"
237,2110,"COLEGIO MAYOR DE ANTIOQUIA",2025,2,"Antiguo",3707,"PLANEACION Y DESARROLLO SOCIAL","Femenino",5001,"Antioquia","Bello","Colombia","Urbana"
238,2110,"COLEGIO MAYOR DE ANTIOQUIA",2025,2,"Antiguo",3707,"PLANEACION Y DESARROLLO SOCIAL","Masculino",5001,"Antioquia","Medellín","Colombia","Urbana"
239,2110,"COLEGIO MAYOR DE ANTIOQUIA",2025,2,"Antiguo",3707,"PLANEACION Y DESARROLLO SOCIAL","Femenino",5001,"Antioquia","Medellín","Colombia","Urbana"
240,2110,"COLEGIO MAYOR DE ANTIOQUIA",2025,2,"Antiguo",3707,"PLANEACION Y DESARROLLO SOCIAL","Femenino",5001,"Antioquia","Medellín","Colombia","Urbana"
241,2110,"COLEGIO MAYOR DE ANTIOQUIA",2025,2,"Antiguo",3707,"PLANEACION Y DESARROLLO SOCIAL","Masculino",5001,"Antioquia","Medellín","Colombia","Urbana"
242,2110,"COLEGIO MAYOR DE ANTIOQUIA",2025,2,"Antiguo",3707,"PLANEACION Y DESARROLLO SOCIAL","Masculino",5001,"Antioquia","Bello","Colombia","Urbana"
243,2110,"COLEGIO MAYOR DE ANTIOQUIA",2025,2,"Antiguo",3707,"PLANEACION Y DESARROLLO SOCIAL","Femenino",5001,"Antioquia","Medellín","Colombia","Urbana"
244,2110,"COLEGIO MAYOR DE ANTIOQUIA",2025,2,"Antiguo",3707,"PLANEACION Y DESARROLLO SOCIAL","Masculino",5001,"Antioquia","Medellín","Colombia","Urbana"
245,2110,"COLEGIO MAYOR DE ANTIOQUIA",2025,2,"Antiguo",3707,"PLANEACION Y DESARROLLO SOCIAL","Femenino",5001,"Antioquia","Medellín","Colombia","Urbana"
246,2110,"COLEGIO MAYOR DE ANTIOQUIA",2025,2,"Antiguo",3707,"PLANEACION Y DESARROLLO SOCIAL","Femenino",5001,"Antioquia","Medellín","Colombia","Urbana"
247,2110,"COLEGIO MAYOR DE ANTIOQUIA",2025,2,"Antiguo",3707,"PLANEACION Y DESARROLLO SOCIAL","Femenino",5001,"Antioquia","Medellín","Colombia","Urbana"
248,2110,"COLEGIO MAYOR DE ANTIOQUIA",2025,2,"Antiguo",3707,"PLANEACION Y DESARROLLO SOCIAL","Femenino",5001,"Antioquia","Medellín","Colombia","Urbana"
249,2110,"COLEGIO MAYOR DE ANTIOQUIA",2025,2,"Antiguo",3707,"PLANEACION Y DESARROLLO SOCIAL","Masculino",5001,"Antioquia","Medellín","Colombia","Urbana"
250,2110,"COLEGIO MAYOR DE ANTIOQUIA",2025,2,"Antiguo",3707,"PLANEACION Y DESARROLLO SOCIAL","Femenino",5001,"Antioquia","Medellín","Colombia","Urbana"
251,2110,"COLEGIO MAYOR DE ANTIOQUIA",2025,2,"Antiguo",3707,"PLANEACION Y DESARROLLO SOCIAL","Femenino",5001,"Antioquia","Medellín","Colombia","Urbana"
252,2110,"COLEGIO MAYOR DE ANTIOQUIA",2025,2,"Antiguo",3707,"PLANEACION Y DESARROLLO SOCIAL","Femenino",5001,"Antioquia","Medellín","Colombia","Urbana"
253,2110,"COLEGIO MAYOR DE ANTIOQUIA",2025,2,"Antiguo",3707,"PLANEACION Y DESARROLLO SOCIAL","Femenino",5001,"Antioquia","Medellín","Colombia","Urbana"
254,2110,"COLEGIO MAYOR DE ANTIOQUIA",2025,2,"Antiguo",3707,"PLANEACION Y DESARROLLO SOCIAL","Femenino",5001,"Antioquia","Medellín","Colombia","Urbana"
255,2110,"COLEGIO MAYOR DE ANTIOQUIA",2025,2,"Antiguo",3707,"PLANEACION Y DESARROLLO SOCIAL","Femenino",5001,"Antioquia","Bello","Colombia","Urbana"
256,2110,"COLEGIO MAYOR DE ANTIOQUIA",2025,2,"Antiguo",3707,"PLANEACION Y DESARROLLO SOCIAL","Femenino",5001,"Antioquia","Copacabana","Colombia","Urbana"
257,2110,"COLEGIO MAYOR DE ANTIOQUIA",2025,2,"Antiguo",3707,"PLANEACION Y DESARROLLO SOCIAL","Femenino",5001,"Antioquia","Medellín","Colombia","Urbana"
258,2110,"COLEGIO MAYOR DE ANTIOQUIA",2025,2,"Antiguo",3707,"PLANEACION Y DESARROLLO SOCIAL","Femenino",5001,"Antioquia","Medellín","Colombia","Urbana"
259,2110,"COLEGIO MAYOR DE ANTIOQUIA",2025,2,"Antiguo",3707,"PLANEACION Y DESARROLLO SOCIAL","Masculino",5001,"Antioquia","Medellín","Colombia","Urbana"
260,2110,"COLEGIO MAYOR DE ANTIOQUIA",2025,2,"Antiguo",3707,"PLANEACION Y DESARROLLO SOCIAL","Femenino",5001,"Antioquia","Medellín","Colombia","Urbana"
261,2110,"COLEGIO MAYOR DE ANTIOQUIA",2025,2,"Antiguo",3707,"PLANEACION Y DESARROLLO SOCIAL","Femenino",5001,"Antioquia","Medellín","Colombia","Urbana"
262,2110,"COLEGIO MAYOR DE ANTIOQUIA",2025,2,"Antiguo",3707,"PLANEACION Y DESARROLLO SOCIAL","Masculino",5001,"Antioquia","Bello","Colombia","Urbana"
263,2110,"COLEGIO MAYOR DE ANTIOQUIA",2025,2,"Antiguo",3707,"PLANEACION Y DESARROLLO SOCIAL","Masculino",5001,"Antioquia","Medellín","Colombia","Urbana"
264,2110,"COLEGIO MAYOR DE ANTIOQUIA",2025,2,"Antiguo",3707,"PLANEACION Y DESARROLLO SOCIAL","Masculino",5001,"Antioquia","Medellín","Colombia","Urbana"
265,2110,"COLEGIO MAYOR DE ANTIOQUIA",2025,2,"Antiguo",3707,"PLANEACION Y DESARROLLO SOCIAL","Femenino",5001,"Antioquia","Medellín","Colombia","Urbana"
266,2110,"COLEGIO MAYOR DE ANTIOQUIA",2025,2,"Antiguo",3707,"PLANEACION Y DESARROLLO SOCIAL","Masculino",5001,"Antioquia","Envigado","Colombia","Urbana"
267,2110,"COLEGIO MAYOR DE ANTIOQUIA",2025,2,"Antiguo",3707,"PLANEACION Y DESARROLLO SOCIAL","Masculino",5001,"Antioquia","Medellín","Colombia","Urbana"
268,2110,"COLEGIO MAYOR DE ANTIOQUIA",2025,2,"Antiguo",3707,"PLANEACION Y DESARROLLO SOCIAL","Femenino",5001,"Antioquia","Medellín","Colombia","Urbana"
269,2110,"COLEGIO MAYOR DE ANTIOQUIA",2025,2,"Antiguo",3707,"PLANEACION Y DESARROLLO SOCIAL","Masculino",5001,"Antioquia","Medellín","Colombia","Urbana"
270,2110,"COLEGIO MAYOR DE ANTIOQUIA",2025,2,"Antiguo",3707,"PLANEACION Y DESARROLLO SOCIAL","Femenino",5001,"Antioquia","Medellín","Colombia","Urbana"
271,2110,"COLEGIO MAYOR DE ANTIOQUIA",2025,2,"Antiguo",3707,"PLANEACION Y DESARROLLO SOCIAL","Femenino",5001,"Antioquia","Medellín","Colombia","Urbana"
272,2110,"COLEGIO MAYOR DE ANTIOQUIA",2025,2,"Antiguo",3707,"PLANEACION Y DESARROLLO SOCIAL","Femenino",5001,"Antioquia","Medellín","Colombia","Urbana"
273,2110,"COLEGIO MAYOR DE ANTIOQUIA",2025,2,"Antiguo",3707,"PLANEACION Y DESARROLLO SOCIAL","Femenino",5001,"Antioquia","Medellín","Colombia","Urbana"
274,2110,"COLEGIO MAYOR DE ANTIOQUIA",2025,2,"Antiguo",3707,"PLANEACION Y DESARROLLO SOCIAL","Femenino",5001,"Antioquia","Medellín","Colombia","Urbana"
275,2110,"COLEGIO MAYOR DE ANTIOQUIA",2025,2,"Antiguo",3707,"PLANEACION Y DESARROLLO SOCIAL","Masculino",5001,"Antioquia","Medellín","Colombia","Urbana"
276,2110,"COLEGIO MAYOR DE ANTIOQUIA",2025,2,"Antiguo",3707,"PLANEACION Y DESARROLLO SOCIAL","Femenino",5001,"Antioquia","Medellín","Colombia","Urbana"
277,2110,"COLEGIO MAYOR DE ANTIOQUIA",2025,2,"Antiguo",3707,"PLANEACION Y DESARROLLO SOCIAL","Masculino",5001,"Antioquia","Medellín","Colombia","Urbana"
278,2110,"COLEGIO MAYOR DE ANTIOQUIA",2025,2,"Antiguo",3707,"PLANEACION Y DESARROLLO SOCIAL","Femenino",5001,"Antioquia","Medellín","Colombia","Urbana"
279,2110,"COLEGIO MAYOR DE ANTIOQUIA",2025,2,"Antiguo",3707,"PLANEACION Y DESARROLLO SOCIAL","Femenino",5001,"Antioquia","Medellín","Colombia","Urbana"
280,2110,"COLEGIO MAYOR DE ANTIOQUIA",2025,2,"Antiguo",3707,"PLANEACION Y DESARROLLO SOCIAL","Femenino",5001,"Antioquia","Medellín","Colombia","Urbana"
281,2110,"COLEGIO MAYOR DE ANTIOQUIA",2025,2,"Antiguo",3707,"PLANEACION Y DESARROLLO SOCIAL","Femenino",5001,"Antioquia","Medellín","Colombia","Urbana"
282,2110,"COLEGIO MAYOR DE ANTIOQUIA",2025,2,"Antiguo",3707,"PLANEACION Y DESARROLLO SOCIAL","Femenino",5001,"Antioquia","Medellín","Colombia","Urbana"
283,2110,"COLEGIO MAYOR DE ANTIOQUIA",2025,2,"Antiguo",3707,"PLANEACION Y DESARROLLO SOCIAL","Masculino",5001,"Antioquia","Medellín","Colombia","Urbana"
284,2110,"COLEGIO MAYOR DE ANTIOQUIA",2025,2,"Antiguo",3707,"PLANEACION Y DESARROLLO SOCIAL","Femenino",5001,"Antioquia","Medellín","Colombia","Urbana"
285,2110,"COLEGIO MAYOR DE ANTIOQUIA",2025,2,"Antiguo",3707,"PLANEACION Y DESARROLLO SOCIAL","Femenino",5001,"Antioquia","Medellín","Colombia","Urbana"
286,2110,"COLEGIO MAYOR DE ANTIOQUIA",2025,2,"Antiguo",3707,"PLANEACION Y DESARROLLO SOCIAL","Masculino",5001,"Antioquia","Medellín","Colombia","Urbana"
287,2110,"COLEGIO MAYOR DE ANTIOQUIA",2025,2,"Antiguo",3707,"PLANEACION Y DESARROLLO SOCIAL","Masculino",5001,"Antioquia","Medellín","Colombia","Urbana"
288,2110,"COLEGIO MAYOR DE ANTIOQUIA",2025,2,"Antiguo",3707,"PLANEACION Y DESARROLLO SOCIAL","Femenino",5001,"Antioquia","Medellín","Colombia","Urbana"
289,2110,"COLEGIO MAYOR DE ANTIOQUIA",2025,2,"Antiguo",3707,"PLANEACION Y DESARROLLO SOCIAL","Masculino",5001,"Antioquia","Medellín","Colombia","Urbana"
290,2110,"COLEGIO MAYOR DE ANTIOQUIA",2025,2,"Antiguo",3707,"PLANEACION Y DESARROLLO SOCIAL","Femenino",5001,"Antioquia","Medellín","Colombia","Urbana"
291,2110,"COLEGIO MAYOR DE ANTIOQUIA",2025,2,"Antiguo",3707,"PLANEACION Y DESARROLLO SOCIAL","Femenino",5001,"Antioquia","Medellín","Colombia","Urbana"
292,2110,"COLEGIO MAYOR DE ANTIOQUIA",2025,2,"Antiguo",3707,"PLANEACION Y DESARROLLO SOCIAL","Femenino",5001,"Antioquia","Medellín","Colombia","Urbana"
293,2110,"COLEGIO MAYOR DE ANTIOQUIA",2025,2,"Antiguo",3707,"PLANEACION Y DESARROLLO SOCIAL","Masculino",5001,"Antioquia","Medellín","Colombia","Urbana"
294,2110,"COLEGIO MAYOR DE ANTIOQUIA",2025,2,"Antiguo",3707,"PLANEACION Y DESARROLLO SOCIAL","Masculino",5001,"Antioquia","Medellín","Colombia","Urbana"
295,2110,"COLEGIO MAYOR DE ANTIOQUIA",2025,2,"Antiguo",3707,"PLANEACION Y DESARROLLO SOCIAL","Masculino",5001,"Antioquia","Medellín","Colombia","Urbana"
296,2110,"COLEGIO MAYOR DE ANTIOQUIA",2025,2,"Antiguo",3707,"PLANEACION Y DESARROLLO SOCIAL","Masculino",5001,"Antioquia","Medellín","Colombia","Urbana"
297,2110,"COLEGIO MAYOR DE ANTIOQUIA",2025,2,"Antiguo",3707,"PLANEACION Y DESARROLLO SOCIAL","Masculino",5001,"Antioquia","Medellín","Colombia","Urbana"
298,2110,"COLEGIO MAYOR DE ANTIOQUIA",2025,2,"Antiguo",3707,"PLANEACION Y DESARROLLO SOCIAL","Femenino",5001,"Antioquia","Medellín","Colombia","Urbana"
299,2110,"COLEGIO MAYOR DE ANTIOQUIA",2025,2,"Antiguo",3707,"PLANEACION Y DESARROLLO SOCIAL","Femenino",5001,"Antioquia","Medellín","Colombia","Urbana"
300,2110,"COLEGIO MAYOR DE ANTIOQUIA",2025,2,"Antiguo",3707,"PLANEACION Y DESARROLLO SOCIAL","Masculino",5001,"Antioquia","Medellín","Colombia","Urbana"
301,2110,"COLEGIO MAYOR DE ANTIOQUIA",2025,2,"Antiguo",3707,"PLANEACION Y DESARROLLO SOCIAL","Femenino",5001,"Antioquia","Medellín","Colombia","Urbana"
302,2110,"COLEGIO MAYOR DE ANTIOQUIA",2025,2,"Antiguo",3707,"PLANEACION Y DESARROLLO SOCIAL","Femenino",5001,"Antioquia","Medellín","Colombia","Urbana"
303,2110,"COLEGIO MAYOR DE ANTIOQUIA",2025,2,"Antiguo",3707,"PLANEACION Y DESARROLLO SOCIAL","Masculino",5001,"Antioquia","Medellín","Colombia","Urbana"
304,2110,"COLEGIO MAYOR DE ANTIOQUIA",2025,2,"Antiguo",3707,"PLANEACION Y DESARROLLO SOCIAL","Femenino",5001,"Antioquia","Medellín","Colombia","Urbana"
305,2110,"COLEGIO MAYOR DE ANTIOQUIA",2025,2,"Antiguo",3707,"PLANEACION Y DESARROLLO SOCIAL","Femenino",5001,"Antioquia","Medellín","Colombia","Urbana"
306,2110,"COLEGIO MAYOR DE ANTIOQUIA",2025,2,"Antiguo",3707,"PLANEACION Y DESARROLLO SOCIAL","Femenino",5001,"Antioquia","Medellín","Colombia","Urbana"
307,2110,"COLEGIO MAYOR DE ANTIOQUIA",2025,2,"Antiguo",3707,"PLANEACION Y DESARROLLO SOCIAL","Femenino",5001,"Antioquia","Medellín","Colombia","Urbana"
308,2110,"COLEGIO MAYOR DE ANTIOQUIA",2025,2,"Antiguo",3707,"PLANEACION Y DESARROLLO SOCIAL","Femenino",5001,"Antioquia","Medellín","Colombia","Urbana"
309,2110,"COLEGIO MAYOR DE ANTIOQUIA",2025,2,"Antiguo",3707,"PLANEACION Y DESARROLLO SOCIAL","Masculino",5001,"Antioquia","Medellín","Colombia","Urbana"
310,2110,"COLEGIO MAYOR DE ANTIOQUIA",2025,2,"Antiguo",3707,"PLANEACION Y DESARROLLO SOCIAL","Masculino",5001,"Antioquia","Medellín","Colombia","Urbana"
311,2110,"COLEGIO MAYOR DE ANTIOQUIA",2025,2,"Antiguo",3707,"PLANEACION Y DESARROLLO SOCIAL","Masculino",5001,"Antioquia","Medellín","Colombia","Urbana"
312,2110,"COLEGIO MAYOR DE ANTIOQUIA",2025,2,"Antiguo",3707,"PLANEACION Y DESARROLLO SOCIAL","Femenino",5001,"Antioquia","Medellín","Colombia","Urbana"
313,2110,"COLEGIO MAYOR DE ANTIOQUIA",2025,2,"Antiguo",3707,"PLANEACION Y DESARROLLO SOCIAL","Femenino",5001,"Antioquia","San Pedro de Urabá","Colombia","Urbana"
314,2110,"COLEGIO MAYOR DE ANTIOQUIA",2025,2,"Antiguo",3707,"PLANEACION Y DESARROLLO SOCIAL","Femenino",5001,"Antioquia","Medellín","Colombia","Urbana"
315,2110,"COLEGIO MAYOR DE ANTIOQUIA",2025,2,"Antiguo",3707,"PLANEACION Y DESARROLLO SOCIAL","Masculino",5001,"Antioquia","Medellín","Colombia","Urbana"
316,2110,"COLEGIO MAYOR DE ANTIOQUIA",2025,2,"Antiguo",3707,"PLANEACION Y DESARROLLO SOCIAL","Femenino",5001,"Antioquia","Vigía del Fuerte","Colombia","Urbana"
317,2110,"COLEGIO MAYOR DE ANTIOQUIA",2025,2,"Antiguo",3707,"PLANEACION Y DESARROLLO SOCIAL","Femenino",5001,"Antioquia","Medellín","Colombia","Urbana"
318,2110,"COLEGIO MAYOR DE ANTIOQUIA",2025,2,"Antiguo",3707,"PLANEACION Y DESARROLLO SOCIAL","Femenino",5001,"Antioquia","Medellín","Colombia","Urbana"
319,2110,"COLEGIO MAYOR DE ANTIOQUIA",2025,2,"Antiguo",3707,"PLANEACION Y DESARROLLO SOCIAL","Femenino",5001,"Antioquia","Medellín","Colombia","Urbana"
320,2110,"COLEGIO MAYOR DE ANTIOQUIA",2025,2,"Antiguo",3707,"PLANEACION Y DESARROLLO SOCIAL","Masculino",5001,"Antioquia","Medellín","Colombia","Urbana"
321,2110,"COLEGIO MAYOR DE ANTIOQUIA",2025,2,"Antiguo",3707,"PLANEACION Y DESARROLLO SOCIAL","Femenino",5001,"Antioquia","Briceño","Colombia","Urbana"
322,2110,"COLEGIO MAYOR DE ANTIOQUIA",2025,2,"Antiguo",3707,"PLANEACION Y DESARROLLO SOCIAL","Masculino",5001,"Antioquia","Medellín","Colombia","Urbana"
323,2110,"COLEGIO MAYOR DE ANTIOQUIA",2025,2,"Antiguo",3707,"PLANEACION Y DESARROLLO SOCIAL","Femenino",5001,"Antioquia","Medellín","Colombia","Urbana"
324,2110,"COLEGIO MAYOR DE ANTIOQUIA",2025,2,"Antiguo",3707,"PLANEACION Y DESARROLLO SOCIAL","Masculino",5001,"Antioquia","Medellín","Colombia","Urbana"
325,2110,"COLEGIO MAYOR DE ANTIOQUIA",2025,2,"Antiguo",3707,"PLANEACION Y DESARROLLO SOCIAL","Femenino",5001,"Antioquia","Medellín","Colombia","Urbana"
326,2110,"COLEGIO MAYOR DE ANTIOQUIA",2025,2,"Antiguo",3707,"PLANEACION Y DESARROLLO SOCIAL","Femenino",5001,"Antioquia","Medellín","Colombia","Urbana"
327,2110,"COLEGIO MAYOR DE ANTIOQUIA",2025,2,"Antiguo",3707,"PLANEACION Y DESARROLLO SOCIAL","Masculino",5001,"Antioquia","Medellín","Colombia","Urbana"
328,2110,"COLEGIO MAYOR DE ANTIOQUIA",2025,2,"Antiguo",3707,"PLANEACION Y DESARROLLO SOCIAL","Masculino",5001,"Antioquia","Envigado","Colombia","Urbana"
329,2110,"COLEGIO MAYOR DE ANTIOQUIA",2025,2,"Antiguo",3707,"PLANEACION Y DESARROLLO SOCIAL","Femenino",5001,"Antioquia","Medellín","Colombia","Urbana"
330,2110,"COLEGIO MAYOR DE ANTIOQUIA",2025,2,"Antiguo",3707,"PLANEACION Y DESARROLLO SOCIAL","Femenino",5001,"Antioquia","Medellín","Colombia","Urbana"
331,2110,"COLEGIO MAYOR DE ANTIOQUIA",2025,2,"Antiguo",3707,"PLANEACION Y DESARROLLO SOCIAL","Femenino",5001,"Antioquia","Medellín","Colombia","Urbana"
332,2110,"COLEGIO MAYOR DE ANTIOQUIA",2025,2,"Antiguo",3707,"PLANEACION Y DESARROLLO SOCIAL","Femenino",5001,"Antioquia","Medellín","Colombia","Urbana"
333,2110,"COLEGIO MAYOR DE ANTIOQUIA",2025,2,"Antiguo",3707,"PLANEACION Y DESARROLLO SOCIAL","Femenino",5001,"Antioquia","Medellín","Colombia","Urbana"
334,2110,"COLEGIO MAYOR DE ANTIOQUIA",2025,2,"Antiguo",3707,"PLANEACION Y DESARROLLO SOCIAL","Masculino",5001,"Antioquia","Medellín","Colombia","Urbana"
335,2110,"COLEGIO MAYOR DE ANTIOQUIA",2025,2,"Antiguo",3707,"PLANEACION Y DESARROLLO SOCIAL","Masculino",5001,"Antioquia","Medellín","Colombia","Urbana"
336,2110,"COLEGIO MAYOR DE ANTIOQUIA",2025,2,"Antiguo",3707,"PLANEACION Y DESARROLLO SOCIAL","Femenino",5001,"Antioquia","Medellín","Colombia","Urbana"
337,2110,"COLEGIO MAYOR DE ANTIOQUIA",2025,2,"Antiguo",3707,"PLANEACION Y DESARROLLO SOCIAL","Femenino",5001,"Antioquia","Medellín","Colombia","Urbana"
338,2110,"COLEGIO MAYOR DE ANTIOQUIA",2025,2,"Antiguo",3707,"PLANEACION Y DESARROLLO SOCIAL","Masculino",5001,"Antioquia","Medellín","Colombia","Urbana"
339,2110,"COLEGIO MAYOR DE ANTIOQUIA",2025,2,"Antiguo",3707,"PLANEACION Y DESARROLLO SOCIAL","Femenino",5001,"Antioquia","Medellín","Colombia","Urbana"
340,2110,"COLEGIO MAYOR DE ANTIOQUIA",2025,2,"Antiguo",3707,"PLANEACION Y DESARROLLO SOCIAL","Femenino",5001,"Antioquia","Medellín","Colombia","Urbana"
341,2110,"COLEGIO MAYOR DE ANTIOQUIA",2025,2,"Antiguo",3707,"PLANEACION Y DESARROLLO SOCIAL","Femenino",5001,"Antioquia","Medellín","Colombia","Urbana"
342,2110,"COLEGIO MAYOR DE ANTIOQUIA",2025,2,"Antiguo",3707,"PLANEACION Y DESARROLLO SOCIAL","Femenino",5001,"Antioquia","Medellín","Colombia","Urbana"
343,2110,"COLEGIO MAYOR DE ANTIOQUIA",2025,2,"Antiguo",3707,"PLANEACION Y DESARROLLO SOCIAL","Femenino",5001,"Antioquia","Medellín","Colombia","Urbana"
344,2110,"COLEGIO MAYOR DE ANTIOQUIA",2025,2,"Antiguo",3707,"PLANEACION Y DESARROLLO SOCIAL","Femenino",5001,"Antioquia","Medellín","Colombia","Urbana"
345,2110,"COLEGIO MAYOR DE ANTIOQUIA",2025,2,"Antiguo",3707,"PLANEACION Y DESARROLLO SOCIAL","Femenino",5001,"Antioquia","Medellín","Colombia","Urbana"
346,2110,"COLEGIO MAYOR DE ANTIOQUIA",2025,2,"Antiguo",3707,"PLANEACION Y DESARROLLO SOCIAL","Femenino",5001,"Antioquia","Medellín","Colombia","Urbana"
347,2110,"COLEGIO MAYOR DE ANTIOQUIA",2025,2,"Antiguo",3707,"PLANEACION Y DESARROLLO SOCIAL","Femenino",5001,"Antioquia","Medellín","Colombia","Urbana"
348,2110,"COLEGIO MAYOR DE ANTIOQUIA",2025,2,"Antiguo",3707,"PLANEACION Y DESARROLLO SOCIAL","Femenino",5001,"Antioquia","Medellín","Colombia","Urbana"
349,2110,"COLEGIO MAYOR DE ANTIOQUIA",2025,2,"Antiguo",3707,"PLANEACION Y DESARROLLO SOCIAL","Femenino",5001,"Antioquia","Medellín","Colombia","Urbana"
350,2110,"COLEGIO MAYOR DE ANTIOQUIA",2025,2,"Antiguo",3707,"PLANEACION Y DESARROLLO SOCIAL","Masculino",5001,"Antioquia","Medellín","Colombia","Urbana"
351,2110,"COLEGIO MAYOR DE ANTIOQUIA",2025,2,"Antiguo",3707,"PLANEACION Y DESARROLLO SOCIAL","Femenino",5001,"Antioquia","Medellín","Colombia","Urbana"
352,2110,"COLEGIO MAYOR DE ANTIOQUIA",2025,2,"Antiguo",3707,"PLANEACION Y DESARROLLO SOCIAL","Femenino",5001,"Antioquia","Medellín","Colombia","Urbana"
353,2110,"COLEGIO MAYOR DE ANTIOQUIA",2025,2,"Antiguo",3707,"PLANEACION Y DESARROLLO SOCIAL","Femenino",5001,"Antioquia","Medellín","Colombia","Urbana"
354,2110,"COLEGIO MAYOR DE ANTIOQUIA",2025,2,"Antiguo",3707,"PLANEACION Y DESARROLLO SOCIAL","Femenino",5001,"Antioquia","Medellín","Colombia","Urbana"
355,2110,"COLEGIO MAYOR DE ANTIOQUIA",2025,2,"Antiguo",3707,"PLANEACION Y DESARROLLO SOCIAL","Masculino",5001,"Antioquia","Medellín","Colombia","Urbana"
356,2110,"COLEGIO MAYOR DE ANTIOQUIA",2025,2,"Antiguo",3707,"PLANEACION Y DESARROLLO SOCIAL","Femenino",5001,"Antioquia","Medellín","Colombia","Urbana"
357,2110,"COLEGIO MAYOR DE ANTIOQUIA",2025,2,"Antiguo",3707,"PLANEACION Y DESARROLLO SOCIAL","Femenino",5001,"Antioquia","Medellín","Colombia","Urbana"
358,2110,"COLEGIO MAYOR DE ANTIOQUIA",2025,2,"Antiguo",3707,"PLANEACION Y DESARROLLO SOCIAL","Femenino",5001,"Antioquia","Medellín","Colombia","Urbana"
359,2110,"COLEGIO MAYOR DE ANTIOQUIA",2025,2,"Antiguo",3707,"PLANEACION Y DESARROLLO SOCIAL","Femenino",5001,"Antioquia","Medellín","Colombia","Urbana"
360,2110,"COLEGIO MAYOR DE ANTIOQUIA",2025,2,"Antiguo",3707,"PLANEACION Y DESARROLLO SOCIAL","Femenino",5001,"Antioquia","Medellín","Colombia","Urbana"
361,2110,"COLEGIO MAYOR DE ANTIOQUIA",2025,2,"Antiguo",3707,"PLANEACION Y DESARROLLO SOCIAL","Femenino",5001,"Antioquia","Medellín","Colombia","Urbana"
362,2110,"COLEGIO MAYOR DE ANTIOQUIA",2025,2,"Antiguo",3707,"PLANEACION Y DESARROLLO SOCIAL","Masculino",5001,"Antioquia","Medellín","Colombia","Urbana"
363,2110,"COLEGIO MAYOR DE ANTIOQUIA",2025,2,"Antiguo",3707,"PLANEACION Y DESARROLLO SOCIAL","Femenino",5001,"Antioquia","Medellín","Colombia","Urbana"
364,2110,"COLEGIO MAYOR DE ANTIOQUIA",2025,2,"Antiguo",3707,"PLANEACION Y DESARROLLO SOCIAL","Masculino",5001,"Antioquia","Medellín","Colombia","Urbana"
365,2110,"COLEGIO MAYOR DE ANTIOQUIA",2025,2,"Antiguo",3707,"PLANEACION Y DESARROLLO SOCIAL","Femenino",5001,"Antioquia","Medellín","Colombia","Urbana"
366,2110,"COLEGIO MAYOR DE ANTIOQUIA",2025,2,"Antiguo",3707,"PLANEACION Y DESARROLLO SOCIAL","Masculino",5001,"Antioquia","Medellín","Colombia","Urbana"
367,2110,"COLEGIO MAYOR DE ANTIOQUIA",2025,2,"Antiguo",3707,"PLANEACION Y DESARROLLO SOCIAL","Femenino",5001,"Antioquia","Medellín","Colombia","Urbana"
368,2110,"COLEGIO MAYOR DE ANTIOQUIA",2025,2,"Antiguo",3707,"PLANEACION Y DESARROLLO SOCIAL","Femenino",5001,"Antioquia","Medellín","Colombia","Urbana"
369,2110,"COLEGIO MAYOR DE ANTIOQUIA",2025,2,"Antiguo",3707,"PLANEACION Y DESARROLLO SOCIAL","Femenino",5001,"Antioquia","Medellín","Colombia","Urbana"
370,2110,"COLEGIO MAYOR DE ANTIOQUIA",2025,2,"Antiguo",3707,"PLANEACION Y DESARROLLO SOCIAL","Femenino",5001,"Antioquia","Medellín","Colombia","Urbana"
371,2110,"COLEGIO MAYOR DE ANTIOQUIA",2025,2,"Antiguo",3707,"PLANEACION Y DESARROLLO SOCIAL","Masculino",5001,"Antioquia","Medellín","Colombia","Urbana"
372,2110,"COLEGIO MAYOR DE ANTIOQUIA",2025,2,"Antiguo",3707,"PLANEACION Y DESARROLLO SOCIAL","Femenino",5001,"Antioquia","Medellín","Colombia","Urbana"
373,2110,"COLEGIO MAYOR DE ANTIOQUIA",2025,2,"Antiguo",3707,"PLANEACION Y DESARROLLO SOCIAL","Femenino",5001,"Antioquia","Medellín","Colombia","Urbana"
374,2110,"COLEGIO MAYOR DE ANTIOQUIA",2025,2,"Antiguo",3707,"PLANEACION Y DESARROLLO SOCIAL","Femenino",5001,"Antioquia","Medellín","Colombia","Urbana"
375,2110,"COLEGIO MAYOR DE ANTIOQUIA",2025,2,"Antiguo",3707,"PLANEACION Y DESARROLLO SOCIAL","Femenino",5001,"Antioquia","Medellín","Colombia","Urbana"
376,2110,"COLEGIO MAYOR DE ANTIOQUIA",2025,2,"Antiguo",3707,"PLANEACION Y DESARROLLO SOCIAL","Masculino",5001,"Antioquia","Medellín","Colombia","Urbana"
377,2110,"COLEGIO MAYOR DE ANTIOQUIA",2025,2,"Antiguo",3707,"PLANEACION Y DESARROLLO SOCIAL","Masculino",5001,"Antioquia","Medellín","Colombia","Urbana"
378,2110,"COLEGIO MAYOR DE ANTIOQUIA",2025,2,"Antiguo",3707,"PLANEACION Y DESARROLLO SOCIAL","Femenino",5001,"Antioquia","Medellín","Colombia","Urbana"
379,2110,"COLEGIO MAYOR DE ANTIOQUIA",2025,2,"Antiguo",3707,"PLANEACION Y DESARROLLO SOCIAL","Masculino",5001,"Antioquia","Bello","Colombia","Urbana"
380,2110,"COLEGIO MAYOR DE ANTIOQUIA",2025,2,"Antiguo",3707,"PLANEACION Y DESARROLLO SOCIAL","Femenino",5001,"Antioquia","Medellín","Colombia","Urbana"
381,2110,"COLEGIO MAYOR DE ANTIOQUIA",2025,2,"Antiguo",3707,"PLANEACION Y DESARROLLO SOCIAL","Femenino",5001,"Antioquia","Medellín","Colombia","Urbana"
382,2110,"COLEGIO MAYOR DE ANTIOQUIA",2025,2,"Antiguo",3707,"PLANEACION Y DESARROLLO SOCIAL","Femenino",5001,"Antioquia","Medellín","Colombia","Urbana"
383,2110,"COLEGIO MAYOR DE ANTIOQUIA",2025,2,"Antiguo",3707,"PLANEACION Y DESARROLLO SOCIAL","Femenino",5001,"Antioquia","Medellín","Colombia","Urbana"
384,2110,"COLEGIO MAYOR DE ANTIOQUIA",2025,2,"Antiguo",3707,"PLANEACION Y DESARROLLO SOCIAL","Femenino",5001,"Antioquia","Medellín","Colombia","Urbana"
385,2110,"COLEGIO MAYOR DE ANTIOQUIA",2025,2,"Antiguo",3707,"PLANEACION Y DESARROLLO SOCIAL","Masculino",5001,"Antioquia","Medellín","Colombia","Urbana"
386,2110,"COLEGIO MAYOR DE ANTIOQUIA",2025,2,"Antiguo",3707,"PLANEACION Y DESARROLLO SOCIAL","Femenino",5001,"Antioquia","Medellín","Colombia","Urbana"
387,2110,"COLEGIO MAYOR DE ANTIOQUIA",2025,2,"Antiguo",3707,"PLANEACION Y DESARROLLO SOCIAL","Masculino",5001,"Antioquia","Medellín","Colombia","Urbana"
388,2110,"COLEGIO MAYOR DE ANTIOQUIA",2025,2,"Antiguo",3707,"PLANEACION Y DESARROLLO SOCIAL","Femenino",5001,"Antioquia","Medellín","Colombia","Urbana"
389,2110,"COLEGIO MAYOR DE ANTIOQUIA",2025,2,"Antiguo",3707,"PLANEACION Y DESARROLLO SOCIAL","Femenino",5001,"Antioquia","Medellín","Colombia","Urbana"
390,2110,"COLEGIO MAYOR DE ANTIOQUIA",2025,2,"Antiguo",3707,"PLANEACION Y DESARROLLO SOCIAL","Masculino",5001,"Antioquia","Medellín","Colombia","Urbana"
391,2110,"COLEGIO MAYOR DE ANTIOQUIA",2025,2,"Antiguo",3707,"PLANEACION Y DESARROLLO SOCIAL","Femenino",5001,"Antioquia","Medellín","Colombia","Urbana"
392,2110,"COLEGIO MAYOR DE ANTIOQUIA",2025,2,"Antiguo",3707,"PLANEACION Y DESARROLLO SOCIAL","Masculino",5001,"Antioquia","Medellín","Colombia","Urbana"
393,2110,"COLEGIO MAYOR DE ANTIOQUIA",2025,2,"Antiguo",3707,"PLANEACION Y DESARROLLO SOCIAL","Femenino",5001,"Antioquia","Medellín","Colombia","Urbana"
394,2110,"COLEGIO MAYOR DE ANTIOQUIA",2025,2,"Antiguo",3707,"PLANEACION Y DESARROLLO SOCIAL","Femenino",5001,"Antioquia","Medellín","Colombia","Urbana"
395,2110,"COLEGIO MAYOR DE ANTIOQUIA",2025,2,"Antiguo",3707,"PLANEACION Y DESARROLLO SOCIAL","Masculino",5001,"Antioquia","Medellín","Colombia","Urbana"
396,2110,"COLEGIO MAYOR DE ANTIOQUIA",2025,2,"Antiguo",3707,"PLANEACION Y DESARROLLO SOCIAL","Masculino",5001,"Antioquia","Medellín","Colombia","Urbana"
397,2110,"COLEGIO MAYOR DE ANTIOQUIA",2025,2,"Antiguo",3707,"PLANEACION Y DESARROLLO SOCIAL","Femenino",5001,"Antioquia","Medellín","Colombia","Urbana"
398,2110,"COLEGIO MAYOR DE ANTIOQUIA",2025,2,"Antiguo",3707,"PLANEACION Y DESARROLLO SOCIAL","Femenino",5001,"Antioquia","Medellín","Colombia","Urbana"
399,2110,"COLEGIO MAYOR DE ANTIOQUIA",2025,2,"Reingreso",3707,"PLANEACION Y DESARROLLO SOCIAL","Femenino",5001,"Antioquia","Medellín","Colombia","Urbana"
400,2110,"COLEGIO MAYOR DE ANTIOQUIA",2025,2,"Reingreso",3707,"PLANEACION Y DESARROLLO SOCIAL","Femenino",5001,"Antioquia","Medellín","Colombia","Urbana"
401,2110,"COLEGIO MAYOR DE ANTIOQUIA",2025,2,"Reingreso",3707,"PLANEACION Y DESARROLLO SOCIAL","Femenino",5001,"Antioquia","Medellín","Colombia","Urbana"
402,2110,"COLEGIO MAYOR DE ANTIOQUIA",2025,2,"Reingreso",3707,"PLANEACION Y DESARROLLO SOCIAL","Masculino",5001,"Antioquia","Sabaneta","Colombia","Urbana"
403,2110,"COLEGIO MAYOR DE ANTIOQUIA",2025,2,"Reingreso",3707,"PLANEACION Y DESARROLLO SOCIAL","Masculino",5001,"Antioquia","Medellín","Colombia","Urbana"
404,2110,"COLEGIO MAYOR DE ANTIOQUIA",2025,2,"Reintegro",3707,"PLANEACION Y DESARROLLO SOCIAL","Masculino",5001,"Antioquia","Medellín","Colombia","Urbana"
405,2110,"COLEGIO MAYOR DE ANTIOQUIA",2025,2,"Reingreso",102329,"TECNOLOGIA EN GESTION COMUNITARIA","Masculino",5001,"Antioquia","Medellín","Colombia","Urbana"
406,2110,"COLEGIO MAYOR DE ANTIOQUIA",2025,2,"Nuevo",102329,"TECNOLOGIA EN GESTION COMUNITARIA","Femenino",5001,"Antioquia","Medellín","Colombia","Urbana"
407,2110,"COLEGIO MAYOR DE ANTIOQUIA",2025,2,"Nuevo",102329,"TECNOLOGIA EN GESTION COMUNITARIA","Femenino",5001,"Antioquia","Medellín","Colombia","Urbana"
408,2110,"COLEGIO MAYOR DE ANTIOQUIA",2025,2,"Nuevo",102329,"TECNOLOGIA EN GESTION COMUNITARIA","Femenino",5001,"Antioquia","Medellín","Colombia","Urbana"
409,2110,"COLEGIO MAYOR DE ANTIOQUIA",2025,2,"Nuevo",102329,"TECNOLOGIA EN GESTION COMUNITARIA","Femenino",5001,"Antioquia","Bello","Colombia","Urbana"
410,2110,"COLEGIO MAYOR DE ANTIOQUIA",2025,2,"Nuevo",102329,"TECNOLOGIA EN GESTION COMUNITARIA","Masculino",5001,"Antioquia","Sabaneta","Colombia","Urbana"
411,2110,"COLEGIO MAYOR DE ANTIOQUIA",2025,2,"Nuevo",102329,"TECNOLOGIA EN GESTION COMUNITARIA","Femenino",5001,"Antioquia","Medellín","Colombia","Urbana"
412,2110,"COLEGIO MAYOR DE ANTIOQUIA",2025,2,"Nuevo",102329,"TECNOLOGIA EN GESTION COMUNITARIA","Femenino",5001,"Antioquia","Medellín","Colombia","Urbana"
413,2110,"COLEGIO MAYOR DE ANTIOQUIA",2025,2,"Nuevo",102329,"TECNOLOGIA EN GESTION COMUNITARIA","Masculino",5001,"Antioquia","Medellín","Colombia","Urbana"
414,2110,"COLEGIO MAYOR DE ANTIOQUIA",2025,2,"Nuevo",102329,"TECNOLOGIA EN GESTION COMUNITARIA","Masculino",5001,"Antioquia","Medellín","Colombia","Urbana"
415,2110,"COLEGIO MAYOR DE ANTIOQUIA",2025,2,"Nuevo",102329,"TECNOLOGIA EN GESTION COMUNITARIA","Femenino",5001,"Antioquia","Medellín","Colombia","Urbana"
416,2110,"COLEGIO MAYOR DE ANTIOQUIA",2025,2,"Nuevo",102329,"TECNOLOGIA EN GESTION COMUNITARIA","Masculino",5001,"Antioquia","Medellín","Colombia","Urbana"
417,2110,"COLEGIO MAYOR DE ANTIOQUIA",2025,2,"Nuevo",102329,"TECNOLOGIA EN GESTION COMUNITARIA","Masculino",5001,"Antioquia","Medellín","Colombia","Urbana"
418,2110,"COLEGIO MAYOR DE ANTIOQUIA",2025,2,"Nuevo",102329,"TECNOLOGIA EN GESTION COMUNITARIA","Femenino",5001,"Antioquia","Medellín","Colombia","Urbana"
419,2110,"COLEGIO MAYOR DE ANTIOQUIA",2025,2,"Nuevo",102329,"TECNOLOGIA EN GESTION COMUNITARIA","Femenino",5001,"Antioquia","Medellín","Colombia","Urbana"
420,2110,"COLEGIO MAYOR DE ANTIOQUIA",2025,2,"Nuevo",102329,"TECNOLOGIA EN GESTION COMUNITARIA","Masculino",5001,"Antioquia","Medellín","Colombia","Urbana"
421,2110,"COLEGIO MAYOR DE ANTIOQUIA",2025,2,"Antiguo",102329,"TECNOLOGIA EN GESTION COMUNITARIA","Femenino",5001,"Antioquia","Medellín","Colombia","Urbana"
422,2110,"COLEGIO MAYOR DE ANTIOQUIA",2025,2,"Antiguo",102329,"TECNOLOGIA EN GESTION COMUNITARIA","Femenino",5001,"Antioquia","Medellín","Colombia","Urbana"
423,2110,"COLEGIO MAYOR DE ANTIOQUIA",2025,2,"Antiguo",102329,"TECNOLOGIA EN GESTION COMUNITARIA","Femenino",5001,"Antioquia","Medellín","Colombia","Urbana"
424,2110,"COLEGIO MAYOR DE ANTIOQUIA",2025,2,"Antiguo",102329,"TECNOLOGIA EN GESTION COMUNITARIA","Masculino",5001,"Antioquia","Medellín","Colombia","Urbana"
425,2110,"COLEGIO MAYOR DE ANTIOQUIA",2025,2,"Antiguo",102329,"TECNOLOGIA EN GESTION COMUNITARIA","Femenino",5001,"Antioquia","Medellín","Colombia","Urbana"
426,2110,"COLEGIO MAYOR DE ANTIOQUIA",2025,2,"Antiguo",102329,"TECNOLOGIA EN GESTION COMUNITARIA","Femenino",5001,"Antioquia","Medellín","Colombia","Urbana"
427,2110,"COLEGIO MAYOR DE ANTIOQUIA",2025,2,"Antiguo",102329,"TECNOLOGIA EN GESTION COMUNITARIA","Femenino",5001,"Antioquia","Medellín","Colombia","Urbana"
428,2110,"COLEGIO MAYOR DE ANTIOQUIA",2025,2,"Antiguo",102329,"TECNOLOGIA EN GESTION COMUNITARIA","Femenino",5001,"Antioquia","Medellín","Colombia","Urbana"
429,2110,"COLEGIO MAYOR DE ANTIOQUIA",2025,2,"Antiguo",102329,"TECNOLOGIA EN GESTION COMUNITARIA","Femenino",5001,"Antioquia","Medellín","Colombia","Urbana"
430,2110,"COLEGIO MAYOR DE ANTIOQUIA",2025,2,"Antiguo",102329,"TECNOLOGIA EN GESTION COMUNITARIA","Femenino",5001,"Antioquia","Medellín","Colombia","Urbana"
431,2110,"COLEGIO MAYOR DE ANTIOQUIA",2025,2,"Antiguo",102329,"TECNOLOGIA EN GESTION COMUNITARIA","Femenino",5001,"Antioquia","Medellín","Colombia","Urbana"
432,2110,"COLEGIO MAYOR DE ANTIOQUIA",2025,2,"Antiguo",102329,"TECNOLOGIA EN GESTION COMUNITARIA","Femenino",5001,"Antioquia","Medellín","Colombia","Urbana"
433,2110,"COLEGIO MAYOR DE ANTIOQUIA",2025,2,"Antiguo",102329,"TECNOLOGIA EN GESTION COMUNITARIA","Masculino",5001,"Antioquia","Medellín","Colombia","Urbana"
434,2110,"COLEGIO MAYOR DE ANTIOQUIA",2025,2,"Antiguo",102329,"TECNOLOGIA EN GESTION COMUNITARIA","Femenino",5001,"Antioquia","Medellín","Colombia","Urbana"
435,2110,"COLEGIO MAYOR DE ANTIOQUIA",2025,2,"Antiguo",102329,"TECNOLOGIA EN GESTION COMUNITARIA","Femenino",5001,"Antioquia","Medellín","Colombia","Urbana"
436,2110,"COLEGIO MAYOR DE ANTIOQUIA",2025,2,"Antiguo",102329,"TECNOLOGIA EN GESTION COMUNITARIA","Masculino",5001,"Antioquia","Medellín","Colombia","Urbana"
437,2110,"COLEGIO MAYOR DE ANTIOQUIA",2025,2,"Antiguo",102329,"TECNOLOGIA EN GESTION COMUNITARIA","Masculino",5001,"Antioquia","Medellín","Colombia","Urbana"
438,2110,"COLEGIO MAYOR DE ANTIOQUIA",2025,2,"Antiguo",102329,"TECNOLOGIA EN GESTION COMUNITARIA","Femenino",5001,"Antioquia","Medellín","Colombia","Urbana"
439,2110,"COLEGIO MAYOR DE ANTIOQUIA",2025,2,"Antiguo",102329,"TECNOLOGIA EN GESTION COMUNITARIA","Femenino",5001,"Antioquia","Medellín","Colombia","Urbana"
440,2110,"COLEGIO MAYOR DE ANTIOQUIA",2025,2,"Antiguo",102329,"TECNOLOGIA EN GESTION COMUNITARIA","Femenino",5001,"Antioquia","Medellín","Colombia","Urbana"
441,2110,"COLEGIO MAYOR DE ANTIOQUIA",2025,2,"Antiguo",102329,"TECNOLOGIA EN GESTION COMUNITARIA","Femenino",5001,"Antioquia","Medellín","Colombia","Urbana"
442,2110,"COLEGIO MAYOR DE ANTIOQUIA",2025,2,"Antiguo",102329,"TECNOLOGIA EN GESTION COMUNITARIA","Masculino",5001,"Antioquia","Bello","Colombia","Urbana"
443,2110,"COLEGIO MAYOR DE ANTIOQUIA",2025,2,"Antiguo",102329,"TECNOLOGIA EN GESTION COMUNITARIA","Femenino",5001,"Antioquia","Medellín","Colombia","Urbana"
444,2110,"COLEGIO MAYOR DE ANTIOQUIA",2025,2,"Antiguo",102329,"TECNOLOGIA EN GESTION COMUNITARIA","Masculino",5001,"Antioquia","Medellín","Colombia","Urbana"
445,2110,"COLEGIO MAYOR DE ANTIOQUIA",2025,2,"Antiguo",102329,"TECNOLOGIA EN GESTION COMUNITARIA","Femenino",5001,"Antioquia","Medellín","Colombia","Urbana"
446,2110,"COLEGIO MAYOR DE ANTIOQUIA",2025,2,"Antiguo",102329,"TECNOLOGIA EN GESTION COMUNITARIA","Femenino",5001,"Antioquia","Medellín","Colombia","Urbana"
447,2110,"COLEGIO MAYOR DE ANTIOQUIA",2025,2,"Antiguo",102329,"TECNOLOGIA EN GESTION COMUNITARIA","Masculino",5001,"Antioquia","Medellín","Colombia","Urbana"
448,2110,"COLEGIO MAYOR DE ANTIOQUIA",2025,2,"Antiguo",102329,"TECNOLOGIA EN GESTION COMUNITARIA","Femenino",5001,"Antioquia","Medellín","Colombia","Urbana"
449,2110,"COLEGIO MAYOR DE ANTIOQUIA",2025,2,"Antiguo",102329,"TECNOLOGIA EN GESTION COMUNITARIA","Femenino",5001,"Antioquia","Medellín","Colombia","Urbana"
450,2110,"COLEGIO MAYOR DE ANTIOQUIA",2025,2,"Antiguo",102329,"TECNOLOGIA EN GESTION COMUNITARIA","Femenino",5001,"Antioquia","Medellín","Colombia","Urbana"
451,2110,"COLEGIO MAYOR DE ANTIOQUIA",2025,2,"Antiguo",102329,"TECNOLOGIA EN GESTION COMUNITARIA","Femenino",5001,"Antioquia","Medellín","Colombia","Urbana"
452,2110,"COLEGIO MAYOR DE ANTIOQUIA",2025,2,"Antiguo",102329,"TECNOLOGIA EN GESTION COMUNITARIA","Femenino",5001,"Antioquia","Medellín","Colombia","Urbana"
453,2110,"COLEGIO MAYOR DE ANTIOQUIA",2025,2,"Antiguo",102329,"TECNOLOGIA EN GESTION COMUNITARIA","Femenino",5001,"Antioquia","Medellín","Colombia","Urbana"
454,2110,"COLEGIO MAYOR DE ANTIOQUIA",2025,2,"Antiguo",102329,"TECNOLOGIA EN GESTION COMUNITARIA","Femenino",5001,"Antioquia","Medellín","Colombia","Urbana"
455,2110,"COLEGIO MAYOR DE ANTIOQUIA",2025,2,"Antiguo",102329,"TECNOLOGIA EN GESTION COMUNITARIA","Masculino",5001,"Antioquia","Medellín","Colombia","Urbana"
456,2110,"COLEGIO MAYOR DE ANTIOQUIA",2025,2,"Antiguo",102329,"TECNOLOGIA EN GESTION COMUNITARIA","Masculino",5001,"Antioquia","Medellín","Colombia","Urbana"
457,2110,"COLEGIO MAYOR DE ANTIOQUIA",2025,2,"Antiguo",102329,"TECNOLOGIA EN GESTION COMUNITARIA","Femenino",5001,"Antioquia","Medellín","Colombia","Urbana"
458,2110,"COLEGIO MAYOR DE ANTIOQUIA",2025,2,"Antiguo",102329,"TECNOLOGIA EN GESTION COMUNITARIA","Masculino",5001,"Antioquia","Medellín","Colombia","Urbana"
459,2110,"COLEGIO MAYOR DE ANTIOQUIA",2025,2,"Antiguo",102329,"TECNOLOGIA EN GESTION COMUNITARIA","Femenino",5001,"Antioquia","Medellín","Colombia","Urbana"
460,2110,"COLEGIO MAYOR DE ANTIOQUIA",2025,2,"Antiguo",102329,"TECNOLOGIA EN GESTION COMUNITARIA","Masculino",5001,"Antioquia","Medellín","Colombia","Urbana"
461,2110,"COLEGIO MAYOR DE ANTIOQUIA",2025,2,"Antiguo",102329,"TECNOLOGIA EN GESTION COMUNITARIA","Masculino",5001,"Antioquia","Medellín","Colombia","Urbana"
462,2110,"COLEGIO MAYOR DE ANTIOQUIA",2025,2,"Antiguo",102329,"TECNOLOGIA EN GESTION COMUNITARIA","Femenino",5001,"Antioquia","Medellín","Colombia","Urbana"
463,2110,"COLEGIO MAYOR DE ANTIOQUIA",2025,2,"Antiguo",102329,"TECNOLOGIA EN GESTION COMUNITARIA","Femenino",5001,"Antioquia","Medellín","Colombia","Urbana"
464,2110,"COLEGIO MAYOR DE ANTIOQUIA",2025,2,"Antiguo",102329,"TECNOLOGIA EN GESTION COMUNITARIA","Femenino",5001,"Antioquia","Medellín","Colombia","Urbana"
465,2110,"COLEGIO MAYOR DE ANTIOQUIA",2025,2,"Antiguo",102329,"TECNOLOGIA EN GESTION COMUNITARIA","Femenino",5001,"Antioquia","Medellín","Colombia","Urbana"
466,2110,"COLEGIO MAYOR DE ANTIOQUIA",2025,2,"Antiguo",102329,"TECNOLOGIA EN GESTION COMUNITARIA","Masculino",5001,"Antioquia","Medellín","Colombia","Urbana"
467,2110,"COLEGIO MAYOR DE ANTIOQUIA",2025,2,"Antiguo",102329,"TECNOLOGIA EN GESTION COMUNITARIA","Masculino",5001,"Antioquia","Medellín","Colombia","Urbana"
468,2110,"COLEGIO MAYOR DE ANTIOQUIA",2025,2,"Antiguo",102329,"TECNOLOGIA EN GESTION COMUNITARIA","Femenino",5001,"Antioquia","Medellín","Colombia","Urbana"
469,2110,"COLEGIO MAYOR DE ANTIOQUIA",2025,2,"Antiguo",102329,"TECNOLOGIA EN GESTION COMUNITARIA","Femenino",5001,"Antioquia","Medellín","Colombia","Urbana"
470,2110,"COLEGIO MAYOR DE ANTIOQUIA",2025,2,"Antiguo",102329,"TECNOLOGIA EN GESTION COMUNITARIA","Masculino",5001,"Antioquia","Medellín","Colombia","Urbana"
471,2110,"COLEGIO MAYOR DE ANTIOQUIA",2025,2,"Antiguo",102329,"TECNOLOGIA EN GESTION COMUNITARIA","Femenino",5001,"Antioquia","Medellín","Colombia","Urbana"
472,2110,"COLEGIO MAYOR DE ANTIOQUIA",2025,2,"Antiguo",102329,"TECNOLOGIA EN GESTION COMUNITARIA","Masculino",5001,"Antioquia","Medellín","Colombia","Urbana"
473,2110,"COLEGIO MAYOR DE ANTIOQUIA",2025,2,"Antiguo",102329,"TECNOLOGIA EN GESTION COMUNITARIA","Femenino",5001,"Antioquia","Medellín","Colombia","Urbana"
474,2110,"COLEGIO MAYOR DE ANTIOQUIA",2025,2,"Antiguo",102329,"TECNOLOGIA EN GESTION COMUNITARIA","Femenino",5001,"Antioquia","Medellín","Colombia","Urbana"
475,2110,"COLEGIO MAYOR DE ANTIOQUIA",2025,2,"Antiguo",102329,"TECNOLOGIA EN GESTION COMUNITARIA","Femenino",5001,"Antioquia","Medellín","Colombia","Urbana"
476,2110,"COLEGIO MAYOR DE ANTIOQUIA",2025,2,"Antiguo",102329,"TECNOLOGIA EN GESTION COMUNITARIA","Femenino",5001,"Antioquia","Medellín","Colombia","Urbana"
477,2110,"COLEGIO MAYOR DE ANTIOQUIA",2025,2,"Antiguo",102329,"TECNOLOGIA EN GESTION COMUNITARIA","Masculino",5001,"Antioquia","Medellín","Colombia","Urbana"
478,2110,"COLEGIO MAYOR DE ANTIOQUIA",2025,2,"Reingreso",102329,"TECNOLOGIA EN GESTION COMUNITARIA","Femenino",5001,"Antioquia","Medellín","Colombia","Urbana"
479,2110,"COLEGIO MAYOR DE ANTIOQUIA",2025,2,"Reintegro",102329,"TECNOLOGIA EN GESTION COMUNITARIA","Femenino",5001,"Antioquia","Medellín","Colombia","Urbana"
480,2110,"COLEGIO MAYOR DE ANTIOQUIA",2025,2,"Nuevo",116042,"LICENCIATURA EN CIENCIAS SOCIALES","Femenino",5001,"Antioquia","Medellín","Colombia","Urbana"
481,2110,"COLEGIO MAYOR DE ANTIOQUIA",2025,2,"Nuevo",116042,"LICENCIATURA EN CIENCIAS SOCIALES","Femenino",5001,"Antioquia","Medellín","Colombia","Urbana"
482,2110,"COLEGIO MAYOR DE ANTIOQUIA",2025,2,"Nuevo",116042,"LICENCIATURA EN CIENCIAS SOCIALES","Masculino",5001,"Antioquia","Medellín","Colombia","Urbana"
483,2110,"COLEGIO MAYOR DE ANTIOQUIA",2025,2,"Nuevo",116042,"LICENCIATURA EN CIENCIAS SOCIALES","Masculino",5001,"Antioquia","Medellín","Colombia","Urbana"
484,2110,"COLEGIO MAYOR DE ANTIOQUIA",2025,2,"Nuevo",116042,"LICENCIATURA EN CIENCIAS SOCIALES","Femenino",5001,"Antioquia","Medellín","Colombia","Urbana"
485,2110,"COLEGIO MAYOR DE ANTIOQUIA",2025,2,"Nuevo",116042,"LICENCIATURA EN CIENCIAS SOCIALES","Femenino",5001,"Antioquia","El Carmen de Viboral","Colombia","Urbana"
486,2110,"COLEGIO MAYOR DE ANTIOQUIA",2025,2,"Nuevo",116042,"LICENCIATURA EN CIENCIAS SOCIALES","Femenino",5001,"Antioquia","Medellín","Colombia","Urbana"
487,2110,"COLEGIO MAYOR DE ANTIOQUIA",2025,2,"Nuevo",116042,"LICENCIATURA EN CIENCIAS SOCIALES","Masculino",5001,"Antioquia","Medellín","Colombia","Urbana"
488,2110,"COLEGIO MAYOR DE ANTIOQUIA",2025,2,"Nuevo",116042,"LICENCIATURA EN CIENCIAS SOCIALES","Femenino",5001,"Antioquia","Medellín","Colombia","Urbana"
489,2110,"COLEGIO MAYOR DE ANTIOQUIA",2025,2,"Nuevo",116042,"LICENCIATURA EN CIENCIAS SOCIALES","Masculino",5001,"Antioquia","Medellín","Colombia","Urbana"
490,2110,"COLEGIO MAYOR DE ANTIOQUIA",2025,2,"Nuevo",116042,"LICENCIATURA EN CIENCIAS SOCIALES","Femenino",5001,"Antioquia","Barbosa","Colombia","Urbana"
491,2110,"COLEGIO MAYOR DE ANTIOQUIA",2025,2,"Nuevo",116042,"LICENCIATURA EN CIENCIAS SOCIALES","Masculino",5001,"Antioquia","Medellín","Colombia","Urbana"
492,2110,"COLEGIO MAYOR DE ANTIOQUIA",2025,2,"Nuevo",116042,"LICENCIATURA EN CIENCIAS SOCIALES","Femenino",5001,"Antioquia","Medellín","Colombia","Urbana"
493,2110,"COLEGIO MAYOR DE ANTIOQUIA",2025,2,"Nuevo",116042,"LICENCIATURA EN CIENCIAS SOCIALES","Masculino",5001,"Antioquia","Medellín","Colombia","Urbana"
494,2110,"COLEGIO MAYOR DE ANTIOQUIA",2025,2,"Nuevo",116042,"LICENCIATURA EN CIENCIAS SOCIALES","Femenino",5001,"Antioquia","Medellín","Colombia","Urbana"
495,2110,"COLEGIO MAYOR DE ANTIOQUIA",2025,2,"Nuevo",116042,"LICENCIATURA EN CIENCIAS SOCIALES","Masculino",5001,"Antioquia","Medellín","Colombia","Urbana"
496,2110,"COLEGIO MAYOR DE ANTIOQUIA",2025,2,"Transferencia interna",116042,"LICENCIATURA EN CIENCIAS SOCIALES","Femenino",5001,"Antioquia","Medellín","Colombia","Urbana"
497,2110,"COLEGIO MAYOR DE ANTIOQUIA",2025,2,"Transferencia interna",116042,"LICENCIATURA EN CIENCIAS SOCIALES","Femenino",5001,"Antioquia","Medellín","Colombia","Urbana"
498,2110,"COLEGIO MAYOR DE ANTIOQUIA",2025,2,"Antiguo",116042,"LICENCIATURA EN CIENCIAS SOCIALES","Masculino",5001,"Antioquia","Medellín","Colombia","Urbana"
499,2110,"COLEGIO MAYOR DE ANTIOQUIA",2025,2,"Antiguo",116042,"LICENCIATURA EN CIENCIAS SOCIALES","Masculino",5001,"Antioquia","Medellín","Colombia","Urbana"
500,2110,"COLEGIO MAYOR DE ANTIOQUIA",2025,2,"Antiguo",116042,"LICENCIATURA EN CIENCIAS SOCIALES","Femenino",5001,"Antioquia","Medellín","Colombia","Urbana"
501,2110,"COLEGIO MAYOR DE ANTIOQUIA",2025,2,"Antiguo",116042,"LICENCIATURA EN CIENCIAS SOCIALES","Masculino",5001,"Antioquia","Medellín","Colombia","Urbana"
502,2110,"COLEGIO MAYOR DE ANTIOQUIA",2025,2,"Antiguo",116042,"LICENCIATURA EN CIENCIAS SOCIALES","Femenino",5001,"Antioquia","Medellín","Colombia","Urbana"
503,2110,"COLEGIO MAYOR DE ANTIOQUIA",2025,2,"Antiguo",116042,"LICENCIATURA EN CIENCIAS SOCIALES","Masculino",5001,"Antioquia","Medellín","Colombia","Urbana"
504,2110,"COLEGIO MAYOR DE ANTIOQUIA",2025,2,"Antiguo",116042,"LICENCIATURA EN CIENCIAS SOCIALES","Femenino",5001,"Antioquia","Bello","Colombia","Urbana"
505,2110,"COLEGIO MAYOR DE ANTIOQUIA",2025,2,"Antiguo",116042,"LICENCIATURA EN CIENCIAS SOCIALES","Masculino",5001,"Antioquia","Medellín","Colombia","Urbana"
506,2110,"COLEGIO MAYOR DE ANTIOQUIA",2025,2,"Antiguo",116042,"LICENCIATURA EN CIENCIAS SOCIALES","Femenino",5001,"Antioquia","Medellín","Colombia","Urbana"
507,2110,"COLEGIO MAYOR DE ANTIOQUIA",2025,2,"Antiguo",116042,"LICENCIATURA EN CIENCIAS SOCIALES","Masculino",5001,"Antioquia","Bello","Colombia","Urbana"
508,2110,"COLEGIO MAYOR DE ANTIOQUIA",2025,2,"Antiguo",116042,"LICENCIATURA EN CIENCIAS SOCIALES","Masculino",5001,"La Guajira","San Juan del Cesar","Colombia","Urbana"
509,2110,"COLEGIO MAYOR DE ANTIOQUIA",2025,2,"Antiguo",116042,"LICENCIATURA EN CIENCIAS SOCIALES","Femenino",5001,"Antioquia","Medellín","Colombia","Urbana"
510,2110,"COLEGIO MAYOR DE ANTIOQUIA",2025,2,"Antiguo",116042,"LICENCIATURA EN CIENCIAS SOCIALES","Femenino",5001,"Antioquia","Medellín","Colombia","Urbana"
511,2110,"COLEGIO MAYOR DE ANTIOQUIA",2025,2,"Antiguo",116042,"LICENCIATURA EN CIENCIAS SOCIALES","Femenino",5001,"Antioquia","Medellín","Colombia","Urbana"
512,2110,"COLEGIO MAYOR DE ANTIOQUIA",2025,2,"Antiguo",116042,"LICENCIATURA EN CIENCIAS SOCIALES","Femenino",5001,"Antioquia","Bello","Colombia","Urbana"
513,2110,"COLEGIO MAYOR DE ANTIOQUIA",2025,2,"Antiguo",116042,"LICENCIATURA EN CIENCIAS SOCIALES","Femenino",5001,"Antioquia","Medellín","Colombia","Urbana"
514,2110,"COLEGIO MAYOR DE ANTIOQUIA",2025,2,"Antiguo",116042,"LICENCIATURA EN CIENCIAS SOCIALES","Femenino",5001,"Antioquia","Medellín","Colombia","Urbana"
515,2110,"COLEGIO MAYOR DE ANTIOQUIA",2025,2,"Antiguo",116042,"LICENCIATURA EN CIENCIAS SOCIALES","Femenino",5001,"Antioquia","Medellín","Colombia","Urbana"
516,2110,"COLEGIO MAYOR DE ANTIOQUIA",2025,2,"Antiguo",116042,"LICENCIATURA EN CIENCIAS SOCIALES","Masculino",5001,"Antioquia","Medellín","Colombia","Urbana"
517,2110,"COLEGIO MAYOR DE ANTIOQUIA",2025,2,"Antiguo",116042,"LICENCIATURA EN CIENCIAS SOCIALES","Femenino",5001,"Antioquia","Medellín","Colombia","Urbana"
518,2110,"COLEGIO MAYOR DE ANTIOQUIA",2025,2,"Antiguo",116042,"LICENCIATURA EN CIENCIAS SOCIALES","Masculino",5001,"Antioquia","Medellín","Colombia","Urbana"
519,2110,"COLEGIO MAYOR DE ANTIOQUIA",2025,2,"Antiguo",116042,"LICENCIATURA EN CIENCIAS SOCIALES","Femenino",5001,"Antioquia","Medellín","Colombia","Urbana"
520,2110,"COLEGIO MAYOR DE ANTIOQUIA",2025,2,"Antiguo",116042,"LICENCIATURA EN CIENCIAS SOCIALES","Masculino",5001,"Antioquia","Medellín","Colombia","Urbana"
521,2110,"COLEGIO MAYOR DE ANTIOQUIA",2025,2,"Antiguo",116042,"LICENCIATURA EN CIENCIAS SOCIALES","Femenino",5001,"Antioquia","Medellín","Colombia","Urbana"
522,2110,"COLEGIO MAYOR DE ANTIOQUIA",2025,2,"Antiguo",116042,"LICENCIATURA EN CIENCIAS SOCIALES","Masculino",5001,"Antioquia","Medellín","Colombia","Urbana"
523,2110,"COLEGIO MAYOR DE ANTIOQUIA",2025,2,"Antiguo",116042,"LICENCIATURA EN CIENCIAS SOCIALES","Masculino",5001,"Antioquia","Bello","Colombia","Urbana"
524,2110,"COLEGIO MAYOR DE ANTIOQUIA",2025,2,"Antiguo",116042,"LICENCIATURA EN CIENCIAS SOCIALES","Masculino",5001,"Antioquia","Medellín","Colombia","Urbana"
525,2110,"COLEGIO MAYOR DE ANTIOQUIA",2025,2,"Antiguo",116042,"LICENCIATURA EN CIENCIAS SOCIALES","Femenino",5001,"Antioquia","Medellín","Colombia","Urbana"
526,2110,"COLEGIO MAYOR DE ANTIOQUIA",2025,2,"Antiguo",116042,"LICENCIATURA EN CIENCIAS SOCIALES","Femenino",5001,"Antioquia","Medellín","Colombia","Urbana"
527,2110,"COLEGIO MAYOR DE ANTIOQUIA",2025,2,"Antiguo",116042,"LICENCIATURA EN CIENCIAS SOCIALES","Masculino",5001,"Antioquia","Medellín","Colombia","Urbana"
528,2110,"COLEGIO MAYOR DE ANTIOQUIA",2025,2,"Antiguo",116042,"LICENCIATURA EN CIENCIAS SOCIALES","Femenino",5001,"Antioquia","Medellín","Colombia","Urbana"
529,2110,"COLEGIO MAYOR DE ANTIOQUIA",2025,2,"Antiguo",116042,"LICENCIATURA EN CIENCIAS SOCIALES","Femenino",5001,"Antioquia","Medellín","Colombia","Urbana"
530,2110,"COLEGIO MAYOR DE ANTIOQUIA",2025,2,"Antiguo",116042,"LICENCIATURA EN CIENCIAS SOCIALES","Masculino",5001,"Antioquia","Medellín","Colombia","Urbana"
531,2110,"COLEGIO MAYOR DE ANTIOQUIA",2025,2,"Antiguo",116042,"LICENCIATURA EN CIENCIAS SOCIALES","Masculino",5001,"Antioquia","Medellín","Colombia","Urbana"
532,2110,"COLEGIO MAYOR DE ANTIOQUIA",2025,2,"Antiguo",116042,"LICENCIATURA EN CIENCIAS SOCIALES","Masculino",5001,"Antioquia","Copacabana","Colombia","Urbana"
533,2110,"COLEGIO MAYOR DE ANTIOQUIA",2025,2,"Antiguo",116042,"LICENCIATURA EN CIENCIAS SOCIALES","Masculino",5001,"Antioquia","Medellín","Colombia","Urbana"
534,2110,"COLEGIO MAYOR DE ANTIOQUIA",2025,2,"Antiguo",116042,"LICENCIATURA EN CIENCIAS SOCIALES","Femenino",5001,"Antioquia","Medellín","Colombia","Urbana"
535,2110,"COLEGIO MAYOR DE ANTIOQUIA",2025,2,"Antiguo",116042,"LICENCIATURA EN CIENCIAS SOCIALES","Masculino",5001,"Antioquia","Medellín","Colombia","Urbana"
536,2110,"COLEGIO MAYOR DE ANTIOQUIA",2025,2,"Antiguo",116042,"LICENCIATURA EN CIENCIAS SOCIALES","Femenino",5001,"Antioquia","Medellín","Colombia","Urbana"
537,2110,"COLEGIO MAYOR DE ANTIOQUIA",2025,2,"Antiguo",116042,"LICENCIATURA EN CIENCIAS SOCIALES","Masculino",5001,"Antioquia","Medellín","Colombia","Urbana"
538,2110,"COLEGIO MAYOR DE ANTIOQUIA",2025,2,"Antiguo",116042,"LICENCIATURA EN CIENCIAS SOCIALES","Masculino",5001,"Antioquia","Medellín","Colombia","Urbana"
539,2110,"COLEGIO MAYOR DE ANTIOQUIA",2025,2,"Antiguo",116042,"LICENCIATURA EN CIENCIAS SOCIALES","Femenino",5001,"Antioquia","Medellín","Colombia","Urbana"
540,2110,"COLEGIO MAYOR DE ANTIOQUIA",2025,2,"Antiguo",116042,"LICENCIATURA EN CIENCIAS SOCIALES","Masculino",5001,"Antioquia","Medellín","Colombia","Urbana"
541,2110,"COLEGIO MAYOR DE ANTIOQUIA",2025,2,"Antiguo",116042,"LICENCIATURA EN CIENCIAS SOCIALES","Masculino",5001,"Antioquia","Medellín","Colombia","Urbana"
542,2110,"COLEGIO MAYOR DE ANTIOQUIA",2025,2,"Antiguo",116042,"LICENCIATURA EN CIENCIAS SOCIALES","Femenino",5001,"Antioquia","Medellín","Colombia","Urbana"
543,2110,"COLEGIO MAYOR DE ANTIOQUIA",2025,2,"Antiguo",116042,"LICENCIATURA EN CIENCIAS SOCIALES","Masculino",5001,"Bogotá D.C.","Bogotá D.C.","Colombia","Urbana"
544,2110,"COLEGIO MAYOR DE ANTIOQUIA",2025,2,"Antiguo",116042,"LICENCIATURA EN CIENCIAS SOCIALES","Femenino",5001,"Antioquia","Medellín","Colombia","Urbana"
545,2110,"COLEGIO MAYOR DE ANTIOQUIA",2025,2,"Antiguo",116042,"LICENCIATURA EN CIENCIAS SOCIALES","Femenino",5001,"Antioquia","Medellín","Colombia","Urbana"
546,2110,"COLEGIO MAYOR DE ANTIOQUIA",2025,2,"Antiguo",116042,"LICENCIATURA EN CIENCIAS SOCIALES","Femenino",5001,"Antioquia","Bello","Colombia","Urbana"
547,2110,"COLEGIO MAYOR DE ANTIOQUIA",2025,2,"Antiguo",116042,"LICENCIATURA EN CIENCIAS SOCIALES","Femenino",5001,"Antioquia","Medellín","Colombia","Urbana"
548,2110,"COLEGIO MAYOR DE ANTIOQUIA",2025,2,"Antiguo",116042,"LICENCIATURA EN CIENCIAS SOCIALES","Femenino",5001,"Antioquia","Medellín","Colombia","Urbana"
549,2110,"COLEGIO MAYOR DE ANTIOQUIA",2025,2,"Antiguo",116042,"LICENCIATURA EN CIENCIAS SOCIALES","Femenino",5001,"Antioquia","Medellín","Colombia","Urbana"
550,2110,"COLEGIO MAYOR DE ANTIOQUIA",2025,2,"Antiguo",116042,"LICENCIATURA EN CIENCIAS SOCIALES","Femenino",5001,"Antioquia","Medellín","Colombia","Urbana"
551,2110,"COLEGIO MAYOR DE ANTIOQUIA",2025,2,"Antiguo",116042,"LICENCIATURA EN CIENCIAS SOCIALES","Femenino",5001,"Antioquia","Medellín","Colombia","Urbana"
552,2110,"COLEGIO MAYOR DE ANTIOQUIA",2025,2,"Antiguo",116042,"LICENCIATURA EN CIENCIAS SOCIALES","Femenino",5001,"Antioquia","Medellín","Colombia","Urbana"
553,2110,"COLEGIO MAYOR DE ANTIOQUIA",2025,2,"Antiguo",116042,"LICENCIATURA EN CIENCIAS SOCIALES","Masculino",5001,"Antioquia","Medellín","Colombia","Urbana"
554,2110,"COLEGIO MAYOR DE ANTIOQUIA",2025,2,"Antiguo",116042,"LICENCIATURA EN CIENCIAS SOCIALES","Masculino",5001,"Antioquia","Medellín","Colombia","Urbana"
555,2110,"COLEGIO MAYOR DE ANTIOQUIA",2025,2,"Antiguo",116042,"LICENCIATURA EN CIENCIAS SOCIALES","Femenino",5001,"Antioquia","Medellín","Colombia","Urbana"
556,2110,"COLEGIO MAYOR DE ANTIOQUIA",2025,2,"Antiguo",116042,"LICENCIATURA EN CIENCIAS SOCIALES","Femenino",5001,"Antioquia","Envigado","Colombia","Urbana"
557,2110,"COLEGIO MAYOR DE ANTIOQUIA",2025,2,"Antiguo",116042,"LICENCIATURA EN CIENCIAS SOCIALES","Femenino",5001,"Antioquia","Medellín","Colombia","Urbana"
558,2110,"COLEGIO MAYOR DE ANTIOQUIA",2025,2,"Antiguo",116042,"LICENCIATURA EN CIENCIAS SOCIALES","Masculino",5001,"Antioquia","Medellín","Colombia","Urbana"
559,2110,"COLEGIO MAYOR DE ANTIOQUIA",2025,2,"Antiguo",116042,"LICENCIATURA EN CIENCIAS SOCIALES","Masculino",5001,"Antioquia","Medellín","Colombia","Urbana"
560,2110,"COLEGIO MAYOR DE ANTIOQUIA",2025,2,"Antiguo",116042,"LICENCIATURA EN CIENCIAS SOCIALES","Masculino",5001,"Antioquia","Medellín","Colombia","Urbana"
561,2110,"COLEGIO MAYOR DE ANTIOQUIA",2025,2,"Antiguo",116042,"LICENCIATURA EN CIENCIAS SOCIALES","Masculino",5001,"Antioquia","Medellín","Colombia","Urbana"
562,2110,"COLEGIO MAYOR DE ANTIOQUIA",2025,2,"Antiguo",116042,"LICENCIATURA EN CIENCIAS SOCIALES","Masculino",5001,"Antioquia","Medellín","Colombia","Urbana"
563,2110,"COLEGIO MAYOR DE ANTIOQUIA",2025,2,"Antiguo",116042,"LICENCIATURA EN CIENCIAS SOCIALES","Masculino",5001,"Antioquia","Medellín","Colombia","Urbana"
564,2110,"COLEGIO MAYOR DE ANTIOQUIA",2025,2,"Antiguo",116042,"LICENCIATURA EN CIENCIAS SOCIALES","Masculino",5001,"Antioquia","Bello","Colombia","Urbana"
565,2110,"COLEGIO MAYOR DE ANTIOQUIA",2025,2,"Antiguo",116042,"LICENCIATURA EN CIENCIAS SOCIALES","Femenino",5001,"Antioquia","Medellín","Colombia","Urbana"
566,2110,"COLEGIO MAYOR DE ANTIOQUIA",2025,2,"Antiguo",116042,"LICENCIATURA EN CIENCIAS SOCIALES","Femenino",5001,"Nariño","Contadero","Colombia","Urbana"
567,2110,"COLEGIO MAYOR DE ANTIOQUIA",2025,2,"Antiguo",116042,"LICENCIATURA EN CIENCIAS SOCIALES","Masculino",5001,"Antioquia","Medellín","Colombia","Urbana"
568,2110,"COLEGIO MAYOR DE ANTIOQUIA",2025,2,"Antiguo",116042,"LICENCIATURA EN CIENCIAS SOCIALES","Masculino",5001,"Antioquia","Medellín","Colombia","Urbana"
569,2110,"COLEGIO MAYOR DE ANTIOQUIA",2025,2,"Antiguo",116042,"LICENCIATURA EN CIENCIAS SOCIALES","Femenino",5001,"Antioquia","Medellín","Colombia","Urbana"
570,2110,"COLEGIO MAYOR DE ANTIOQUIA",2025,2,"Antiguo",116042,"LICENCIATURA EN CIENCIAS SOCIALES","Femenino",5001,"Antioquia","Medellín","Colombia","Urbana"
571,2110,"COLEGIO MAYOR DE ANTIOQUIA",2025,2,"Antiguo",116042,"LICENCIATURA EN CIENCIAS SOCIALES","Masculino",5001,"Antioquia","Medellín","Colombia","Urbana"
572,2110,"COLEGIO MAYOR DE ANTIOQUIA",2025,2,"Antiguo",116042,"LICENCIATURA EN CIENCIAS SOCIALES","Femenino",5001,"Antioquia","Medellín","Colombia","Urbana"
573,2110,"COLEGIO MAYOR DE ANTIOQUIA",2025,2,"Antiguo",116042,"LICENCIATURA EN CIENCIAS SOCIALES","Femenino",5001,"Antioquia","Medellín","Colombia","Urbana"
574,2110,"COLEGIO MAYOR DE ANTIOQUIA",2025,2,"Antiguo",116042,"LICENCIATURA EN CIENCIAS SOCIALES","Masculino",5001,"Antioquia","Girardota","Colombia","Urbana"
575,2110,"COLEGIO MAYOR DE ANTIOQUIA",2025,2,"Antiguo",116042,"LICENCIATURA EN CIENCIAS SOCIALES","Masculino",5001,"Antioquia","Medellín","Colombia","Urbana"
576,2110,"COLEGIO MAYOR DE ANTIOQUIA",2025,2,"Antiguo",116042,"LICENCIATURA EN CIENCIAS SOCIALES","Femenino",5001,"Antioquia","Medellín","Colombia","Urbana"
577,2110,"COLEGIO MAYOR DE ANTIOQUIA",2025,2,"Antiguo",116042,"LICENCIATURA EN CIENCIAS SOCIALES","Femenino",5001,"Antioquia","Medellín","Colombia","Urbana"
578,2110,"COLEGIO MAYOR DE ANTIOQUIA",2025,2,"Antiguo",116042,"LICENCIATURA EN CIENCIAS SOCIALES","Femenino",5001,"Antioquia","Medellín","Colombia","Urbana"
579,2110,"COLEGIO MAYOR DE ANTIOQUIA",2025,2,"Antiguo",116042,"LICENCIATURA EN CIENCIAS SOCIALES","Femenino",5001,"Antioquia","Medellín","Colombia","Urbana"
580,2110,"COLEGIO MAYOR DE ANTIOQUIA",2025,2,"Antiguo",116042,"LICENCIATURA EN CIENCIAS SOCIALES","Femenino",5001,"Antioquia","Medellín","Colombia","Urbana"
581,2110,"COLEGIO MAYOR DE ANTIOQUIA",2025,2,"Antiguo",116042,"LICENCIATURA EN CIENCIAS SOCIALES","Femenino",5001,"Antioquia","Medellín","Colombia","Urbana"
582,2110,"COLEGIO MAYOR DE ANTIOQUIA",2025,2,"Antiguo",116042,"LICENCIATURA EN CIENCIAS SOCIALES","Femenino",5001,"Antioquia","Medellín","Colombia","Urbana"
583,2110,"COLEGIO MAYOR DE ANTIOQUIA",2025,2,"Antiguo",116042,"LICENCIATURA EN CIENCIAS SOCIALES","Femenino",5001,"Antioquia","Medellín","Colombia","Urbana"
584,2110,"COLEGIO MAYOR DE ANTIOQUIA",2025,2,"Antiguo",116042,"LICENCIATURA EN CIENCIAS SOCIALES","Femenino",5001,"Antioquia","Medellín","Colombia","Urbana"
585,2110,"COLEGIO MAYOR DE ANTIOQUIA",2025,2,"Antiguo",116042,"LICENCIATURA EN CIENCIAS SOCIALES","Femenino",5001,"Antioquia","Medellín","Colombia","Urbana"
586,2110,"COLEGIO MAYOR DE ANTIOQUIA",2025,2,"Antiguo",116042,"LICENCIATURA EN CIENCIAS SOCIALES","Masculino",5001,"Antioquia","Medellín","Colombia","Urbana"
587,2110,"COLEGIO MAYOR DE ANTIOQUIA",2025,2,"Antiguo",116042,"LICENCIATURA EN CIENCIAS SOCIALES","Masculino",5001,"Antioquia","Medellín","Colombia","Urbana"
588,2110,"COLEGIO MAYOR DE ANTIOQUIA",2025,2,"Antiguo",116042,"LICENCIATURA EN CIENCIAS SOCIALES","Femenino",5001,"Antioquia","Medellín","Colombia","Urbana"
589,2110,"COLEGIO MAYOR DE ANTIOQUIA",2025,2,"Antiguo",116042,"LICENCIATURA EN CIENCIAS SOCIALES","Femenino",5001,"Antioquia","Medellín","Colombia","Urbana"
590,2110,"COLEGIO MAYOR DE ANTIOQUIA",2025,2,"Antiguo",116042,"LICENCIATURA EN CIENCIAS SOCIALES","Masculino",5001,"Antioquia","Itagüí","Colombia","Urbana"
591,2110,"COLEGIO MAYOR DE ANTIOQUIA",2025,2,"Antiguo",116042,"LICENCIATURA EN CIENCIAS SOCIALES","Femenino",5001,"Antioquia","Medellín","Colombia","Urbana"
592,2110,"COLEGIO MAYOR DE ANTIOQUIA",2025,2,"Antiguo",116042,"LICENCIATURA EN CIENCIAS SOCIALES","Femenino",5001,"Antioquia","Medellín","Colombia","Urbana"
593,2110,"COLEGIO MAYOR DE ANTIOQUIA",2025,2,"Antiguo",116042,"LICENCIATURA EN CIENCIAS SOCIALES","Masculino",5001,"Antioquia","Medellín","Colombia","Urbana"
594,2110,"COLEGIO MAYOR DE ANTIOQUIA",2025,2,"Antiguo",116042,"LICENCIATURA EN CIENCIAS SOCIALES","Femenino",5001,"Antioquia","Zaragoza","Colombia","Urbana"
595,2110,"COLEGIO MAYOR DE ANTIOQUIA",2025,2,"Antiguo",116042,"LICENCIATURA EN CIENCIAS SOCIALES","Masculino",5001,"Antioquia","Medellín","Colombia","Urbana"
596,2110,"COLEGIO MAYOR DE ANTIOQUIA",2025,2,"Reingreso",116042,"LICENCIATURA EN CIENCIAS SOCIALES","Masculino",5001,"Antioquia","Medellín","Colombia","Urbana"
597,2110,"COLEGIO MAYOR DE ANTIOQUIA",2025,2,"Reintegro",116042,"LICENCIATURA EN CIENCIAS SOCIALES","Femenino",5001,"Antioquia","Medellín","Colombia","Urbana"
598,2110,"COLEGIO MAYOR DE ANTIOQUIA",2025,2,"Nuevo",116061,"TECNOLOGIA EN GESTION COMUNITARIA (VIRTUAL)","Femenino",5001,"Nariño","Aldana","Colombia","Urbana"
599,2110,"COLEGIO MAYOR DE ANTIOQUIA",2025,2,"Nuevo",116061,"TECNOLOGIA EN GESTION COMUNITARIA (VIRTUAL)","Masculino",5001,"Nariño","Cumbal","Colombia","Urbana"
600,2110,"COLEGIO MAYOR DE ANTIOQUIA",2025,2,"Nuevo",116061,"TECNOLOGIA EN GESTION COMUNITARIA (VIRTUAL)","Femenino",5001,"Antioquia","Entrerríos","Colombia","Urbana"
601,2110,"COLEGIO MAYOR DE ANTIOQUIA",2025,2,"Nuevo",116061,"TECNOLOGIA EN GESTION COMUNITARIA (VIRTUAL)","Femenino",5001,"Bogotá D.C.","Bogotá D.C.","Colombia","Urbana"
602,2110,"COLEGIO MAYOR DE ANTIOQUIA",2025,2,"Nuevo",116061,"TECNOLOGIA EN GESTION COMUNITARIA (VIRTUAL)","Masculino",5001,"Nariño","Cuaspud (Carlosama)","Colombia","Urbana"
603,2110,"COLEGIO MAYOR DE ANTIOQUIA",2025,2,"Nuevo",116061,"TECNOLOGIA EN GESTION COMUNITARIA (VIRTUAL)","Masculino",5001,"Bogotá D.C.","Bogotá D.C.","Colombia","Urbana"
604,2110,"COLEGIO MAYOR DE ANTIOQUIA",2025,2,"Nuevo",116061,"TECNOLOGIA EN GESTION COMUNITARIA (VIRTUAL)","Femenino",5001,"Nariño","Córdoba","Colombia","Urbana"
605,2110,"COLEGIO MAYOR DE ANTIOQUIA",2025,2,"Nuevo",116061,"TECNOLOGIA EN GESTION COMUNITARIA (VIRTUAL)","Femenino",5001,"Bogotá D.C.","Bogotá D.C.","Colombia","Urbana"
606,2110,"COLEGIO MAYOR DE ANTIOQUIA",2025,2,"Nuevo",116061,"TECNOLOGIA EN GESTION COMUNITARIA (VIRTUAL)","Femenino",5001,"Nariño","Guachucal","Colombia","Urbana"
607,2110,"COLEGIO MAYOR DE ANTIOQUIA",2025,2,"Nuevo",116061,"TECNOLOGIA EN GESTION COMUNITARIA (VIRTUAL)","Femenino",5001,"Antioquia","San Pedro de Urabá","Colombia","Urbana"
608,2110,"COLEGIO MAYOR DE ANTIOQUIA",2025,2,"Nuevo",116061,"TECNOLOGIA EN GESTION COMUNITARIA (VIRTUAL)","Femenino",5001,"Putumayo","Sibundoy","Colombia","Urbana"
609,2110,"COLEGIO MAYOR DE ANTIOQUIA",2025,2,"Nuevo",116061,"TECNOLOGIA EN GESTION COMUNITARIA (VIRTUAL)","Femenino",5001,"Nariño","Pasto","Colombia","Urbana"
610,2110,"COLEGIO MAYOR DE ANTIOQUIA",2025,2,"Nuevo",116061,"TECNOLOGIA EN GESTION COMUNITARIA (VIRTUAL)","Masculino",5001,"Cundinamarca","Sesquilé","Colombia","Urbana"
611,2110,"COLEGIO MAYOR DE ANTIOQUIA",2025,2,"Nuevo",116061,"TECNOLOGIA EN GESTION COMUNITARIA (VIRTUAL)","Masculino",5001,"Cundinamarca","Sesquilé","Colombia","Urbana"
612,2110,"COLEGIO MAYOR DE ANTIOQUIA",2025,2,"Nuevo",116061,"TECNOLOGIA EN GESTION COMUNITARIA (VIRTUAL)","Masculino",5001,"Bogotá D.C.","Bogotá D.C.","Colombia","Urbana"
613,2110,"COLEGIO MAYOR DE ANTIOQUIA",2025,2,"Nuevo",116061,"TECNOLOGIA EN GESTION COMUNITARIA (VIRTUAL)","Femenino",5001,"Putumayo","Sibundoy","Colombia","Urbana"
614,2110,"COLEGIO MAYOR DE ANTIOQUIA",2025,2,"Nuevo",116061,"TECNOLOGIA EN GESTION COMUNITARIA (VIRTUAL)","Masculino",5001,"Nariño","Córdoba","Colombia","Urbana"
615,2110,"COLEGIO MAYOR DE ANTIOQUIA",2025,2,"Nuevo",116061,"TECNOLOGIA EN GESTION COMUNITARIA (VIRTUAL)","Femenino",5001,"Boyacá","Sogamoso","Colombia","Urbana"
616,2110,"COLEGIO MAYOR DE ANTIOQUIA",2025,2,"Nuevo",116061,"TECNOLOGIA EN GESTION COMUNITARIA (VIRTUAL)","Femenino",5001,"Antioquia","Chigorodó","Colombia","Urbana"
617,2110,"COLEGIO MAYOR DE ANTIOQUIA",2025,2,"Nuevo",116061,"TECNOLOGIA EN GESTION COMUNITARIA (VIRTUAL)","Femenino",5001,"Nariño","Córdoba","Colombia","Urbana"
618,2110,"COLEGIO MAYOR DE ANTIOQUIA",2025,2,"Nuevo",116061,"TECNOLOGIA EN GESTION COMUNITARIA (VIRTUAL)","Femenino",5001,"Nariño","Córdoba","Colombia","Urbana"
619,2110,"COLEGIO MAYOR DE ANTIOQUIA",2025,2,"Nuevo",116061,"TECNOLOGIA EN GESTION COMUNITARIA (VIRTUAL)","Femenino",5001,"Nariño","Aldana","Colombia","Urbana"
620,2110,"COLEGIO MAYOR DE ANTIOQUIA",2025,2,"Nuevo",116061,"TECNOLOGIA EN GESTION COMUNITARIA (VIRTUAL)","Femenino",5001,"Cauca","Miranda","Colombia","Urbana"
621,2110,"COLEGIO MAYOR DE ANTIOQUIA",2025,2,"Nuevo",116061,"TECNOLOGIA EN GESTION COMUNITARIA (VIRTUAL)","Masculino",5001,"Nariño","Córdoba","Colombia","Urbana"
622,2110,"COLEGIO MAYOR DE ANTIOQUIA",2025,2,"Nuevo",116061,"TECNOLOGIA EN GESTION COMUNITARIA (VIRTUAL)","Masculino",5001,"Cauca","Caldono","Colombia","Urbana"
623,2110,"COLEGIO MAYOR DE ANTIOQUIA",2025,2,"Nuevo",116061,"TECNOLOGIA EN GESTION COMUNITARIA (VIRTUAL)","Femenino",5001,"Cauca","Miranda","Colombia","Urbana"
624,2110,"COLEGIO MAYOR DE ANTIOQUIA",2025,2,"Nuevo",116061,"TECNOLOGIA EN GESTION COMUNITARIA (VIRTUAL)","Femenino",5001,"Cundinamarca","Chía","Colombia","Urbana"
625,2110,"COLEGIO MAYOR DE ANTIOQUIA",2025,2,"Nuevo",116061,"TECNOLOGIA EN GESTION COMUNITARIA (VIRTUAL)","Femenino",5001,"Arauca","Tame","Colombia","Urbana"
626,2110,"COLEGIO MAYOR DE ANTIOQUIA",2025,2,"Nuevo",116061,"TECNOLOGIA EN GESTION COMUNITARIA (VIRTUAL)","Femenino",5001,"Antioquia","Medellín","Colombia","Urbana"
627,2110,"COLEGIO MAYOR DE ANTIOQUIA",2025,2,"Nuevo",116061,"TECNOLOGIA EN GESTION COMUNITARIA (VIRTUAL)","Femenino",5001,"Cundinamarca","Chía","Colombia","Urbana"
628,2110,"COLEGIO MAYOR DE ANTIOQUIA",2025,2,"Nuevo",116061,"TECNOLOGIA EN GESTION COMUNITARIA (VIRTUAL)","Femenino",5001,"Bogotá D.C.","Bogotá D.C.","Colombia","Urbana"
629,2110,"COLEGIO MAYOR DE ANTIOQUIA",2025,2,"Nuevo",116061,"TECNOLOGIA EN GESTION COMUNITARIA (VIRTUAL)","Femenino",5001,"Nariño","Córdoba","Colombia","Urbana"
630,2110,"COLEGIO MAYOR DE ANTIOQUIA",2025,2,"Nuevo",116061,"TECNOLOGIA EN GESTION COMUNITARIA (VIRTUAL)","Femenino",5001,"Nariño","Ipiales","Colombia","Urbana"
631,2110,"COLEGIO MAYOR DE ANTIOQUIA",2025,2,"Nuevo",116061,"TECNOLOGIA EN GESTION COMUNITARIA (VIRTUAL)","Masculino",5001,"Nariño","Ipiales","Colombia","Urbana"
632,2110,"COLEGIO MAYOR DE ANTIOQUIA",2025,2,"Nuevo",116061,"TECNOLOGIA EN GESTION COMUNITARIA (VIRTUAL)","Femenino",5001,"Antioquia","Apartadó","Colombia","Urbana"
633,2110,"COLEGIO MAYOR DE ANTIOQUIA",2025,2,"Nuevo",116061,"TECNOLOGIA EN GESTION COMUNITARIA (VIRTUAL)","Masculino",5001,"Vaupés","Mitú","Colombia","Urbana"
634,2110,"COLEGIO MAYOR DE ANTIOQUIA",2025,2,"Nuevo",116061,"TECNOLOGIA EN GESTION COMUNITARIA (VIRTUAL)","Femenino",5001,"Cauca","Popayán","Colombia","Urbana"
635,2110,"COLEGIO MAYOR DE ANTIOQUIA",2025,2,"Nuevo",116061,"TECNOLOGIA EN GESTION COMUNITARIA (VIRTUAL)","Masculino",5001,"Bogotá D.C.","Bogotá D.C.","Colombia","Urbana"
636,2110,"COLEGIO MAYOR DE ANTIOQUIA",2025,2,"Nuevo",116061,"TECNOLOGIA EN GESTION COMUNITARIA (VIRTUAL)","Femenino",5001,"Antioquia","Támesis","Colombia","Urbana"
637,2110,"COLEGIO MAYOR DE ANTIOQUIA",2025,2,"Nuevo",116061,"TECNOLOGIA EN GESTION COMUNITARIA (VIRTUAL)","Masculino",5001,"Bogotá D.C.","Bogotá D.C.","Colombia","Urbana"
638,2110,"COLEGIO MAYOR DE ANTIOQUIA",2025,2,"Nuevo",116061,"TECNOLOGIA EN GESTION COMUNITARIA (VIRTUAL)","Masculino",5001,"Antioquia","Apartadó","Colombia","Urbana"
639,2110,"COLEGIO MAYOR DE ANTIOQUIA",2025,2,"Nuevo",116061,"TECNOLOGIA EN GESTION COMUNITARIA (VIRTUAL)","Femenino",5001,"Cauca","Caloto","Colombia","Urbana"
640,2110,"COLEGIO MAYOR DE ANTIOQUIA",2025,2,"Nuevo",116061,"TECNOLOGIA EN GESTION COMUNITARIA (VIRTUAL)","Femenino",5001,"Bogotá D.C.","Bogotá D.C.","Colombia","Urbana"
641,2110,"COLEGIO MAYOR DE ANTIOQUIA",2025,2,"Nuevo",116061,"TECNOLOGIA EN GESTION COMUNITARIA (VIRTUAL)","Femenino",5001,"Bogotá D.C.","Bogotá D.C.","Colombia","Urbana"
642,2110,"COLEGIO MAYOR DE ANTIOQUIA",2025,2,"Nuevo",116061,"TECNOLOGIA EN GESTION COMUNITARIA (VIRTUAL)","Femenino",5001,"Bogotá D.C.","Bogotá D.C.","Colombia","Urbana"
643,2110,"COLEGIO MAYOR DE ANTIOQUIA",2025,2,"Nuevo",116061,"TECNOLOGIA EN GESTION COMUNITARIA (VIRTUAL)","Femenino",5001,"Bogotá D.C.","Bogotá D.C.","Colombia","Urbana"
644,2110,"COLEGIO MAYOR DE ANTIOQUIA",2025,2,"Nuevo",116061,"TECNOLOGIA EN GESTION COMUNITARIA (VIRTUAL)","Femenino",5001,"Guaviare","El Retorno","Colombia","Urbana"
645,2110,"COLEGIO MAYOR DE ANTIOQUIA",2025,2,"Nuevo",116061,"TECNOLOGIA EN GESTION COMUNITARIA (VIRTUAL)","Femenino",5001,"Nariño","Córdoba","Colombia","Urbana"
646,2110,"COLEGIO MAYOR DE ANTIOQUIA",2025,2,"Nuevo",116061,"TECNOLOGIA EN GESTION COMUNITARIA (VIRTUAL)","Femenino",5001,"Nariño","Pasto","Colombia","Urbana"
647,2110,"COLEGIO MAYOR DE ANTIOQUIA",2025,2,"Nuevo",116061,"TECNOLOGIA EN GESTION COMUNITARIA (VIRTUAL)","Masculino",5001,"Antioquia","Medellín","Colombia","Urbana"
648,2110,"COLEGIO MAYOR DE ANTIOQUIA",2025,2,"Nuevo",116061,"TECNOLOGIA EN GESTION COMUNITARIA (VIRTUAL)","Femenino",5001,"Cauca","Popayán","Colombia","Urbana"
649,2110,"COLEGIO MAYOR DE ANTIOQUIA",2025,2,"Nuevo",116061,"TECNOLOGIA EN GESTION COMUNITARIA (VIRTUAL)","Femenino",5001,"Nariño","Ipiales","Colombia","Urbana"
650,2110,"COLEGIO MAYOR DE ANTIOQUIA",2025,2,"Nuevo",116061,"TECNOLOGIA EN GESTION COMUNITARIA (VIRTUAL)","Femenino",5001,"Nariño","Córdoba","Colombia","Urbana"
651,2110,"COLEGIO MAYOR DE ANTIOQUIA",2025,2,"Nuevo",116061,"TECNOLOGIA EN GESTION COMUNITARIA (VIRTUAL)","Masculino",5001,"Nariño","Barbacoas","Colombia","Urbana"
652,2110,"COLEGIO MAYOR DE ANTIOQUIA",2025,2,"Nuevo",116061,"TECNOLOGIA EN GESTION COMUNITARIA (VIRTUAL)","Masculino",5001,"Nariño","Córdoba","Colombia","Urbana"
653,2110,"COLEGIO MAYOR DE ANTIOQUIA",2025,2,"Nuevo",116061,"TECNOLOGIA EN GESTION COMUNITARIA (VIRTUAL)","Femenino",5001,"Bogotá D.C.","Bogotá D.C.","Colombia","Urbana"
654,2110,"COLEGIO MAYOR DE ANTIOQUIA",2025,2,"Nuevo",116061,"TECNOLOGIA EN GESTION COMUNITARIA (VIRTUAL)","Masculino",5001,"Cauca","Popayán","Colombia","Urbana"
655,2110,"COLEGIO MAYOR DE ANTIOQUIA",2025,2,"Nuevo",116061,"TECNOLOGIA EN GESTION COMUNITARIA (VIRTUAL)","Femenino",5001,"Nariño","Consaca","Colombia","Urbana"
656,2110,"COLEGIO MAYOR DE ANTIOQUIA",2025,2,"Nuevo",116061,"TECNOLOGIA EN GESTION COMUNITARIA (VIRTUAL)","Femenino",5001,"Antioquia","La Estrella","Colombia","Urbana"
657,2110,"COLEGIO MAYOR DE ANTIOQUIA",2025,2,"Nuevo",116061,"TECNOLOGIA EN GESTION COMUNITARIA (VIRTUAL)","Masculino",5001,"Bogotá D.C.","Bogotá D.C.","Colombia","Urbana"
658,2110,"COLEGIO MAYOR DE ANTIOQUIA",2025,2,"Nuevo",116061,"TECNOLOGIA EN GESTION COMUNITARIA (VIRTUAL)","Masculino",5001,"Valle del Cauca","Santiago de Cali","Colombia","Urbana"
659,2110,"COLEGIO MAYOR DE ANTIOQUIA",2025,2,"Nuevo",116061,"TECNOLOGIA EN GESTION COMUNITARIA (VIRTUAL)","Masculino",5001,"Vaupés","Taraira","Colombia","Urbana"
660,2110,"COLEGIO MAYOR DE ANTIOQUIA",2025,2,"Nuevo",116061,"TECNOLOGIA EN GESTION COMUNITARIA (VIRTUAL)","Femenino",5001,"Caldas","Río Sucio","Colombia","Urbana"
661,2110,"COLEGIO MAYOR DE ANTIOQUIA",2025,2,"Nuevo",116061,"TECNOLOGIA EN GESTION COMUNITARIA (VIRTUAL)","Masculino",5001,"Nariño","Ipiales","Colombia","Urbana"
662,2110,"COLEGIO MAYOR DE ANTIOQUIA",2025,2,"Nuevo",116061,"TECNOLOGIA EN GESTION COMUNITARIA (VIRTUAL)","Femenino",5001,"Antioquia","Medellín","Colombia","Urbana"
663,2110,"COLEGIO MAYOR DE ANTIOQUIA",2025,2,"Nuevo",116061,"TECNOLOGIA EN GESTION COMUNITARIA (VIRTUAL)","Femenino",5001,"Antioquia","Valparaiso","Colombia","Urbana"
664,2110,"COLEGIO MAYOR DE ANTIOQUIA",2025,2,"Nuevo",116061,"TECNOLOGIA EN GESTION COMUNITARIA (VIRTUAL)","Femenino",5001,"Bogotá D.C.","Bogotá D.C.","Colombia","Urbana"
665,2110,"COLEGIO MAYOR DE ANTIOQUIA",2025,2,"Nuevo",116061,"TECNOLOGIA EN GESTION COMUNITARIA (VIRTUAL)","Femenino",5001,"Bogotá D.C.","Bogotá D.C.","Colombia","Urbana"
666,2110,"COLEGIO MAYOR DE ANTIOQUIA",2025,2,"Antiguo",116061,"TECNOLOGIA EN GESTION COMUNITARIA (VIRTUAL)","Femenino",5001,"Antioquia","Andes","Colombia","Urbana"
667,2110,"COLEGIO MAYOR DE ANTIOQUIA",2025,2,"Antiguo",116061,"TECNOLOGIA EN GESTION COMUNITARIA (VIRTUAL)","Masculino",5001,"Putumayo","Sibundoy","Colombia","Urbana"
668,2110,"COLEGIO MAYOR DE ANTIOQUIA",2025,2,"Antiguo",116061,"TECNOLOGIA EN GESTION COMUNITARIA (VIRTUAL)","Femenino",5001,"Córdoba","Montelíbano","Colombia","Urbana"
669,2110,"COLEGIO MAYOR DE ANTIOQUIA",2025,2,"Antiguo",116061,"TECNOLOGIA EN GESTION COMUNITARIA (VIRTUAL)","Femenino",5001,"Antioquia","Puerto Berrío","Colombia","Urbana"
670,2110,"COLEGIO MAYOR DE ANTIOQUIA",2025,2,"Antiguo",116061,"TECNOLOGIA EN GESTION COMUNITARIA (VIRTUAL)","Femenino",5001,"Antioquia","San Pedro de Urabá","Colombia","Urbana"
671,2110,"COLEGIO MAYOR DE ANTIOQUIA",2025,2,"Antiguo",116061,"TECNOLOGIA EN GESTION COMUNITARIA (VIRTUAL)","Masculino",5001,"Antioquia","Puerto Berrío","Colombia","Urbana"
672,2110,"COLEGIO MAYOR DE ANTIOQUIA",2025,2,"Antiguo",116061,"TECNOLOGIA EN GESTION COMUNITARIA (VIRTUAL)","Femenino",5001,"Antioquia","Yarumal","Colombia","Urbana"
673,2110,"COLEGIO MAYOR DE ANTIOQUIA",2025,2,"Antiguo",116061,"TECNOLOGIA EN GESTION COMUNITARIA (VIRTUAL)","Masculino",5001,"Antioquia","Andes","Colombia","Urbana"
674,2110,"COLEGIO MAYOR DE ANTIOQUIA",2025,2,"Antiguo",116061,"TECNOLOGIA EN GESTION COMUNITARIA (VIRTUAL)","Femenino",5001,"Antioquia","Puerto Berrío","Colombia","Urbana"
675,2110,"COLEGIO MAYOR DE ANTIOQUIA",2025,2,"Antiguo",116061,"TECNOLOGIA EN GESTION COMUNITARIA (VIRTUAL)","Masculino",5001,"Caldas","Río Sucio","Colombia","Urbana"
676,2110,"COLEGIO MAYOR DE ANTIOQUIA",2025,2,"Antiguo",116061,"TECNOLOGIA EN GESTION COMUNITARIA (VIRTUAL)","Femenino",5001,"Antioquia","Murindó","Colombia","Urbana"
677,2110,"COLEGIO MAYOR DE ANTIOQUIA",2025,2,"Antiguo",116061,"TECNOLOGIA EN GESTION COMUNITARIA (VIRTUAL)","Femenino",5001,"Valle del Cauca","Zarzal","Colombia","Urbana"
678,2110,"COLEGIO MAYOR DE ANTIOQUIA",2025,2,"Antiguo",116061,"TECNOLOGIA EN GESTION COMUNITARIA (VIRTUAL)","Femenino",5001,"Córdoba","Monteria","Colombia","Urbana"
679,2110,"COLEGIO MAYOR DE ANTIOQUIA",2025,2,"Antiguo",116061,"TECNOLOGIA EN GESTION COMUNITARIA (VIRTUAL)","Masculino",5001,"Antioquia","Remedios","Colombia","Urbana"
680,2110,"COLEGIO MAYOR DE ANTIOQUIA",2025,2,"Antiguo",116061,"TECNOLOGIA EN GESTION COMUNITARIA (VIRTUAL)","Femenino",5001,"Caldas","Río Sucio","Colombia","Urbana"
681,2110,"COLEGIO MAYOR DE ANTIOQUIA",2025,2,"Antiguo",116061,"TECNOLOGIA EN GESTION COMUNITARIA (VIRTUAL)","Femenino",5001,"Putumayo","Santiago","Colombia","Urbana"
682,2110,"COLEGIO MAYOR DE ANTIOQUIA",2025,2,"Antiguo",116061,"TECNOLOGIA EN GESTION COMUNITARIA (VIRTUAL)","Femenino",5001,"Antioquia","Remedios","Colombia","Urbana"
683,2110,"COLEGIO MAYOR DE ANTIOQUIA",2025,2,"Antiguo",116061,"TECNOLOGIA EN GESTION COMUNITARIA (VIRTUAL)","Femenino",5001,"Putumayo","San Francisco","Colombia","Urbana"
684,2110,"COLEGIO MAYOR DE ANTIOQUIA",2025,2,"Antiguo",116061,"TECNOLOGIA EN GESTION COMUNITARIA (VIRTUAL)","Femenino",5001,"Chocó","Acandí","Colombia","Urbana"
685,2110,"COLEGIO MAYOR DE ANTIOQUIA",2025,2,"Antiguo",116061,"TECNOLOGIA EN GESTION COMUNITARIA (VIRTUAL)","Femenino",5001,"Antioquia","Andes","Colombia","Urbana"
686,2110,"COLEGIO MAYOR DE ANTIOQUIA",2025,2,"Antiguo",116061,"TECNOLOGIA EN GESTION COMUNITARIA (VIRTUAL)","Masculino",5001,"Caldas","Río Sucio","Colombia","Urbana"
687,2110,"COLEGIO MAYOR DE ANTIOQUIA",2025,2,"Antiguo",116061,"TECNOLOGIA EN GESTION COMUNITARIA (VIRTUAL)","Femenino",5001,"Antioquia","San Pedro de Urabá","Colombia","Urbana"
688,2110,"COLEGIO MAYOR DE ANTIOQUIA",2025,2,"Antiguo",116061,"TECNOLOGIA EN GESTION COMUNITARIA (VIRTUAL)","Femenino",5001,"Putumayo","Sibundoy","Colombia","Urbana"
689,2110,"COLEGIO MAYOR DE ANTIOQUIA",2025,2,"Antiguo",116061,"TECNOLOGIA EN GESTION COMUNITARIA (VIRTUAL)","Femenino",5001,"Antioquia","San Roque","Colombia","Urbana"
690,2110,"COLEGIO MAYOR DE ANTIOQUIA",2025,2,"Antiguo",116061,"TECNOLOGIA EN GESTION COMUNITARIA (VIRTUAL)","Femenino",5001,"Antioquia","Carepa","Colombia","Urbana"
691,2110,"COLEGIO MAYOR DE ANTIOQUIA",2025,2,"Antiguo",116061,"TECNOLOGIA EN GESTION COMUNITARIA (VIRTUAL)","Femenino",5001,"Antioquia","San Pedro de Urabá","Colombia","Urbana"
692,2110,"COLEGIO MAYOR DE ANTIOQUIA",2025,2,"Antiguo",116061,"TECNOLOGIA EN GESTION COMUNITARIA (VIRTUAL)","Masculino",5001,"Antioquia","Medellín","Colombia","Urbana"
693,2110,"COLEGIO MAYOR DE ANTIOQUIA",2025,2,"Antiguo",116061,"TECNOLOGIA EN GESTION COMUNITARIA (VIRTUAL)","Femenino",5001,"Antioquia","San Pedro de Urabá","Colombia","Urbana"
694,2110,"COLEGIO MAYOR DE ANTIOQUIA",2025,2,"Antiguo",116061,"TECNOLOGIA EN GESTION COMUNITARIA (VIRTUAL)","Masculino",5001,"Caldas","Río Sucio","Colombia","Urbana"
695,2110,"COLEGIO MAYOR DE ANTIOQUIA",2025,2,"Antiguo",116061,"TECNOLOGIA EN GESTION COMUNITARIA (VIRTUAL)","Femenino",5001,"Caldas","Río Sucio","Colombia","Urbana"
696,2110,"COLEGIO MAYOR DE ANTIOQUIA",2025,2,"Antiguo",116061,"TECNOLOGIA EN GESTION COMUNITARIA (VIRTUAL)","Masculino",5001,"Caldas","Río Sucio","Colombia","Urbana"
697,2110,"COLEGIO MAYOR DE ANTIOQUIA",2025,2,"Antiguo",116061,"TECNOLOGIA EN GESTION COMUNITARIA (VIRTUAL)","Femenino",5001,"Caldas","Río Sucio","Colombia","Urbana"
698,2110,"COLEGIO MAYOR DE ANTIOQUIA",2025,2,"Antiguo",116061,"TECNOLOGIA EN GESTION COMUNITARIA (VIRTUAL)","Femenino",5001,"Caldas","Río Sucio","Colombia","Urbana"
699,2110,"COLEGIO MAYOR DE ANTIOQUIA",2025,2,"Antiguo",116061,"TECNOLOGIA EN GESTION COMUNITARIA (VIRTUAL)","Femenino",5001,"Córdoba","Cereté","Colombia","Urbana"
700,2110,"COLEGIO MAYOR DE ANTIOQUIA",2025,2,"Antiguo",116061,"TECNOLOGIA EN GESTION COMUNITARIA (VIRTUAL)","Masculino",5001,"Antioquia","Puerto Berrío","Colombia","Urbana"
701,2110,"COLEGIO MAYOR DE ANTIOQUIA",2025,2,"Antiguo",116061,"TECNOLOGIA EN GESTION COMUNITARIA (VIRTUAL)","Femenino",5001,"Antioquia","Puerto Berrío","Colombia","Urbana"
702,2110,"COLEGIO MAYOR DE ANTIOQUIA",2025,2,"Antiguo",116061,"TECNOLOGIA EN GESTION COMUNITARIA (VIRTUAL)","Femenino",5001,"Antioquia","San Juan de Urabá","Colombia","Urbana"
703,2110,"COLEGIO MAYOR DE ANTIOQUIA",2025,2,"Antiguo",116061,"TECNOLOGIA EN GESTION COMUNITARIA (VIRTUAL)","Femenino",5001,"Antioquia","Urrao","Colombia","Urbana"
704,2110,"COLEGIO MAYOR DE ANTIOQUIA",2025,2,"Antiguo",116061,"TECNOLOGIA EN GESTION COMUNITARIA (VIRTUAL)","Femenino",5001,"Antioquia","Apartadó","Colombia","Urbana"
705,2110,"COLEGIO MAYOR DE ANTIOQUIA",2025,2,"Antiguo",116061,"TECNOLOGIA EN GESTION COMUNITARIA (VIRTUAL)","Femenino",5001,"Antioquia","San Roque","Colombia","Urbana"
706,2110,"COLEGIO MAYOR DE ANTIOQUIA",2025,2,"Antiguo",116061,"TECNOLOGIA EN GESTION COMUNITARIA (VIRTUAL)","Femenino",5001,"Putumayo","Sibundoy","Colombia","Urbana"
707,2110,"COLEGIO MAYOR DE ANTIOQUIA",2025,2,"Antiguo",116061,"TECNOLOGIA EN GESTION COMUNITARIA (VIRTUAL)","Masculino",5001,"Putumayo","Sibundoy","Colombia","Urbana"
708,2110,"COLEGIO MAYOR DE ANTIOQUIA",2025,2,"Antiguo",116061,"TECNOLOGIA EN GESTION COMUNITARIA (VIRTUAL)","Femenino",5001,"Antioquia","Remedios","Colombia","Urbana"
709,2110,"COLEGIO MAYOR DE ANTIOQUIA",2025,2,"Antiguo",116061,"TECNOLOGIA EN GESTION COMUNITARIA (VIRTUAL)","Femenino",5001,"Caldas","Río Sucio","Colombia","Urbana"
710,2110,"COLEGIO MAYOR DE ANTIOQUIA",2025,2,"Antiguo",116061,"TECNOLOGIA EN GESTION COMUNITARIA (VIRTUAL)","Femenino",5001,"Antioquia","Medellín","Colombia","Urbana"
711,2110,"COLEGIO MAYOR DE ANTIOQUIA",2025,2,"Antiguo",116061,"TECNOLOGIA EN GESTION COMUNITARIA (VIRTUAL)","Masculino",5001,"Antioquia","San Pedro de Urabá","Colombia","Urbana"
712,2110,"COLEGIO MAYOR DE ANTIOQUIA",2025,2,"Antiguo",116061,"TECNOLOGIA EN GESTION COMUNITARIA (VIRTUAL)","Femenino",5001,"Antioquia","Murindó","Colombia","Urbana"
713,2110,"COLEGIO MAYOR DE ANTIOQUIA",2025,2,"Antiguo",116061,"TECNOLOGIA EN GESTION COMUNITARIA (VIRTUAL)","Femenino",5001,"Antioquia","San Andrés de Cuerquía","Colombia","Urbana"
714,2110,"COLEGIO MAYOR DE ANTIOQUIA",2025,2,"Antiguo",116061,"TECNOLOGIA EN GESTION COMUNITARIA (VIRTUAL)","Femenino",5001,"Antioquia","Andes","Colombia","Urbana"
715,2110,"COLEGIO MAYOR DE ANTIOQUIA",2025,2,"Antiguo",116061,"TECNOLOGIA EN GESTION COMUNITARIA (VIRTUAL)","Femenino",5001,"Antioquia","Apartadó","Colombia","Urbana"
716,2110,"COLEGIO MAYOR DE ANTIOQUIA",2025,2,"Antiguo",116061,"TECNOLOGIA EN GESTION COMUNITARIA (VIRTUAL)","Femenino",5001,"Antioquia","Necoclí","Colombia","Urbana"
717,2110,"COLEGIO MAYOR DE ANTIOQUIA",2025,2,"Antiguo",116061,"TECNOLOGIA EN GESTION COMUNITARIA (VIRTUAL)","Femenino",5001,"Putumayo","Sibundoy","Colombia","Urbana"
718,2110,"COLEGIO MAYOR DE ANTIOQUIA",2025,2,"Antiguo",116061,"TECNOLOGIA EN GESTION COMUNITARIA (VIRTUAL)","Femenino",5001,"Bogotá D.C.","Bogotá D.C.","Colombia","Urbana"
719,2110,"COLEGIO MAYOR DE ANTIOQUIA",2025,2,"Antiguo",116061,"TECNOLOGIA EN GESTION COMUNITARIA (VIRTUAL)","Femenino",5001,"Antioquia","Anorí","Colombia","Urbana"
720,2110,"COLEGIO MAYOR DE ANTIOQUIA",2025,2,"Antiguo",116061,"TECNOLOGIA EN GESTION COMUNITARIA (VIRTUAL)","Femenino",5001,"Antioquia","Apartadó","Colombia","Urbana"
721,2110,"COLEGIO MAYOR DE ANTIOQUIA",2025,2,"Antiguo",116061,"TECNOLOGIA EN GESTION COMUNITARIA (VIRTUAL)","Femenino",5001,"Antioquia","Apartadó","Colombia","Urbana"
722,2110,"COLEGIO MAYOR DE ANTIOQUIA",2025,2,"Antiguo",116061,"TECNOLOGIA EN GESTION COMUNITARIA (VIRTUAL)","Femenino",5001,"Putumayo","Sibundoy","Colombia","Urbana"
723,2110,"COLEGIO MAYOR DE ANTIOQUIA",2025,2,"Antiguo",116061,"TECNOLOGIA EN GESTION COMUNITARIA (VIRTUAL)","Masculino",5001,"Antioquia","Medellín","Colombia","Urbana"
724,2110,"COLEGIO MAYOR DE ANTIOQUIA",2025,2,"Antiguo",116061,"TECNOLOGIA EN GESTION COMUNITARIA (VIRTUAL)","Masculino",5001,"Antioquia","Caucasia","Colombia","Urbana"
725,2110,"COLEGIO MAYOR DE ANTIOQUIA",2025,2,"Antiguo",116061,"TECNOLOGIA EN GESTION COMUNITARIA (VIRTUAL)","Femenino",5001,"Antioquia","Maceo","Colombia","Urbana"
726,2110,"COLEGIO MAYOR DE ANTIOQUIA",2025,2,"Antiguo",116061,"TECNOLOGIA EN GESTION COMUNITARIA (VIRTUAL)","Femenino",5001,"Antioquia","San Pedro de Urabá","Colombia","Urbana"
727,2110,"COLEGIO MAYOR DE ANTIOQUIA",2025,2,"Antiguo",116061,"TECNOLOGIA EN GESTION COMUNITARIA (VIRTUAL)","Femenino",5001,"Antioquia","Apartadó","Colombia","Urbana"
728,2110,"COLEGIO MAYOR DE ANTIOQUIA",2025,2,"Antiguo",116061,"TECNOLOGIA EN GESTION COMUNITARIA (VIRTUAL)","Femenino",5001,"Antioquia","Medellín","Colombia","Urbana"
729,2110,"COLEGIO MAYOR DE ANTIOQUIA",2025,2,"Antiguo",116061,"TECNOLOGIA EN GESTION COMUNITARIA (VIRTUAL)","Masculino",5001,"Antioquia","Medellín","Colombia","Urbana"
730,2110,"COLEGIO MAYOR DE ANTIOQUIA",2025,2,"Antiguo",116061,"TECNOLOGIA EN GESTION COMUNITARIA (VIRTUAL)","Femenino",5001,"Antioquia","San Carlos","Colombia","Urbana"
731,2110,"COLEGIO MAYOR DE ANTIOQUIA",2025,2,"Antiguo",116061,"TECNOLOGIA EN GESTION COMUNITARIA (VIRTUAL)","Femenino",5001,"Antioquia","Anorí","Colombia","Urbana"
732,2110,"COLEGIO MAYOR DE ANTIOQUIA",2025,2,"Antiguo",116061,"TECNOLOGIA EN GESTION COMUNITARIA (VIRTUAL)","Femenino",5001,"Antioquia","San Roque","Colombia","Urbana"
733,2110,"COLEGIO MAYOR DE ANTIOQUIA",2025,2,"Antiguo",116061,"TECNOLOGIA EN GESTION COMUNITARIA (VIRTUAL)","Femenino",5001,"Antioquia","Vigía del Fuerte","Colombia","Urbana"
734,2110,"COLEGIO MAYOR DE ANTIOQUIA",2025,2,"Antiguo",116061,"TECNOLOGIA EN GESTION COMUNITARIA (VIRTUAL)","Femenino",5001,"Cauca","Miranda","Colombia","Urbana"
735,2110,"COLEGIO MAYOR DE ANTIOQUIA",2025,2,"Antiguo",116061,"TECNOLOGIA EN GESTION COMUNITARIA (VIRTUAL)","Femenino",5001,"Antioquia","Murindó","Colombia","Urbana"
736,2110,"COLEGIO MAYOR DE ANTIOQUIA",2025,2,"Antiguo",116061,"TECNOLOGIA EN GESTION COMUNITARIA (VIRTUAL)","Masculino",5001,"Antioquia","Andes","Colombia","Urbana"
737,2110,"COLEGIO MAYOR DE ANTIOQUIA",2025,2,"Antiguo",116061,"TECNOLOGIA EN GESTION COMUNITARIA (VIRTUAL)","Masculino",5001,"Antioquia","Chigorodó","Colombia","Urbana"
738,2110,"COLEGIO MAYOR DE ANTIOQUIA",2025,2,"Antiguo",116061,"TECNOLOGIA EN GESTION COMUNITARIA (VIRTUAL)","Femenino",5001,"Antioquia","Santa Fé de Antioquia","Colombia","Urbana"
739,2110,"COLEGIO MAYOR DE ANTIOQUIA",2025,2,"Antiguo",116061,"TECNOLOGIA EN GESTION COMUNITARIA (VIRTUAL)","Masculino",5001,"Putumayo","San Francisco","Colombia","Urbana"
740,2110,"COLEGIO MAYOR DE ANTIOQUIA",2025,2,"Antiguo",116061,"TECNOLOGIA EN GESTION COMUNITARIA (VIRTUAL)","Femenino",5001,"Antioquia","Remedios","Colombia","Urbana"
741,2110,"COLEGIO MAYOR DE ANTIOQUIA",2025,2,"Antiguo",116061,"TECNOLOGIA EN GESTION COMUNITARIA (VIRTUAL)","Femenino",5001,"Antioquia","Santa Fé de Antioquia","Colombia","Urbana"
742,2110,"COLEGIO MAYOR DE ANTIOQUIA",2025,2,"Antiguo",116061,"TECNOLOGIA EN GESTION COMUNITARIA (VIRTUAL)","Femenino",5001,"Cauca","Miranda","Colombia","Urbana"
743,2110,"COLEGIO MAYOR DE ANTIOQUIA",2025,2,"Antiguo",116061,"TECNOLOGIA EN GESTION COMUNITARIA (VIRTUAL)","Masculino",5001,"Antioquia","Valparaiso","Colombia","Urbana"
744,2110,"COLEGIO MAYOR DE ANTIOQUIA",2025,2,"Antiguo",116061,"TECNOLOGIA EN GESTION COMUNITARIA (VIRTUAL)","Femenino",5001,"Antioquia","Remedios","Colombia","Urbana"
745,2110,"COLEGIO MAYOR DE ANTIOQUIA",2025,2,"Antiguo",116061,"TECNOLOGIA EN GESTION COMUNITARIA (VIRTUAL)","Masculino",5001,"Antioquia","Andes","Colombia","Urbana"
746,2110,"COLEGIO MAYOR DE ANTIOQUIA",2025,2,"Antiguo",116061,"TECNOLOGIA EN GESTION COMUNITARIA (VIRTUAL)","Femenino",5001,"Antioquia","Andes","Colombia","Urbana"
747,2110,"COLEGIO MAYOR DE ANTIOQUIA",2025,2,"Antiguo",116061,"TECNOLOGIA EN GESTION COMUNITARIA (VIRTUAL)","Masculino",5001,"Antioquia","Medellín","Colombia","Urbana"
748,2110,"COLEGIO MAYOR DE ANTIOQUIA",2025,2,"Antiguo",116061,"TECNOLOGIA EN GESTION COMUNITARIA (VIRTUAL)","Femenino",5001,"Antioquia","San Carlos","Colombia","Urbana"
749,2110,"COLEGIO MAYOR DE ANTIOQUIA",2025,2,"Antiguo",116061,"TECNOLOGIA EN GESTION COMUNITARIA (VIRTUAL)","Femenino",5001,"Antioquia","Nechí","Colombia","Urbana"
750,2110,"COLEGIO MAYOR DE ANTIOQUIA",2025,2,"Antiguo",116061,"TECNOLOGIA EN GESTION COMUNITARIA (VIRTUAL)","Femenino",5001,"Antioquia","Andes","Colombia","Urbana"
751,2110,"COLEGIO MAYOR DE ANTIOQUIA",2025,2,"Antiguo",116061,"TECNOLOGIA EN GESTION COMUNITARIA (VIRTUAL)","Femenino",5001,"Antioquia","Caucasia","Colombia","Urbana"
752,2110,"COLEGIO MAYOR DE ANTIOQUIA",2025,2,"Antiguo",116061,"TECNOLOGIA EN GESTION COMUNITARIA (VIRTUAL)","Masculino",5001,"Antioquia","Andes","Colombia","Urbana"
753,2110,"COLEGIO MAYOR DE ANTIOQUIA",2025,2,"Nuevo",116955,"COMUNICACIÓN SOCIAL","Femenino",5001,"Antioquia","Medellín","Colombia","Urbana"
754,2110,"COLEGIO MAYOR DE ANTIOQUIA",2025,2,"Nuevo",116955,"COMUNICACIÓN SOCIAL","Femenino",5001,"Antioquia","Medellín","Colombia","Urbana"
755,2110,"COLEGIO MAYOR DE ANTIOQUIA",2025,2,"Nuevo",116955,"COMUNICACIÓN SOCIAL","Femenino",5001,"Antioquia","Medellín","Colombia","Urbana"
756,2110,"COLEGIO MAYOR DE ANTIOQUIA",2025,2,"Nuevo",116955,"COMUNICACIÓN SOCIAL","Femenino",5001,"Antioquia","Tarazá","Colombia","Urbana"
757,2110,"COLEGIO MAYOR DE ANTIOQUIA",2025,2,"Nuevo",116955,"COMUNICACIÓN SOCIAL","Femenino",5001,"Antioquia","Caldas","Colombia","Urbana"
758,2110,"COLEGIO MAYOR DE ANTIOQUIA",2025,2,"Nuevo",116955,"COMUNICACIÓN SOCIAL","Femenino",5001,"Antioquia","Medellín","Colombia","Urbana"
759,2110,"COLEGIO MAYOR DE ANTIOQUIA",2025,2,"Nuevo",116955,"COMUNICACIÓN SOCIAL","Masculino",5001,"Antioquia","Medellín","Colombia","Urbana"
760,2110,"COLEGIO MAYOR DE ANTIOQUIA",2025,2,"Nuevo",116955,"COMUNICACIÓN SOCIAL","Femenino",5001,"Antioquia","Medellín","Colombia","Urbana"
761,2110,"COLEGIO MAYOR DE ANTIOQUIA",2025,2,"Nuevo",116955,"COMUNICACIÓN SOCIAL","Femenino",5001,"Antioquia","Itagüí","Colombia","Urbana"
762,2110,"COLEGIO MAYOR DE ANTIOQUIA",2025,2,"Nuevo",116955,"COMUNICACIÓN SOCIAL","Masculino",5001,"Antioquia","Medellín","Colombia","Urbana"
763,2110,"COLEGIO MAYOR DE ANTIOQUIA",2025,2,"Nuevo",116955,"COMUNICACIÓN SOCIAL","Femenino",5001,"Antioquia","Medellín","Colombia","Urbana"
764,2110,"COLEGIO MAYOR DE ANTIOQUIA",2025,2,"Nuevo",116955,"COMUNICACIÓN SOCIAL","Femenino",5001,"Antioquia","Medellín","Colombia","Urbana"
765,2110,"COLEGIO MAYOR DE ANTIOQUIA",2025,2,"Nuevo",116955,"COMUNICACIÓN SOCIAL","Femenino",5001,"Antioquia","Medellín","Colombia","Urbana"
766,2110,"COLEGIO MAYOR DE ANTIOQUIA",2025,2,"Nuevo",116955,"COMUNICACIÓN SOCIAL","Masculino",5001,"Antioquia","Medellín","Colombia","Urbana"
767,2110,"COLEGIO MAYOR DE ANTIOQUIA",2025,2,"Nuevo",116955,"COMUNICACIÓN SOCIAL","Masculino",5001,"Antioquia","Medellín","Colombia","Urbana"
768,2110,"COLEGIO MAYOR DE ANTIOQUIA",2025,2,"Nuevo",116955,"COMUNICACIÓN SOCIAL","Masculino",5001,"Antioquia","Medellín","Colombia","Urbana"
769,2110,"COLEGIO MAYOR DE ANTIOQUIA",2025,2,"Nuevo",116955,"COMUNICACIÓN SOCIAL","Femenino",5001,"Antioquia","La Ceja","Colombia","Urbana"
770,2110,"COLEGIO MAYOR DE ANTIOQUIA",2025,2,"Nuevo",116955,"COMUNICACIÓN SOCIAL","Femenino",5001,"Antioquia","Medellín","Colombia","Urbana"
771,2110,"COLEGIO MAYOR DE ANTIOQUIA",2025,2,"Nuevo",116955,"COMUNICACIÓN SOCIAL","Masculino",5001,"Antioquia","Copacabana","Colombia","Urbana"
772,2110,"COLEGIO MAYOR DE ANTIOQUIA",2025,2,"Nuevo",116955,"COMUNICACIÓN SOCIAL","Femenino",5001,"Antioquia","Medellín","Colombia","Urbana"
773,2110,"COLEGIO MAYOR DE ANTIOQUIA",2025,2,"Nuevo",116955,"COMUNICACIÓN SOCIAL","Masculino",5001,"Antioquia","Medellín","Colombia","Urbana"
774,2110,"COLEGIO MAYOR DE ANTIOQUIA",2025,2,"Nuevo",116955,"COMUNICACIÓN SOCIAL","Femenino",5001,"Antioquia","Medellín","Colombia","Urbana"
775,2110,"COLEGIO MAYOR DE ANTIOQUIA",2025,2,"Nuevo",116955,"COMUNICACIÓN SOCIAL","Masculino",5001,"Antioquia","San Pedro","Colombia","Urbana"
776,2110,"COLEGIO MAYOR DE ANTIOQUIA",2025,2,"Nuevo",116955,"COMUNICACIÓN SOCIAL","Femenino",5001,"Antioquia","Medellín","Colombia","Urbana"
777,2110,"COLEGIO MAYOR DE ANTIOQUIA",2025,2,"Nuevo",116955,"COMUNICACIÓN SOCIAL","Masculino",5001,"Antioquia","Medellín","Colombia","Urbana"
778,2110,"COLEGIO MAYOR DE ANTIOQUIA",2025,2,"Nuevo",116955,"COMUNICACIÓN SOCIAL","Femenino",5001,"Antioquia","Medellín","Colombia","Urbana"
779,2110,"COLEGIO MAYOR DE ANTIOQUIA",2025,2,"Nuevo",116955,"COMUNICACIÓN SOCIAL","Femenino",5001,"Antioquia","Medellín","Colombia","Urbana"
780,2110,"COLEGIO MAYOR DE ANTIOQUIA",2025,2,"Nuevo",116955,"COMUNICACIÓN SOCIAL","Masculino",5001,"Antioquia","Medellín","Colombia","Urbana"
781,2110,"COLEGIO MAYOR DE ANTIOQUIA",2025,2,"Nuevo",116955,"COMUNICACIÓN SOCIAL","Femenino",5001,"Antioquia","Medellín","Colombia","Urbana"
782,2110,"COLEGIO MAYOR DE ANTIOQUIA",2025,2,"Nuevo",116955,"COMUNICACIÓN SOCIAL","Femenino",5001,"Antioquia","Medellín","Colombia","Urbana"
783,2110,"COLEGIO MAYOR DE ANTIOQUIA",2025,2,"Nuevo",116955,"COMUNICACIÓN SOCIAL","Femenino",5001,"Antioquia","Copacabana","Colombia","Urbana"
784,2110,"COLEGIO MAYOR DE ANTIOQUIA",2025,2,"Nuevo",116955,"COMUNICACIÓN SOCIAL","Masculino",5001,"Antioquia","La Estrella","Colombia","Urbana"
785,2110,"COLEGIO MAYOR DE ANTIOQUIA",2025,2,"Nuevo",116955,"COMUNICACIÓN SOCIAL","Femenino",5001,"Antioquia","Itagüí","Colombia","Urbana"
786,2110,"COLEGIO MAYOR DE ANTIOQUIA",2025,2,"Nuevo",116955,"COMUNICACIÓN SOCIAL","Femenino",5001,"Antioquia","Medellín","Colombia","Urbana"
787,2110,"COLEGIO MAYOR DE ANTIOQUIA",2025,2,"Nuevo",116955,"COMUNICACIÓN SOCIAL","Masculino",5001,"Antioquia","Medellín","Colombia","Urbana"
788,2110,"COLEGIO MAYOR DE ANTIOQUIA",2025,2,"Nuevo",116955,"COMUNICACIÓN SOCIAL","Femenino",5001,"Antioquia","Medellín","Colombia","Urbana"
789,2110,"COLEGIO MAYOR DE ANTIOQUIA",2025,2,"Nuevo",116955,"COMUNICACIÓN SOCIAL","Femenino",5001,"Antioquia","Girardota","Colombia","Urbana"
790,2110,"COLEGIO MAYOR DE ANTIOQUIA",2025,2,"Nuevo",116955,"COMUNICACIÓN SOCIAL","Femenino",5001,"Córdoba","San Pelayo","Colombia","Urbana"
791,2110,"COLEGIO MAYOR DE ANTIOQUIA",2025,2,"Nuevo",116955,"COMUNICACIÓN SOCIAL","Femenino",5001,"Antioquia","Medellín","Colombia","Urbana"
792,2110,"COLEGIO MAYOR DE ANTIOQUIA",2025,2,"Nuevo",116955,"COMUNICACIÓN SOCIAL","Femenino",5001,"Antioquia","Medellín","Colombia","Urbana"
793,2110,"COLEGIO MAYOR DE ANTIOQUIA",2025,2,"Nuevo",116955,"COMUNICACIÓN SOCIAL","Femenino",5001,"Antioquia","Medellín","Colombia","Urbana"
794,2110,"COLEGIO MAYOR DE ANTIOQUIA",2025,2,"Nuevo",116955,"COMUNICACIÓN SOCIAL","Femenino",5001,"Antioquia","Medellín","Colombia","Urbana"
795,2110,"COLEGIO MAYOR DE ANTIOQUIA",2025,2,"Nuevo",116955,"COMUNICACIÓN SOCIAL","Femenino",5001,"Antioquia","Medellín","Colombia","Urbana"
796,2110,"COLEGIO MAYOR DE ANTIOQUIA",2025,2,"Nuevo",116955,"COMUNICACIÓN SOCIAL","Femenino",5001,"Antioquia","Medellín","Colombia","Urbana"
797,2110,"COLEGIO MAYOR DE ANTIOQUIA",2025,2,"Nuevo",116955,"COMUNICACIÓN SOCIAL","Femenino",5001,"Antioquia","La Estrella","Colombia","Urbana"
798,2110,"COLEGIO MAYOR DE ANTIOQUIA",2025,2,"Nuevo",116955,"COMUNICACIÓN SOCIAL","Femenino",5001,"Antioquia","Medellín","Colombia","Urbana"
799,2110,"COLEGIO MAYOR DE ANTIOQUIA",2025,2,"Nuevo",116955,"COMUNICACIÓN SOCIAL","Masculino",5001,"Antioquia","Medellín","Colombia","Urbana"
800,2110,"COLEGIO MAYOR DE ANTIOQUIA",2025,2,"Nuevo",116955,"COMUNICACIÓN SOCIAL","Femenino",5001,"Antioquia","Medellín","Colombia","Urbana"
801,2110,"COLEGIO MAYOR DE ANTIOQUIA",2025,2,"Nuevo",116955,"COMUNICACIÓN SOCIAL","Masculino",5001,"Antioquia","Medellín","Colombia","Urbana"
802,2110,"COLEGIO MAYOR DE ANTIOQUIA",2025,2,"Nuevo",116955,"COMUNICACIÓN SOCIAL","Femenino",5001,"Antioquia","Medellín","Colombia","Urbana"
803,2110,"COLEGIO MAYOR DE ANTIOQUIA",2025,2,"Nuevo",116955,"COMUNICACIÓN SOCIAL","Masculino",5001,"Antioquia","Medellín","Colombia","Urbana"
804,2110,"COLEGIO MAYOR DE ANTIOQUIA",2025,2,"Nuevo",116955,"COMUNICACIÓN SOCIAL","Femenino",5001,"Antioquia","Medellín","Colombia","Urbana"
805,2110,"COLEGIO MAYOR DE ANTIOQUIA",2025,2,"Nuevo",116955,"COMUNICACIÓN SOCIAL","Masculino",5001,"Antioquia","Medellín","Colombia","Urbana"
806,2110,"COLEGIO MAYOR DE ANTIOQUIA",2025,2,"Nuevo",116955,"COMUNICACIÓN SOCIAL","Femenino",5001,"Antioquia","Medellín","Colombia","Urbana"
807,2110,"COLEGIO MAYOR DE ANTIOQUIA",2025,2,"Transferencia interna",116955,"COMUNICACIÓN SOCIAL","Masculino",5001,"Antioquia","Medellín","Colombia","Urbana"
808,2110,"COLEGIO MAYOR DE ANTIOQUIA",2025,2,"Transferencia interna",116955,"COMUNICACIÓN SOCIAL","Femenino",5001,"Antioquia","Medellín","Colombia","Urbana"
809,2110,"COLEGIO MAYOR DE ANTIOQUIA",2025,2,"Transferencia interna",116955,"COMUNICACIÓN SOCIAL","Masculino",5001,"Antioquia","Medellín","Colombia","Urbana"
810,2110,"COLEGIO MAYOR DE ANTIOQUIA",2025,2,"Antiguo",116955,"COMUNICACIÓN SOCIAL","Femenino",5001,"Antioquia","Medellín","Colombia","Urbana"
811,2110,"COLEGIO MAYOR DE ANTIOQUIA",2025,2,"Antiguo",116955,"COMUNICACIÓN SOCIAL","Femenino",5001,"Antioquia","Medellín","Colombia","Urbana"
812,2110,"COLEGIO MAYOR DE ANTIOQUIA",2025,2,"Antiguo",116955,"COMUNICACIÓN SOCIAL","Femenino",5001,"Antioquia","Medellín","Colombia","Urbana"
813,2110,"COLEGIO MAYOR DE ANTIOQUIA",2025,2,"Antiguo",116955,"COMUNICACIÓN SOCIAL","Femenino",5001,"Antioquia","Medellín","Colombia","Urbana"
814,2110,"COLEGIO MAYOR DE ANTIOQUIA",2025,2,"Antiguo",116955,"COMUNICACIÓN SOCIAL","Femenino",5001,"Antioquia","Medellín","Colombia","Urbana"
815,2110,"COLEGIO MAYOR DE ANTIOQUIA",2025,2,"Antiguo",116955,"COMUNICACIÓN SOCIAL","Femenino",5001,"Antioquia","Medellín","Colombia","Urbana"
816,2110,"COLEGIO MAYOR DE ANTIOQUIA",2025,2,"Antiguo",116955,"COMUNICACIÓN SOCIAL","Femenino",5001,"Antioquia","Medellín","Colombia","Urbana"
817,2110,"COLEGIO MAYOR DE ANTIOQUIA",2025,2,"Antiguo",116955,"COMUNICACIÓN SOCIAL","Masculino",5001,"Antioquia","Medellín","Colombia","Urbana"
818,2110,"COLEGIO MAYOR DE ANTIOQUIA",2025,2,"Antiguo",116955,"COMUNICACIÓN SOCIAL","Femenino",5001,"Antioquia","Medellín","Colombia","Urbana"
819,2110,"COLEGIO MAYOR DE ANTIOQUIA",2025,2,"Antiguo",116955,"COMUNICACIÓN SOCIAL","Femenino",5001,"Antioquia","Medellín","Colombia","Urbana"
820,2110,"COLEGIO MAYOR DE ANTIOQUIA",2025,2,"Antiguo",116955,"COMUNICACIÓN SOCIAL","Masculino",5001,"Antioquia","Medellín","Colombia","Urbana"
821,2110,"COLEGIO MAYOR DE ANTIOQUIA",2025,2,"Antiguo",116955,"COMUNICACIÓN SOCIAL","Masculino",5001,"Antioquia","Bello","Colombia","Urbana"
822,2110,"COLEGIO MAYOR DE ANTIOQUIA",2025,2,"Antiguo",116955,"COMUNICACIÓN SOCIAL","Femenino",5001,"Antioquia","Medellín","Colombia","Urbana"
823,2110,"COLEGIO MAYOR DE ANTIOQUIA",2025,2,"Antiguo",116955,"COMUNICACIÓN SOCIAL","Femenino",5001,"Antioquia","Medellín","Colombia","Urbana"
824,2110,"COLEGIO MAYOR DE ANTIOQUIA",2025,2,"Antiguo",116955,"COMUNICACIÓN SOCIAL","Femenino",5001,"Chocó","Quibdó","Colombia","Urbana"
825,2110,"COLEGIO MAYOR DE ANTIOQUIA",2025,2,"Antiguo",116955,"COMUNICACIÓN SOCIAL","Femenino",5001,"Antioquia","Medellín","Colombia","Urbana"
826,2110,"COLEGIO MAYOR DE ANTIOQUIA",2025,2,"Antiguo",116955,"COMUNICACIÓN SOCIAL","Femenino",5001,"Antioquia","Medellín","Colombia","Urbana"
827,2110,"COLEGIO MAYOR DE ANTIOQUIA",2025,2,"Antiguo",116955,"COMUNICACIÓN SOCIAL","Masculino",5001,"Antioquia","Medellín","Colombia","Urbana"
828,2110,"COLEGIO MAYOR DE ANTIOQUIA",2025,2,"Antiguo",116955,"COMUNICACIÓN SOCIAL","Masculino",5001,"Antioquia","Medellín","Colombia","Urbana"
829,2110,"COLEGIO MAYOR DE ANTIOQUIA",2025,2,"Antiguo",116955,"COMUNICACIÓN SOCIAL","Femenino",5001,"Antioquia","Medellín","Colombia","Urbana"
830,2110,"COLEGIO MAYOR DE ANTIOQUIA",2025,2,"Antiguo",116955,"COMUNICACIÓN SOCIAL","Femenino",5001,"Antioquia","Medellín","Colombia","Urbana"
831,2110,"COLEGIO MAYOR DE ANTIOQUIA",2025,2,"Antiguo",116955,"COMUNICACIÓN SOCIAL","Masculino",5001,"Antioquia","Medellín","Colombia","Urbana"
832,2110,"COLEGIO MAYOR DE ANTIOQUIA",2025,2,"Antiguo",116955,"COMUNICACIÓN SOCIAL","Femenino",5001,"Antioquia","Medellín","Colombia","Urbana"
833,2110,"COLEGIO MAYOR DE ANTIOQUIA",2025,2,"Antiguo",116955,"COMUNICACIÓN SOCIAL","Femenino",5001,"Antioquia","Medellín","Colombia","Urbana"
834,2110,"COLEGIO MAYOR DE ANTIOQUIA",2025,2,"Antiguo",116955,"COMUNICACIÓN SOCIAL","Femenino",5001,"Antioquia","Medellín","Colombia","Urbana"
835,2110,"COLEGIO MAYOR DE ANTIOQUIA",2025,2,"Antiguo",116955,"COMUNICACIÓN SOCIAL","Masculino",5001,"Antioquia","Itagüí","Colombia","Urbana"
836,2110,"COLEGIO MAYOR DE ANTIOQUIA",2025,2,"Antiguo",116955,"COMUNICACIÓN SOCIAL","Femenino",5001,"Antioquia","Medellín","Colombia","Urbana"
837,2110,"COLEGIO MAYOR DE ANTIOQUIA",2025,2,"Antiguo",116955,"COMUNICACIÓN SOCIAL","Femenino",5001,"Antioquia","Bello","Colombia","Urbana"
838,2110,"COLEGIO MAYOR DE ANTIOQUIA",2025,2,"Antiguo",116955,"COMUNICACIÓN SOCIAL","Femenino",5001,"Antioquia","Medellín","Colombia","Urbana"
839,2110,"COLEGIO MAYOR DE ANTIOQUIA",2025,2,"Antiguo",116955,"COMUNICACIÓN SOCIAL","Femenino",5001,"Antioquia","Medellín","Colombia","Urbana"
840,2110,"COLEGIO MAYOR DE ANTIOQUIA",2025,2,"Antiguo",116955,"COMUNICACIÓN SOCIAL","Masculino",5001,"Antioquia","Medellín","Colombia","Urbana"
841,2110,"COLEGIO MAYOR DE ANTIOQUIA",2025,2,"Antiguo",116955,"COMUNICACIÓN SOCIAL","Femenino",5001,"Antioquia","Medellín","Colombia","Urbana"
842,2110,"COLEGIO MAYOR DE ANTIOQUIA",2025,2,"Antiguo",116955,"COMUNICACIÓN SOCIAL","Femenino",5001,"Antioquia","Medellín","Colombia","Urbana"
843,2110,"COLEGIO MAYOR DE ANTIOQUIA",2025,2,"Antiguo",116955,"COMUNICACIÓN SOCIAL","Femenino",5001,"Antioquia","Medellín","Colombia","Urbana"
844,2110,"COLEGIO MAYOR DE ANTIOQUIA",2025,2,"Antiguo",116955,"COMUNICACIÓN SOCIAL","Masculino",5001,"Antioquia","Bello","Colombia","Urbana"
845,2110,"COLEGIO MAYOR DE ANTIOQUIA",2025,2,"Antiguo",116955,"COMUNICACIÓN SOCIAL","Femenino",5001,"Antioquia","Medellín","Colombia","Urbana"
846,2110,"COLEGIO MAYOR DE ANTIOQUIA",2025,2,"Antiguo",116955,"COMUNICACIÓN SOCIAL","Femenino",5001,"Antioquia","Bello","Colombia","Urbana"
847,2110,"COLEGIO MAYOR DE ANTIOQUIA",2025,2,"Antiguo",116955,"COMUNICACIÓN SOCIAL","Femenino",5001,"Antioquia","Medellín","Colombia","Urbana"
848,2110,"COLEGIO MAYOR DE ANTIOQUIA",2025,2,"Antiguo",116955,"COMUNICACIÓN SOCIAL","Femenino",5001,"Antioquia","Medellín","Colombia","Urbana"
849,2110,"COLEGIO MAYOR DE ANTIOQUIA",2025,2,"Antiguo",116955,"COMUNICACIÓN SOCIAL","Femenino",5001,"Antioquia","Medellín","Colombia","Urbana"
850,2110,"COLEGIO MAYOR DE ANTIOQUIA",2025,2,"Antiguo",116955,"COMUNICACIÓN SOCIAL","Femenino",5001,"Antioquia","Bello","Colombia","Urbana"
851,2110,"COLEGIO MAYOR DE ANTIOQUIA",2025,2,"Antiguo",116955,"COMUNICACIÓN SOCIAL","Femenino",5001,"Putumayo","Villagarzón","Colombia","Urbana"
852,2110,"COLEGIO MAYOR DE ANTIOQUIA",2025,2,"Antiguo",116955,"COMUNICACIÓN SOCIAL","Femenino",5001,"Antioquia","Medellín","Colombia","Urbana"
853,2110,"COLEGIO MAYOR DE ANTIOQUIA",2025,2,"Antiguo",116955,"COMUNICACIÓN SOCIAL","Masculino",5001,"Antioquia","Medellín","Colombia","Urbana"
854,2110,"COLEGIO MAYOR DE ANTIOQUIA",2025,2,"Antiguo",116955,"COMUNICACIÓN SOCIAL","Femenino",5001,"Antioquia","Medellín","Colombia","Urbana"
855,2110,"COLEGIO MAYOR DE ANTIOQUIA",2025,2,"Antiguo",116955,"COMUNICACIÓN SOCIAL","Femenino",5001,"Antioquia","Medellín","Colombia","Urbana"
856,2110,"COLEGIO MAYOR DE ANTIOQUIA",2025,2,"Antiguo",116955,"COMUNICACIÓN SOCIAL","Femenino",5001,"Antioquia","Itagüí","Colombia","Urbana"
857,2110,"COLEGIO MAYOR DE ANTIOQUIA",2025,2,"Antiguo",116955,"COMUNICACIÓN SOCIAL","Masculino",5001,"Antioquia","Medellín","Colombia","Urbana"
858,2110,"COLEGIO MAYOR DE ANTIOQUIA",2025,2,"Antiguo",116955,"COMUNICACIÓN SOCIAL","Masculino",5001,"Antioquia","Medellín","Colombia","Urbana"
859,2110,"COLEGIO MAYOR DE ANTIOQUIA",2025,2,"Antiguo",116955,"COMUNICACIÓN SOCIAL","Femenino",5001,"Antioquia","San Pedro","Colombia","Urbana"
860,2110,"COLEGIO MAYOR DE ANTIOQUIA",2025,2,"Antiguo",116955,"COMUNICACIÓN SOCIAL","Femenino",5001,"Antioquia","Medellín","Colombia","Urbana"
861,2110,"COLEGIO MAYOR DE ANTIOQUIA",2025,2,"Antiguo",116955,"COMUNICACIÓN SOCIAL","Femenino",5001,"Antioquia","Medellín","Colombia","Urbana"
862,2110,"COLEGIO MAYOR DE ANTIOQUIA",2025,2,"Antiguo",116955,"COMUNICACIÓN SOCIAL","Femenino",5001,"Antioquia","Medellín","Colombia","Urbana"
863,2110,"COLEGIO MAYOR DE ANTIOQUIA",2025,2,"Antiguo",116955,"COMUNICACIÓN SOCIAL","Femenino",5001,"Antioquia","Medellín","Colombia","Urbana"
864,2110,"COLEGIO MAYOR DE ANTIOQUIA",2025,2,"Antiguo",116955,"COMUNICACIÓN SOCIAL","Femenino",5001,"Antioquia","Medellín","Colombia","Urbana"
865,2110,"COLEGIO MAYOR DE ANTIOQUIA",2025,2,"Antiguo",116955,"COMUNICACIÓN SOCIAL","Masculino",5001,"Antioquia","Medellín","Colombia","Urbana"
866,2110,"COLEGIO MAYOR DE ANTIOQUIA",2025,2,"Antiguo",116955,"COMUNICACIÓN SOCIAL","Femenino",5001,"Antioquia","Medellín","Colombia","Urbana"
867,2110,"COLEGIO MAYOR DE ANTIOQUIA",2025,2,"Antiguo",116955,"COMUNICACIÓN SOCIAL","Masculino",5001,"Antioquia","Sabaneta","Colombia","Urbana"
868,2110,"COLEGIO MAYOR DE ANTIOQUIA",2025,2,"Antiguo",116955,"COMUNICACIÓN SOCIAL","Masculino",5001,"Antioquia","Medellín","Colombia","Urbana"
869,2110,"COLEGIO MAYOR DE ANTIOQUIA",2025,2,"Antiguo",116955,"COMUNICACIÓN SOCIAL","Femenino",5001,"Antioquia","Medellín","Colombia","Urbana"
870,2110,"COLEGIO MAYOR DE ANTIOQUIA",2025,2,"Antiguo",116955,"COMUNICACIÓN SOCIAL","Masculino",5001,"Antioquia","Medellín","Colombia","Urbana"
871,2110,"COLEGIO MAYOR DE ANTIOQUIA",2025,2,"Antiguo",116955,"COMUNICACIÓN SOCIAL","Femenino",5001,"Antioquia","Barbosa","Colombia","Urbana"
872,2110,"COLEGIO MAYOR DE ANTIOQUIA",2025,2,"Antiguo",116955,"COMUNICACIÓN SOCIAL","Femenino",5001,"Antioquia","Medellín","Colombia","Urbana"
873,2110,"COLEGIO MAYOR DE ANTIOQUIA",2025,2,"Antiguo",116955,"COMUNICACIÓN SOCIAL","Femenino",5001,"Antioquia","Medellín","Colombia","Urbana"
874,2110,"COLEGIO MAYOR DE ANTIOQUIA",2025,2,"Antiguo",116955,"COMUNICACIÓN SOCIAL","Femenino",5001,"Antioquia","Bello","Colombia","Urbana"
875,2110,"COLEGIO MAYOR DE ANTIOQUIA",2025,2,"Antiguo",116955,"COMUNICACIÓN SOCIAL","Masculino",5001,"Antioquia","Medellín","Colombia","Urbana"
876,2110,"COLEGIO MAYOR DE ANTIOQUIA",2025,2,"Antiguo",116955,"COMUNICACIÓN SOCIAL","Femenino",5001,"Antioquia","Medellín","Colombia","Urbana"
877,2110,"COLEGIO MAYOR DE ANTIOQUIA",2025,2,"Antiguo",116955,"COMUNICACIÓN SOCIAL","Femenino",5001,"Antioquia","Medellín","Colombia","Urbana"
878,2110,"COLEGIO MAYOR DE ANTIOQUIA",2025,2,"Antiguo",116955,"COMUNICACIÓN SOCIAL","Masculino",5001,"Antioquia","Medellín","Colombia","Urbana"
879,2110,"COLEGIO MAYOR DE ANTIOQUIA",2025,2,"Antiguo",116955,"COMUNICACIÓN SOCIAL","Femenino",5001,"Antioquia","Bello","Colombia","Urbana"
880,2110,"COLEGIO MAYOR DE ANTIOQUIA",2025,2,"Antiguo",116955,"COMUNICACIÓN SOCIAL","Femenino",5001,"Antioquia","Medellín","Colombia","Urbana"
881,2110,"COLEGIO MAYOR DE ANTIOQUIA",2025,2,"Antiguo",116955,"COMUNICACIÓN SOCIAL","Femenino",5001,"Antioquia","Medellín","Colombia","Urbana"
882,2110,"COLEGIO MAYOR DE ANTIOQUIA",2025,2,"Antiguo",116955,"COMUNICACIÓN SOCIAL","Femenino",5001,"Antioquia","Medellín","Colombia","Urbana"
883,2110,"COLEGIO MAYOR DE ANTIOQUIA",2025,2,"Antiguo",116955,"COMUNICACIÓN SOCIAL","Femenino",5001,"Antioquia","Medellín","Colombia","Urbana"
884,2110,"COLEGIO MAYOR DE ANTIOQUIA",2025,2,"Antiguo",116955,"COMUNICACIÓN SOCIAL","Femenino",5001,"Antioquia","Medellín","Colombia","Urbana"
885,2110,"COLEGIO MAYOR DE ANTIOQUIA",2025,2,"Antiguo",116955,"COMUNICACIÓN SOCIAL","Femenino",5001,"Antioquia","Medellín","Colombia","Urbana"
886,2110,"COLEGIO MAYOR DE ANTIOQUIA",2025,2,"Antiguo",116955,"COMUNICACIÓN SOCIAL","Femenino",5001,"Antioquia","Bello","Colombia","Urbana"
887,2110,"COLEGIO MAYOR DE ANTIOQUIA",2025,2,"Antiguo",116955,"COMUNICACIÓN SOCIAL","Masculino",5001,"Antioquia","Medellín","Colombia","Urbana"
888,2110,"COLEGIO MAYOR DE ANTIOQUIA",2025,2,"Antiguo",116955,"COMUNICACIÓN SOCIAL","Femenino",5001,"Antioquia","Medellín","Colombia","Urbana"
889,2110,"COLEGIO MAYOR DE ANTIOQUIA",2025,2,"Antiguo",116955,"COMUNICACIÓN SOCIAL","Femenino",5001,"Antioquia","Medellín","Colombia","Urbana"
890,2110,"COLEGIO MAYOR DE ANTIOQUIA",2025,2,"Antiguo",116955,"COMUNICACIÓN SOCIAL","Femenino",5001,"Antioquia","Medellín","Colombia","Urbana"
891,2110,"COLEGIO MAYOR DE ANTIOQUIA",2025,2,"Antiguo",116955,"COMUNICACIÓN SOCIAL","Femenino",5001,"Antioquia","Medellín","Colombia","Urbana"
892,2110,"COLEGIO MAYOR DE ANTIOQUIA",2025,2,"Antiguo",116955,"COMUNICACIÓN SOCIAL","Masculino",5001,"Antioquia","Medellín","Colombia","Urbana"
893,2110,"COLEGIO MAYOR DE ANTIOQUIA",2025,2,"Antiguo",116955,"COMUNICACIÓN SOCIAL","Femenino",5001,"Antioquia","Medellín","Colombia","Urbana"
894,2110,"COLEGIO MAYOR DE ANTIOQUIA",2025,2,"Antiguo",116955,"COMUNICACIÓN SOCIAL","Femenino",5001,"Antioquia","Bello","Colombia","Urbana"
895,2110,"COLEGIO MAYOR DE ANTIOQUIA",2025,2,"Antiguo",116955,"COMUNICACIÓN SOCIAL","Masculino",5001,"Antioquia","Bello","Colombia","Urbana"
896,2110,"COLEGIO MAYOR DE ANTIOQUIA",2025,2,"Antiguo",116955,"COMUNICACIÓN SOCIAL","Femenino",5001,"Antioquia","Medellín","Colombia","Urbana"
897,2110,"COLEGIO MAYOR DE ANTIOQUIA",2025,2,"Antiguo",116955,"COMUNICACIÓN SOCIAL","Femenino",5001,"Antioquia","Medellín","Colombia","Urbana"
898,2110,"COLEGIO MAYOR DE ANTIOQUIA",2025,2,"Antiguo",116955,"COMUNICACIÓN SOCIAL","Femenino",5001,"Antioquia","Medellín","Colombia","Urbana"
899,2110,"COLEGIO MAYOR DE ANTIOQUIA",2025,2,"Antiguo",116955,"COMUNICACIÓN SOCIAL","Masculino",5001,"Antioquia","Medellín","Colombia","Urbana"
900,2110,"COLEGIO MAYOR DE ANTIOQUIA",2025,2,"Reingreso",116955,"COMUNICACIÓN SOCIAL","Femenino",5001,"Antioquia","Medellín","Colombia","Urbana"
901,2110,"COLEGIO MAYOR DE ANTIOQUIA",2025,2,"Nuevo",117124,"TECNOLOGÍA EN GESTIÓN DE LA COMUNICACIÓN EN MEDIOS (PRESENCIAL)","Masculino",5001,"Antioquia","Medellín","Colombia","Urbana"
902,2110,"COLEGIO MAYOR DE ANTIOQUIA",2025,2,"Nuevo",117124,"TECNOLOGÍA EN GESTIÓN DE LA COMUNICACIÓN EN MEDIOS (PRESENCIAL)","Femenino",5001,"Antioquia","Medellín","Colombia","Urbana"
903,2110,"COLEGIO MAYOR DE ANTIOQUIA",2025,2,"Nuevo",117124,"TECNOLOGÍA EN GESTIÓN DE LA COMUNICACIÓN EN MEDIOS (PRESENCIAL)","Femenino",5001,"Antioquia","Medellín","Colombia","Urbana"
904,2110,"COLEGIO MAYOR DE ANTIOQUIA",2025,2,"Nuevo",117124,"TECNOLOGÍA EN GESTIÓN DE LA COMUNICACIÓN EN MEDIOS (PRESENCIAL)","Masculino",5001,"Antioquia","Medellín","Colombia","Urbana"
905,2110,"COLEGIO MAYOR DE ANTIOQUIA",2025,2,"Nuevo",117124,"TECNOLOGÍA EN GESTIÓN DE LA COMUNICACIÓN EN MEDIOS (PRESENCIAL)","Masculino",5001,"Antioquia","Medellín","Colombia","Urbana"
906,2110,"COLEGIO MAYOR DE ANTIOQUIA",2025,2,"Nuevo",117124,"TECNOLOGÍA EN GESTIÓN DE LA COMUNICACIÓN EN MEDIOS (PRESENCIAL)","Masculino",5001,"Antioquia","Medellín","Colombia","Urbana"
907,2110,"COLEGIO MAYOR DE ANTIOQUIA",2025,2,"Nuevo",117124,"TECNOLOGÍA EN GESTIÓN DE LA COMUNICACIÓN EN MEDIOS (PRESENCIAL)","Masculino",5001,"Antioquia","Medellín","Colombia","Urbana"
908,2110,"COLEGIO MAYOR DE ANTIOQUIA",2025,2,"Nuevo",117124,"TECNOLOGÍA EN GESTIÓN DE LA COMUNICACIÓN EN MEDIOS (PRESENCIAL)","Femenino",5001,"Antioquia","La Estrella","Colombia","Urbana"
909,2110,"COLEGIO MAYOR DE ANTIOQUIA",2025,2,"Nuevo",117124,"TECNOLOGÍA EN GESTIÓN DE LA COMUNICACIÓN EN MEDIOS (PRESENCIAL)","Femenino",5001,"Antioquia","Medellín","Colombia","Urbana"
910,2110,"COLEGIO MAYOR DE ANTIOQUIA",2025,2,"Nuevo",117124,"TECNOLOGÍA EN GESTIÓN DE LA COMUNICACIÓN EN MEDIOS (PRESENCIAL)","Masculino",5001,"Antioquia","Medellín","Colombia","Urbana"
911,2110,"COLEGIO MAYOR DE ANTIOQUIA",2025,2,"Nuevo",117124,"TECNOLOGÍA EN GESTIÓN DE LA COMUNICACIÓN EN MEDIOS (PRESENCIAL)","Femenino",5001,"Antioquia","Medellín","Colombia","Urbana"
912,2110,"COLEGIO MAYOR DE ANTIOQUIA",2025,2,"Nuevo",117124,"TECNOLOGÍA EN GESTIÓN DE LA COMUNICACIÓN EN MEDIOS (PRESENCIAL)","Femenino",5001,"Antioquia","Medellín","Colombia","Urbana"
913,2110,"COLEGIO MAYOR DE ANTIOQUIA",2025,2,"Antiguo",117124,"TECNOLOGÍA EN GESTIÓN DE LA COMUNICACIÓN EN MEDIOS (PRESENCIAL)","Masculino",5001,"Antioquia","Medellín","Colombia","Urbana"
914,2110,"COLEGIO MAYOR DE ANTIOQUIA",2025,2,"Antiguo",117124,"TECNOLOGÍA EN GESTIÓN DE LA COMUNICACIÓN EN MEDIOS (PRESENCIAL)","Masculino",5001,"Antioquia","Medellín","Colombia","Urbana"
915,2110,"COLEGIO MAYOR DE ANTIOQUIA",2025,2,"Antiguo",117124,"TECNOLOGÍA EN GESTIÓN DE LA COMUNICACIÓN EN MEDIOS (PRESENCIAL)","Masculino",5001,"Antioquia","Anorí","Colombia","Urbana"
916,2110,"COLEGIO MAYOR DE ANTIOQUIA",2025,2,"Antiguo",117124,"TECNOLOGÍA EN GESTIÓN DE LA COMUNICACIÓN EN MEDIOS (PRESENCIAL)","Femenino",5001,"Antioquia","Medellín","Colombia","Urbana"
917,2110,"COLEGIO MAYOR DE ANTIOQUIA",2025,2,"Antiguo",117124,"TECNOLOGÍA EN GESTIÓN DE LA COMUNICACIÓN EN MEDIOS (PRESENCIAL)","Femenino",5001,"Antioquia","Medellín","Colombia","Urbana"
918,2110,"COLEGIO MAYOR DE ANTIOQUIA",2025,2,"Antiguo",117124,"TECNOLOGÍA EN GESTIÓN DE LA COMUNICACIÓN EN MEDIOS (PRESENCIAL)","Femenino",5001,"Antioquia","Medellín","Colombia","Urbana"
919,2110,"COLEGIO MAYOR DE ANTIOQUIA",2025,2,"Antiguo",117124,"TECNOLOGÍA EN GESTIÓN DE LA COMUNICACIÓN EN MEDIOS (PRESENCIAL)","Masculino",5001,"Antioquia","Medellín","Colombia","Urbana"
920,2110,"COLEGIO MAYOR DE ANTIOQUIA",2025,2,"Antiguo",117124,"TECNOLOGÍA EN GESTIÓN DE LA COMUNICACIÓN EN MEDIOS (PRESENCIAL)","Femenino",5001,"Antioquia","Sabaneta","Colombia","Urbana"
921,2110,"COLEGIO MAYOR DE ANTIOQUIA",2025,2,"Antiguo",117124,"TECNOLOGÍA EN GESTIÓN DE LA COMUNICACIÓN EN MEDIOS (PRESENCIAL)","Femenino",5001,"Antioquia","Medellín","Colombia","Urbana"
922,2110,"COLEGIO MAYOR DE ANTIOQUIA",2025,2,"Antiguo",117124,"TECNOLOGÍA EN GESTIÓN DE LA COMUNICACIÓN EN MEDIOS (PRESENCIAL)","Masculino",5001,"Antioquia","Medellín","Colombia","Urbana"
923,2110,"COLEGIO MAYOR DE ANTIOQUIA",2025,2,"Antiguo",117124,"TECNOLOGÍA EN GESTIÓN DE LA COMUNICACIÓN EN MEDIOS (PRESENCIAL)","Masculino",5001,"Antioquia","Medellín","Colombia","Urbana"
924,2110,"COLEGIO MAYOR DE ANTIOQUIA",2025,2,"Antiguo",117124,"TECNOLOGÍA EN GESTIÓN DE LA COMUNICACIÓN EN MEDIOS (PRESENCIAL)","Masculino",5001,"Antioquia","Bolívar","Colombia","Urbana"
925,2110,"COLEGIO MAYOR DE ANTIOQUIA",2025,2,"Nuevo",117125,"TECNOLOGÍA EN GESTIÓN DE LA COMUNICACIÓN EN MEDIOS (VIRTUAL)","Masculino",5001,"Casanare","Yopal","Colombia","Urbana"
926,2110,"COLEGIO MAYOR DE ANTIOQUIA",2025,2,"Nuevo",117125,"TECNOLOGÍA EN GESTIÓN DE LA COMUNICACIÓN EN MEDIOS (VIRTUAL)","Femenino",5001,"Antioquia","Bolívar","Colombia","Urbana"
927,2110,"COLEGIO MAYOR DE ANTIOQUIA",2025,2,"Nuevo",117125,"TECNOLOGÍA EN GESTIÓN DE LA COMUNICACIÓN EN MEDIOS (VIRTUAL)","Masculino",5001,"Antioquia","Briceño","Colombia","Urbana"
928,2110,"COLEGIO MAYOR DE ANTIOQUIA",2025,2,"Nuevo",117125,"TECNOLOGÍA EN GESTIÓN DE LA COMUNICACIÓN EN MEDIOS (VIRTUAL)","Femenino",5001,"Antioquia","Bello","Colombia","Urbana"
929,2110,"COLEGIO MAYOR DE ANTIOQUIA",2025,2,"Nuevo",117125,"TECNOLOGÍA EN GESTIÓN DE LA COMUNICACIÓN EN MEDIOS (VIRTUAL)","Femenino",5001,"Bogotá D.C.","Bogotá D.C.","Colombia","Urbana"
930,2110,"COLEGIO MAYOR DE ANTIOQUIA",2025,2,"Nuevo",117125,"TECNOLOGÍA EN GESTIÓN DE LA COMUNICACIÓN EN MEDIOS (VIRTUAL)","Masculino",5001,"Antioquia","Andes","Colombia","Urbana"
931,2110,"COLEGIO MAYOR DE ANTIOQUIA",2025,2,"Nuevo",117125,"TECNOLOGÍA EN GESTIÓN DE LA COMUNICACIÓN EN MEDIOS (VIRTUAL)","Femenino",5001,"Vichada","Cumaribo","Colombia","Urbana"
932,2110,"COLEGIO MAYOR DE ANTIOQUIA",2025,2,"Nuevo",117125,"TECNOLOGÍA EN GESTIÓN DE LA COMUNICACIÓN EN MEDIOS (VIRTUAL)","Masculino",5001,"Bogotá D.C.","Bogotá D.C.","Colombia","Urbana"
933,2110,"COLEGIO MAYOR DE ANTIOQUIA",2025,2,"Nuevo",117125,"TECNOLOGÍA EN GESTIÓN DE LA COMUNICACIÓN EN MEDIOS (VIRTUAL)","Femenino",5001,"Córdoba","Lorica","Colombia","Urbana"
934,2110,"COLEGIO MAYOR DE ANTIOQUIA",2025,2,"Nuevo",117125,"TECNOLOGÍA EN GESTIÓN DE LA COMUNICACIÓN EN MEDIOS (VIRTUAL)","Masculino",5001,"Arauca","Arauca","Colombia","Urbana"
935,2110,"COLEGIO MAYOR DE ANTIOQUIA",2025,2,"Nuevo",117125,"TECNOLOGÍA EN GESTIÓN DE LA COMUNICACIÓN EN MEDIOS (VIRTUAL)","Femenino",5001,"Norte de Santander","El Tarra","Colombia","Urbana"
936,2110,"COLEGIO MAYOR DE ANTIOQUIA",2025,2,"Nuevo",117125,"TECNOLOGÍA EN GESTIÓN DE LA COMUNICACIÓN EN MEDIOS (VIRTUAL)","Femenino",5001,"Antioquia","Bello","Colombia","Urbana"
937,2110,"COLEGIO MAYOR DE ANTIOQUIA",2025,2,"Nuevo",117125,"TECNOLOGÍA EN GESTIÓN DE LA COMUNICACIÓN EN MEDIOS (VIRTUAL)","Masculino",5001,"Chocó","Quibdó","Colombia","Urbana"
938,2110,"COLEGIO MAYOR DE ANTIOQUIA",2025,2,"Nuevo",117125,"TECNOLOGÍA EN GESTIÓN DE LA COMUNICACIÓN EN MEDIOS (VIRTUAL)","Femenino",5001,"Bogotá D.C.","Bogotá D.C.","Colombia","Urbana"
939,2110,"COLEGIO MAYOR DE ANTIOQUIA",2025,2,"Nuevo",117125,"TECNOLOGÍA EN GESTIÓN DE LA COMUNICACIÓN EN MEDIOS (VIRTUAL)","Femenino",5001,"Tolima","Ibagué","Colombia","Urbana"
940,2110,"COLEGIO MAYOR DE ANTIOQUIA",2025,2,"Nuevo",117125,"TECNOLOGÍA EN GESTIÓN DE LA COMUNICACIÓN EN MEDIOS (VIRTUAL)","Masculino",5001,"Antioquia","Sabaneta","Colombia","Urbana"
941,2110,"COLEGIO MAYOR DE ANTIOQUIA",2025,2,"Nuevo",117125,"TECNOLOGÍA EN GESTIÓN DE LA COMUNICACIÓN EN MEDIOS (VIRTUAL)","Femenino",5001,"Cundinamarca","Anolaima","Colombia","Urbana"
942,2110,"COLEGIO MAYOR DE ANTIOQUIA",2025,2,"Nuevo",117125,"TECNOLOGÍA EN GESTIÓN DE LA COMUNICACIÓN EN MEDIOS (VIRTUAL)","Femenino",5001,"Boyacá","Puerto Boyacá","Colombia","Urbana"
943,2110,"COLEGIO MAYOR DE ANTIOQUIA",2025,2,"Nuevo",117125,"TECNOLOGÍA EN GESTIÓN DE LA COMUNICACIÓN EN MEDIOS (VIRTUAL)","Masculino",5001,"Antioquia","Turbo","Colombia","Urbana"
944,2110,"COLEGIO MAYOR DE ANTIOQUIA",2025,2,"Nuevo",117125,"TECNOLOGÍA EN GESTIÓN DE LA COMUNICACIÓN EN MEDIOS (VIRTUAL)","Masculino",5001,"Valle del Cauca","Santiago de Cali","Colombia","Urbana"
945,2110,"COLEGIO MAYOR DE ANTIOQUIA",2025,2,"Nuevo",117125,"TECNOLOGÍA EN GESTIÓN DE LA COMUNICACIÓN EN MEDIOS (VIRTUAL)","Masculino",5001,"Caquetá","Solano","Colombia","Urbana"
946,2110,"COLEGIO MAYOR DE ANTIOQUIA",2025,2,"Nuevo",117125,"TECNOLOGÍA EN GESTIÓN DE LA COMUNICACIÓN EN MEDIOS (VIRTUAL)","Femenino",5001,"Antioquia","Jardín","Colombia","Urbana"
947,2110,"COLEGIO MAYOR DE ANTIOQUIA",2025,2,"Nuevo",117125,"TECNOLOGÍA EN GESTIÓN DE LA COMUNICACIÓN EN MEDIOS (VIRTUAL)","Femenino",5001,"Antioquia","Andes","Colombia","Urbana"
948,2110,"COLEGIO MAYOR DE ANTIOQUIA",2025,2,"Nuevo",117125,"TECNOLOGÍA EN GESTIÓN DE LA COMUNICACIÓN EN MEDIOS (VIRTUAL)","Femenino",5001,"Bolívar","Cartagena","Colombia","Urbana"
949,2110,"COLEGIO MAYOR DE ANTIOQUIA",2025,2,"Nuevo",117125,"TECNOLOGÍA EN GESTIÓN DE LA COMUNICACIÓN EN MEDIOS (VIRTUAL)","Femenino",5001,"Antioquia","Chigorodó","Colombia","Urbana"
950,2110,"COLEGIO MAYOR DE ANTIOQUIA",2025,2,"Nuevo",117125,"TECNOLOGÍA EN GESTIÓN DE LA COMUNICACIÓN EN MEDIOS (VIRTUAL)","Femenino",5001,"Antioquia","Andes","Colombia","Urbana"
951,2110,"COLEGIO MAYOR DE ANTIOQUIA",2025,2,"Nuevo",117125,"TECNOLOGÍA EN GESTIÓN DE LA COMUNICACIÓN EN MEDIOS (VIRTUAL)","Femenino",5001,"Cesar","Aguachica","Colombia","Urbana"
952,2110,"COLEGIO MAYOR DE ANTIOQUIA",2025,2,"Nuevo",117125,"TECNOLOGÍA EN GESTIÓN DE LA COMUNICACIÓN EN MEDIOS (VIRTUAL)","Femenino",5001,"Antioquia","Caramanta","Colombia","Urbana"
953,2110,"COLEGIO MAYOR DE ANTIOQUIA",2025,2,"Nuevo",117125,"TECNOLOGÍA EN GESTIÓN DE LA COMUNICACIÓN EN MEDIOS (VIRTUAL)","Masculino",5001,"Antioquia","Andes","Colombia","Urbana"
954,2110,"COLEGIO MAYOR DE ANTIOQUIA",2025,2,"Nuevo",117125,"TECNOLOGÍA EN GESTIÓN DE LA COMUNICACIÓN EN MEDIOS (VIRTUAL)","Masculino",5001,"Córdoba","Tierralta","Colombia","Urbana"
955,2110,"COLEGIO MAYOR DE ANTIOQUIA",2025,2,"Nuevo",117125,"TECNOLOGÍA EN GESTIÓN DE LA COMUNICACIÓN EN MEDIOS (VIRTUAL)","Masculino",5001,"Chocó","Quibdó","Colombia","Urbana"
956,2110,"COLEGIO MAYOR DE ANTIOQUIA",2025,2,"Nuevo",117125,"TECNOLOGÍA EN GESTIÓN DE LA COMUNICACIÓN EN MEDIOS (VIRTUAL)","Femenino",5001,"Antioquia","Andes","Colombia","Urbana"
957,2110,"COLEGIO MAYOR DE ANTIOQUIA",2025,2,"Nuevo",117125,"TECNOLOGÍA EN GESTIÓN DE LA COMUNICACIÓN EN MEDIOS (VIRTUAL)","Femenino",5001,"Cesar","Río de oro","Colombia","Urbana"
958,2110,"COLEGIO MAYOR DE ANTIOQUIA",2025,2,"Nuevo",117125,"TECNOLOGÍA EN GESTIÓN DE LA COMUNICACIÓN EN MEDIOS (VIRTUAL)","Masculino",5001,"Córdoba","Tierralta","Colombia","Urbana"
959,2110,"COLEGIO MAYOR DE ANTIOQUIA",2025,2,"Nuevo",117125,"TECNOLOGÍA EN GESTIÓN DE LA COMUNICACIÓN EN MEDIOS (VIRTUAL)","Femenino",5001,"Cauca","Popayán","Colombia","Urbana"
960,2110,"COLEGIO MAYOR DE ANTIOQUIA",2025,2,"Nuevo",117125,"TECNOLOGÍA EN GESTIÓN DE LA COMUNICACIÓN EN MEDIOS (VIRTUAL)","Femenino",5001,"Valle del Cauca","Guadalajara de Buga","Colombia","Urbana"
961,2110,"COLEGIO MAYOR DE ANTIOQUIA",2025,2,"Nuevo",117125,"TECNOLOGÍA EN GESTIÓN DE LA COMUNICACIÓN EN MEDIOS (VIRTUAL)","Femenino",5001,"Risaralda","La Virginia","Colombia","Urbana"
962,2110,"COLEGIO MAYOR DE ANTIOQUIA",2025,2,"Nuevo",117125,"TECNOLOGÍA EN GESTIÓN DE LA COMUNICACIÓN EN MEDIOS (VIRTUAL)","Masculino",5001,"Antioquia","Andes","Colombia","Urbana"
963,2110,"COLEGIO MAYOR DE ANTIOQUIA",2025,2,"Nuevo",117125,"TECNOLOGÍA EN GESTIÓN DE LA COMUNICACIÓN EN MEDIOS (VIRTUAL)","Masculino",5001,"Tolima","San Antonio","Colombia","Urbana"
964,2110,"COLEGIO MAYOR DE ANTIOQUIA",2025,2,"Nuevo",117125,"TECNOLOGÍA EN GESTIÓN DE LA COMUNICACIÓN EN MEDIOS (VIRTUAL)","Femenino",5001,"Cauca","Santander de Quilichao","Colombia","Urbana"
965,2110,"COLEGIO MAYOR DE ANTIOQUIA",2025,2,"Nuevo",117125,"TECNOLOGÍA EN GESTIÓN DE LA COMUNICACIÓN EN MEDIOS (VIRTUAL)","Masculino",5001,"Norte de Santander","Bochalema","Colombia","Urbana"
966,2110,"COLEGIO MAYOR DE ANTIOQUIA",2025,2,"Nuevo",117125,"TECNOLOGÍA EN GESTIÓN DE LA COMUNICACIÓN EN MEDIOS (VIRTUAL)","Femenino",5001,"Chocó","Cértegui","Colombia","Urbana"
967,2110,"COLEGIO MAYOR DE ANTIOQUIA",2025,2,"Nuevo",117125,"TECNOLOGÍA EN GESTIÓN DE LA COMUNICACIÓN EN MEDIOS (VIRTUAL)","Femenino",5001,"Antioquia","Ríonegro","Colombia","Urbana"
968,2110,"COLEGIO MAYOR DE ANTIOQUIA",2025,2,"Nuevo",117125,"TECNOLOGÍA EN GESTIÓN DE LA COMUNICACIÓN EN MEDIOS (VIRTUAL)","Femenino",5001,"Antioquia","Apartadó","Colombia","Urbana"
969,2110,"COLEGIO MAYOR DE ANTIOQUIA",2025,2,"Nuevo",117125,"TECNOLOGÍA EN GESTIÓN DE LA COMUNICACIÓN EN MEDIOS (VIRTUAL)","Femenino",5001,"Cundinamarca","Nemocón","Colombia","Urbana"
970,2110,"COLEGIO MAYOR DE ANTIOQUIA",2025,2,"Nuevo",117125,"TECNOLOGÍA EN GESTIÓN DE LA COMUNICACIÓN EN MEDIOS (VIRTUAL)","Masculino",5001,"Cauca","Popayán","Colombia","Urbana"
971,2110,"COLEGIO MAYOR DE ANTIOQUIA",2025,2,"Nuevo",117125,"TECNOLOGÍA EN GESTIÓN DE LA COMUNICACIÓN EN MEDIOS (VIRTUAL)","Femenino",5001,"Caldas","Viterbo","Colombia","Urbana"
972,2110,"COLEGIO MAYOR DE ANTIOQUIA",2025,2,"Nuevo",117125,"TECNOLOGÍA EN GESTIÓN DE LA COMUNICACIÓN EN MEDIOS (VIRTUAL)","Masculino",5001,"Sucre","Sincelejo","Colombia","Urbana"
973,2110,"COLEGIO MAYOR DE ANTIOQUIA",2025,2,"Nuevo",117125,"TECNOLOGÍA EN GESTIÓN DE LA COMUNICACIÓN EN MEDIOS (VIRTUAL)","Femenino",5001,"Antioquia","Andes","Colombia","Urbana"
974,2110,"COLEGIO MAYOR DE ANTIOQUIA",2025,2,"Nuevo",117125,"TECNOLOGÍA EN GESTIÓN DE LA COMUNICACIÓN EN MEDIOS (VIRTUAL)","Masculino",5001,"Antioquia","Andes","Colombia","Urbana"
975,2110,"COLEGIO MAYOR DE ANTIOQUIA",2025,2,"Nuevo",117125,"TECNOLOGÍA EN GESTIÓN DE LA COMUNICACIÓN EN MEDIOS (VIRTUAL)","Masculino",5001,"Antioquia","Ríonegro","Colombia","Urbana"
976,2110,"COLEGIO MAYOR DE ANTIOQUIA",2025,2,"Nuevo",117125,"TECNOLOGÍA EN GESTIÓN DE LA COMUNICACIÓN EN MEDIOS (VIRTUAL)","Masculino",5001,"Antioquia","Remedios","Colombia","Urbana"
977,2110,"COLEGIO MAYOR DE ANTIOQUIA",2025,2,"Nuevo",117125,"TECNOLOGÍA EN GESTIÓN DE LA COMUNICACIÓN EN MEDIOS (VIRTUAL)","Femenino",5001,"Antioquia","Bolívar","Colombia","Urbana"
978,2110,"COLEGIO MAYOR DE ANTIOQUIA",2025,2,"Nuevo",117125,"TECNOLOGÍA EN GESTIÓN DE LA COMUNICACIÓN EN MEDIOS (VIRTUAL)","Masculino",5001,"Antioquia","Andes","Colombia","Urbana"
979,2110,"COLEGIO MAYOR DE ANTIOQUIA",2025,2,"Nuevo",117125,"TECNOLOGÍA EN GESTIÓN DE LA COMUNICACIÓN EN MEDIOS (VIRTUAL)","Femenino",5001,"Meta","Puerto Concordia","Colombia","Urbana"
980,2110,"COLEGIO MAYOR DE ANTIOQUIA",2025,2,"Nuevo",117125,"TECNOLOGÍA EN GESTIÓN DE LA COMUNICACIÓN EN MEDIOS (VIRTUAL)","Femenino",5001,"Magdalena","Plato","Colombia","Urbana"
981,2110,"COLEGIO MAYOR DE ANTIOQUIA",2025,2,"Nuevo",117125,"TECNOLOGÍA EN GESTIÓN DE LA COMUNICACIÓN EN MEDIOS (VIRTUAL)","Femenino",5001,"Chocó","Bahía Solano (Mútis)","Colombia","Urbana"
982,2110,"COLEGIO MAYOR DE ANTIOQUIA",2025,2,"Nuevo",117125,"TECNOLOGÍA EN GESTIÓN DE LA COMUNICACIÓN EN MEDIOS (VIRTUAL)","Femenino",5001,"Antioquia","Betania","Colombia","Urbana"
983,2110,"COLEGIO MAYOR DE ANTIOQUIA",2025,2,"Nuevo",117125,"TECNOLOGÍA EN GESTIÓN DE LA COMUNICACIÓN EN MEDIOS (VIRTUAL)","Femenino",5001,"Bolívar","Mahates","Colombia","Urbana"
984,2110,"COLEGIO MAYOR DE ANTIOQUIA",2025,2,"Nuevo",117125,"TECNOLOGÍA EN GESTIÓN DE LA COMUNICACIÓN EN MEDIOS (VIRTUAL)","Femenino",5001,"Huila","San Agustín","Colombia","Urbana"
985,2110,"COLEGIO MAYOR DE ANTIOQUIA",2025,2,"Nuevo",117125,"TECNOLOGÍA EN GESTIÓN DE LA COMUNICACIÓN EN MEDIOS (VIRTUAL)","Masculino",5001,"Magdalena","Santa Marta","Colombia","Urbana"
986,2110,"COLEGIO MAYOR DE ANTIOQUIA",2025,2,"Nuevo",117125,"TECNOLOGÍA EN GESTIÓN DE LA COMUNICACIÓN EN MEDIOS (VIRTUAL)","Femenino",5001,"Bolívar","Santa Rosa del Sur","Colombia","Urbana"
987,2110,"COLEGIO MAYOR DE ANTIOQUIA",2025,2,"Nuevo",117125,"TECNOLOGÍA EN GESTIÓN DE LA COMUNICACIÓN EN MEDIOS (VIRTUAL)","Masculino",5001,"Cundinamarca","Tenjo","Colombia","Urbana"
988,2110,"COLEGIO MAYOR DE ANTIOQUIA",2025,2,"Nuevo",117125,"TECNOLOGÍA EN GESTIÓN DE LA COMUNICACIÓN EN MEDIOS (VIRTUAL)","Masculino",5001,"Antioquia","Medellín","Colombia","Urbana"
989,2110,"COLEGIO MAYOR DE ANTIOQUIA",2025,2,"Nuevo",117125,"TECNOLOGÍA EN GESTIÓN DE LA COMUNICACIÓN EN MEDIOS (VIRTUAL)","Masculino",5001,"Norte de Santander","San Jose de Cucuta","Colombia","Urbana"
990,2110,"COLEGIO MAYOR DE ANTIOQUIA",2025,2,"Nuevo",117125,"TECNOLOGÍA EN GESTIÓN DE LA COMUNICACIÓN EN MEDIOS (VIRTUAL)","Femenino",5001,"Caldas","Manizales","Colombia","Urbana"
991,2110,"COLEGIO MAYOR DE ANTIOQUIA",2025,2,"Nuevo",117125,"TECNOLOGÍA EN GESTIÓN DE LA COMUNICACIÓN EN MEDIOS (VIRTUAL)","Femenino",5001,"Sucre","Ovejas","Colombia","Urbana"
992,2110,"COLEGIO MAYOR DE ANTIOQUIA",2025,2,"Nuevo",117125,"TECNOLOGÍA EN GESTIÓN DE LA COMUNICACIÓN EN MEDIOS (VIRTUAL)","Femenino",5001,"Antioquia","Andes","Colombia","Urbana"
993,2110,"COLEGIO MAYOR DE ANTIOQUIA",2025,2,"Nuevo",117125,"TECNOLOGÍA EN GESTIÓN DE LA COMUNICACIÓN EN MEDIOS (VIRTUAL)","Femenino",5001,"Antioquia","La Estrella","Colombia","Urbana"
994,2110,"COLEGIO MAYOR DE ANTIOQUIA",2025,2,"Nuevo",117125,"TECNOLOGÍA EN GESTIÓN DE LA COMUNICACIÓN EN MEDIOS (VIRTUAL)","Masculino",5001,"Cauca","Cajibío","Colombia","Urbana"
995,2110,"COLEGIO MAYOR DE ANTIOQUIA",2025,2,"Nuevo",117125,"TECNOLOGÍA EN GESTIÓN DE LA COMUNICACIÓN EN MEDIOS (VIRTUAL)","Masculino",5001,"Santander","San Gíl","Colombia","Urbana"
996,2110,"COLEGIO MAYOR DE ANTIOQUIA",2025,2,"Nuevo",117125,"TECNOLOGÍA EN GESTIÓN DE LA COMUNICACIÓN EN MEDIOS (VIRTUAL)","Masculino",5001,"Boyacá","Izá","Colombia","Urbana"
997,2110,"COLEGIO MAYOR DE ANTIOQUIA",2025,2,"Nuevo",117125,"TECNOLOGÍA EN GESTIÓN DE LA COMUNICACIÓN EN MEDIOS (VIRTUAL)","Masculino",5001,"Caldas","Manizales","Colombia","Urbana"
998,2110,"COLEGIO MAYOR DE ANTIOQUIA",2025,2,"Nuevo",117125,"TECNOLOGÍA EN GESTIÓN DE LA COMUNICACIÓN EN MEDIOS (VIRTUAL)","Femenino",5001,"Antioquia","Andes","Colombia","Urbana"
999,2110,"COLEGIO MAYOR DE ANTIOQUIA",2025,2,"Nuevo",117125,"TECNOLOGÍA EN GESTIÓN DE LA COMUNICACIÓN EN MEDIOS (VIRTUAL)","Femenino",5001,"Antioquia","Andes","Colombia","Urbana"
1000,2110,"COLEGIO MAYOR DE ANTIOQUIA",2025,2,"Nuevo",117125,"TECNOLOGÍA EN GESTIÓN DE LA COMUNICACIÓN EN MEDIOS (VIRTUAL)","Femenino",5001,"Arauca","Tame","Colombia","Urbana"
1001,2110,"COLEGIO MAYOR DE ANTIOQUIA",2025,2,"Nuevo",117125,"TECNOLOGÍA EN GESTIÓN DE LA COMUNICACIÓN EN MEDIOS (VIRTUAL)","Femenino",5001,"Huila","La Plata","Colombia","Urbana"
1002,2110,"COLEGIO MAYOR DE ANTIOQUIA",2025,2,"Nuevo",117125,"TECNOLOGÍA EN GESTIÓN DE LA COMUNICACIÓN EN MEDIOS (VIRTUAL)","Masculino",5001,"Huila","Suaza","Colombia","Urbana"
1003,2110,"COLEGIO MAYOR DE ANTIOQUIA",2025,2,"Nuevo",117125,"TECNOLOGÍA EN GESTIÓN DE LA COMUNICACIÓN EN MEDIOS (VIRTUAL)","Masculino",5001,"Santander","El Carmen","Colombia","Urbana"
1004,2110,"COLEGIO MAYOR DE ANTIOQUIA",2025,2,"Nuevo",117125,"TECNOLOGÍA EN GESTIÓN DE LA COMUNICACIÓN EN MEDIOS (VIRTUAL)","Masculino",5001,"Vichada","Cumaribo","Colombia","Urbana"
1005,2110,"COLEGIO MAYOR DE ANTIOQUIA",2025,2,"Nuevo",117125,"TECNOLOGÍA EN GESTIÓN DE LA COMUNICACIÓN EN MEDIOS (VIRTUAL)","Femenino",5001,"Cundinamarca","Villa de San Diego de Ubaté","Colombia","Urbana"
1006,2110,"COLEGIO MAYOR DE ANTIOQUIA",2025,2,"Nuevo",117125,"TECNOLOGÍA EN GESTIÓN DE LA COMUNICACIÓN EN MEDIOS (VIRTUAL)","Masculino",5001,"Cundinamarca","Soacha","Colombia","Urbana"
1007,2110,"COLEGIO MAYOR DE ANTIOQUIA",2025,2,"Nuevo",117125,"TECNOLOGÍA EN GESTIÓN DE LA COMUNICACIÓN EN MEDIOS (VIRTUAL)","Femenino",5001,"Santander","Galán","Colombia","Urbana"
1008,2110,"COLEGIO MAYOR DE ANTIOQUIA",2025,2,"Nuevo",117125,"TECNOLOGÍA EN GESTIÓN DE LA COMUNICACIÓN EN MEDIOS (VIRTUAL)","Masculino",5001,"Antioquia","Betania","Colombia","Urbana"
1009,2110,"COLEGIO MAYOR DE ANTIOQUIA",2025,2,"Nuevo",117125,"TECNOLOGÍA EN GESTIÓN DE LA COMUNICACIÓN EN MEDIOS (VIRTUAL)","Femenino",5001,"Cauca","Popayán","Colombia","Urbana"
1010,2110,"COLEGIO MAYOR DE ANTIOQUIA",2025,2,"Nuevo",117125,"TECNOLOGÍA EN GESTIÓN DE LA COMUNICACIÓN EN MEDIOS (VIRTUAL)","Masculino",5001,"Antioquia","Urrao","Colombia","Urbana"
1011,2110,"COLEGIO MAYOR DE ANTIOQUIA",2025,2,"Nuevo",117125,"TECNOLOGÍA EN GESTIÓN DE LA COMUNICACIÓN EN MEDIOS (VIRTUAL)","Masculino",5001,"Arauca","Tame","Colombia","Urbana"
1012,2110,"COLEGIO MAYOR DE ANTIOQUIA",2025,2,"Nuevo",117125,"TECNOLOGÍA EN GESTIÓN DE LA COMUNICACIÓN EN MEDIOS (VIRTUAL)","Femenino",5001,"Putumayo","Puerto Asís","Colombia","Urbana"
1013,2110,"COLEGIO MAYOR DE ANTIOQUIA",2025,2,"Nuevo",117125,"TECNOLOGÍA EN GESTIÓN DE LA COMUNICACIÓN EN MEDIOS (VIRTUAL)","Masculino",5001,"Antioquia","Medellín","Colombia","Urbana"
1014,2110,"COLEGIO MAYOR DE ANTIOQUIA",2025,2,"Nuevo",117125,"TECNOLOGÍA EN GESTIÓN DE LA COMUNICACIÓN EN MEDIOS (VIRTUAL)","Masculino",5001,"Cauca","Santander de Quilichao","Colombia","Urbana"
1015,2110,"COLEGIO MAYOR DE ANTIOQUIA",2025,2,"Nuevo",117125,"TECNOLOGÍA EN GESTIÓN DE LA COMUNICACIÓN EN MEDIOS (VIRTUAL)","Femenino",5001,"Antioquia","Andes","Colombia","Urbana"
1016,2110,"COLEGIO MAYOR DE ANTIOQUIA",2025,2,"Nuevo",117125,"TECNOLOGÍA EN GESTIÓN DE LA COMUNICACIÓN EN MEDIOS (VIRTUAL)","Femenino",5001,"Cauca","Timbío","Colombia","Urbana"
1017,2110,"COLEGIO MAYOR DE ANTIOQUIA",2025,2,"Nuevo",117125,"TECNOLOGÍA EN GESTIÓN DE LA COMUNICACIÓN EN MEDIOS (VIRTUAL)","Femenino",5001,"Bogotá D.C.","Bogotá D.C.","Colombia","Urbana"
1018,2110,"COLEGIO MAYOR DE ANTIOQUIA",2025,2,"Nuevo",117125,"TECNOLOGÍA EN GESTIÓN DE LA COMUNICACIÓN EN MEDIOS (VIRTUAL)","Masculino",5001,"Antioquia","Bello","Colombia","Urbana"
1019,2110,"COLEGIO MAYOR DE ANTIOQUIA",2025,2,"Nuevo",117125,"TECNOLOGÍA EN GESTIÓN DE LA COMUNICACIÓN EN MEDIOS (VIRTUAL)","Masculino",5001,"Magdalena","El Banco","Colombia","Urbana"
1020,2110,"COLEGIO MAYOR DE ANTIOQUIA",2025,2,"Nuevo",117125,"TECNOLOGÍA EN GESTIÓN DE LA COMUNICACIÓN EN MEDIOS (VIRTUAL)","Femenino",5001,"Cauca","Patía (El Bordo)","Colombia","Urbana"
1021,2110,"COLEGIO MAYOR DE ANTIOQUIA",2025,2,"Antiguo",117125,"TECNOLOGÍA EN GESTIÓN DE LA COMUNICACIÓN EN MEDIOS (VIRTUAL)","Femenino",5001,"Antioquia","Bolívar","Colombia","Urbana"
1022,2110,"COLEGIO MAYOR DE ANTIOQUIA",2025,2,"Antiguo",117125,"TECNOLOGÍA EN GESTIÓN DE LA COMUNICACIÓN EN MEDIOS (VIRTUAL)","Masculino",5001,"Antioquia","Medellín","Colombia","Urbana"
1023,2110,"COLEGIO MAYOR DE ANTIOQUIA",2025,2,"Antiguo",117125,"TECNOLOGÍA EN GESTIÓN DE LA COMUNICACIÓN EN MEDIOS (VIRTUAL)","Masculino",5001,"Putumayo","Sibundoy","Colombia","Urbana"
1024,2110,"COLEGIO MAYOR DE ANTIOQUIA",2025,2,"Antiguo",117125,"TECNOLOGÍA EN GESTIÓN DE LA COMUNICACIÓN EN MEDIOS (VIRTUAL)","Masculino",5001,"Antioquia","Itagüí","Colombia","Urbana"
1025,2110,"COLEGIO MAYOR DE ANTIOQUIA",2025,2,"Antiguo",117125,"TECNOLOGÍA EN GESTIÓN DE LA COMUNICACIÓN EN MEDIOS (VIRTUAL)","Femenino",5001,"Antioquia","Puerto Berrío","Colombia","Urbana"
1026,2110,"COLEGIO MAYOR DE ANTIOQUIA",2025,2,"Antiguo",117125,"TECNOLOGÍA EN GESTIÓN DE LA COMUNICACIÓN EN MEDIOS (VIRTUAL)","Femenino",5001,"Putumayo","Sibundoy","Colombia","Urbana"
1027,2110,"COLEGIO MAYOR DE ANTIOQUIA",2025,2,"Antiguo",117125,"TECNOLOGÍA EN GESTIÓN DE LA COMUNICACIÓN EN MEDIOS (VIRTUAL)","Femenino",5001,"Antioquia","Bello","Colombia","Urbana"
1028,2110,"COLEGIO MAYOR DE ANTIOQUIA",2025,2,"Nuevo",1725,"BACTERIOLOGIA Y LABORATORIO CLINICO","Femenino",5001,"Putumayo","Mocoa","Colombia","Urbana"
1029,2110,"COLEGIO MAYOR DE ANTIOQUIA",2025,2,"Nuevo",1725,"BACTERIOLOGIA Y LABORATORIO CLINICO","Masculino",5001,"Antioquia","Medellín","Colombia","Urbana"
1030,2110,"COLEGIO MAYOR DE ANTIOQUIA",2025,2,"Nuevo",1725,"BACTERIOLOGIA Y LABORATORIO CLINICO","Femenino",5001,"Antioquia","Caldas","Colombia","Urbana"
1031,2110,"COLEGIO MAYOR DE ANTIOQUIA",2025,2,"Nuevo",1725,"BACTERIOLOGIA Y LABORATORIO CLINICO","Femenino",5001,"Antioquia","Itagüí","Colombia","Urbana"
1032,2110,"COLEGIO MAYOR DE ANTIOQUIA",2025,2,"Nuevo",1725,"BACTERIOLOGIA Y LABORATORIO CLINICO","Femenino",5001,"Antioquia","Copacabana","Colombia","Urbana"
1033,2110,"COLEGIO MAYOR DE ANTIOQUIA",2025,2,"Nuevo",1725,"BACTERIOLOGIA Y LABORATORIO CLINICO","Masculino",5001,"Antioquia","Bello","Colombia","Urbana"
1034,2110,"COLEGIO MAYOR DE ANTIOQUIA",2025,2,"Nuevo",1725,"BACTERIOLOGIA Y LABORATORIO CLINICO","Femenino",5001,"Antioquia","Medellín","Colombia","Urbana"
1035,2110,"COLEGIO MAYOR DE ANTIOQUIA",2025,2,"Nuevo",1725,"BACTERIOLOGIA Y LABORATORIO CLINICO","Femenino",5001,"Antioquia","Medellín","Colombia","Urbana"
1036,2110,"COLEGIO MAYOR DE ANTIOQUIA",2025,2,"Nuevo",1725,"BACTERIOLOGIA Y LABORATORIO CLINICO","Femenino",5001,"Antioquia","Jardín","Colombia","Urbana"
1037,2110,"COLEGIO MAYOR DE ANTIOQUIA",2025,2,"Nuevo",1725,"BACTERIOLOGIA Y LABORATORIO CLINICO","Femenino",5001,"Antioquia","Medellín","Colombia","Urbana"
1038,2110,"COLEGIO MAYOR DE ANTIOQUIA",2025,2,"Nuevo",1725,"BACTERIOLOGIA Y LABORATORIO CLINICO","Masculino",5001,"Antioquia","Medellín","Colombia","Urbana"
1039,2110,"COLEGIO MAYOR DE ANTIOQUIA",2025,2,"Nuevo",1725,"BACTERIOLOGIA Y LABORATORIO CLINICO","Femenino",5001,"Antioquia","Medellín","Colombia","Urbana"
1040,2110,"COLEGIO MAYOR DE ANTIOQUIA",2025,2,"Nuevo",1725,"BACTERIOLOGIA Y LABORATORIO CLINICO","Masculino",5001,"Antioquia","Medellín","Colombia","Urbana"
1041,2110,"COLEGIO MAYOR DE ANTIOQUIA",2025,2,"Nuevo",1725,"BACTERIOLOGIA Y LABORATORIO CLINICO","Femenino",5001,"Antioquia","Itagüí","Colombia","Urbana"
1042,2110,"COLEGIO MAYOR DE ANTIOQUIA",2025,2,"Nuevo",1725,"BACTERIOLOGIA Y LABORATORIO CLINICO","Femenino",5001,"Antioquia","Medellín","Colombia","Urbana"
1043,2110,"COLEGIO MAYOR DE ANTIOQUIA",2025,2,"Nuevo",1725,"BACTERIOLOGIA Y LABORATORIO CLINICO","Femenino",5001,"Antioquia","Itagüí","Colombia","Urbana"
1044,2110,"COLEGIO MAYOR DE ANTIOQUIA",2025,2,"Nuevo",1725,"BACTERIOLOGIA Y LABORATORIO CLINICO","Masculino",5001,"Antioquia","Medellín","Colombia","Urbana"
1045,2110,"COLEGIO MAYOR DE ANTIOQUIA",2025,2,"Nuevo",1725,"BACTERIOLOGIA Y LABORATORIO CLINICO","Femenino",5001,"Antioquia","Medellín","Colombia","Urbana"
1046,2110,"COLEGIO MAYOR DE ANTIOQUIA",2025,2,"Nuevo",1725,"BACTERIOLOGIA Y LABORATORIO CLINICO","Femenino",5001,"Antioquia","Medellín","Colombia","Urbana"
1047,2110,"COLEGIO MAYOR DE ANTIOQUIA",2025,2,"Nuevo",1725,"BACTERIOLOGIA Y LABORATORIO CLINICO","Masculino",5001,"Antioquia","Medellín","Colombia","Urbana"
1048,2110,"COLEGIO MAYOR DE ANTIOQUIA",2025,2,"Nuevo",1725,"BACTERIOLOGIA Y LABORATORIO CLINICO","Femenino",5001,"Antioquia","Medellín","Colombia","Urbana"
1049,2110,"COLEGIO MAYOR DE ANTIOQUIA",2025,2,"Nuevo",1725,"BACTERIOLOGIA Y LABORATORIO CLINICO","Masculino",5001,"Antioquia","Medellín","Colombia","Urbana"
1050,2110,"COLEGIO MAYOR DE ANTIOQUIA",2025,2,"Nuevo",1725,"BACTERIOLOGIA Y LABORATORIO CLINICO","Femenino",5001,"Antioquia","Bello","Colombia","Urbana"
1051,2110,"COLEGIO MAYOR DE ANTIOQUIA",2025,2,"Nuevo",1725,"BACTERIOLOGIA Y LABORATORIO CLINICO","Femenino",5001,"Antioquia","Medellín","Colombia","Urbana"
1052,2110,"COLEGIO MAYOR DE ANTIOQUIA",2025,2,"Nuevo",1725,"BACTERIOLOGIA Y LABORATORIO CLINICO","Femenino",5001,"Antioquia","Medellín","Colombia","Urbana"
1053,2110,"COLEGIO MAYOR DE ANTIOQUIA",2025,2,"Nuevo",1725,"BACTERIOLOGIA Y LABORATORIO CLINICO","Femenino",5001,"Antioquia","Medellín","Colombia","Urbana"
1054,2110,"COLEGIO MAYOR DE ANTIOQUIA",2025,2,"Nuevo",1725,"BACTERIOLOGIA Y LABORATORIO CLINICO","Femenino",5001,"Antioquia","Medellín","Colombia","Urbana"
1055,2110,"COLEGIO MAYOR DE ANTIOQUIA",2025,2,"Nuevo",1725,"BACTERIOLOGIA Y LABORATORIO CLINICO","Femenino",5001,"Antioquia","Medellín","Colombia","Urbana"
1056,2110,"COLEGIO MAYOR DE ANTIOQUIA",2025,2,"Nuevo",1725,"BACTERIOLOGIA Y LABORATORIO CLINICO","Masculino",5001,"Antioquia","Medellín","Colombia","Urbana"
1057,2110,"COLEGIO MAYOR DE ANTIOQUIA",2025,2,"Nuevo",1725,"BACTERIOLOGIA Y LABORATORIO CLINICO","Femenino",5001,"Antioquia","Medellín","Colombia","Urbana"
1058,2110,"COLEGIO MAYOR DE ANTIOQUIA",2025,2,"Nuevo",1725,"BACTERIOLOGIA Y LABORATORIO CLINICO","Masculino",5001,"Antioquia","Medellín","Colombia","Urbana"
1059,2110,"COLEGIO MAYOR DE ANTIOQUIA",2025,2,"Nuevo",1725,"BACTERIOLOGIA Y LABORATORIO CLINICO","Femenino",5001,"Antioquia","Bello","Colombia","Urbana"
1060,2110,"COLEGIO MAYOR DE ANTIOQUIA",2025,2,"Nuevo",1725,"BACTERIOLOGIA Y LABORATORIO CLINICO","Femenino",5001,"Antioquia","Medellín","Colombia","Urbana"
1061,2110,"COLEGIO MAYOR DE ANTIOQUIA",2025,2,"Nuevo",1725,"BACTERIOLOGIA Y LABORATORIO CLINICO","Femenino",5001,"Antioquia","Medellín","Colombia","Urbana"
1062,2110,"COLEGIO MAYOR DE ANTIOQUIA",2025,2,"Nuevo",1725,"BACTERIOLOGIA Y LABORATORIO CLINICO","Femenino",5001,"Antioquia","Medellín","Colombia","Urbana"
1063,2110,"COLEGIO MAYOR DE ANTIOQUIA",2025,2,"Nuevo",1725,"BACTERIOLOGIA Y LABORATORIO CLINICO","Masculino",5001,"Antioquia","Itagüí","Colombia","Urbana"
1064,2110,"COLEGIO MAYOR DE ANTIOQUIA",2025,2,"Nuevo",1725,"BACTERIOLOGIA Y LABORATORIO CLINICO","Femenino",5001,"Antioquia","Medellín","Colombia","Urbana"
1065,2110,"COLEGIO MAYOR DE ANTIOQUIA",2025,2,"Nuevo",1725,"BACTERIOLOGIA Y LABORATORIO CLINICO","Femenino",5001,"Antioquia","Medellín","Colombia","Urbana"
1066,2110,"COLEGIO MAYOR DE ANTIOQUIA",2025,2,"Nuevo",1725,"BACTERIOLOGIA Y LABORATORIO CLINICO","Femenino",5001,"Antioquia","Medellín","Colombia","Urbana"
1067,2110,"COLEGIO MAYOR DE ANTIOQUIA",2025,2,"Nuevo",1725,"BACTERIOLOGIA Y LABORATORIO CLINICO","Femenino",5001,"Antioquia","Medellín","Colombia","Urbana"
1068,2110,"COLEGIO MAYOR DE ANTIOQUIA",2025,2,"Nuevo",1725,"BACTERIOLOGIA Y LABORATORIO CLINICO","Masculino",5001,"Antioquia","Medellín","Colombia","Urbana"
1069,2110,"COLEGIO MAYOR DE ANTIOQUIA",2025,2,"Nuevo",1725,"BACTERIOLOGIA Y LABORATORIO CLINICO","Masculino",5001,"Antioquia","Medellín","Colombia","Urbana"
1070,2110,"COLEGIO MAYOR DE ANTIOQUIA",2025,2,"Nuevo",1725,"BACTERIOLOGIA Y LABORATORIO CLINICO","Femenino",5001,"Antioquia","Medellín","Colombia","Urbana"
1071,2110,"COLEGIO MAYOR DE ANTIOQUIA",2025,2,"Nuevo",1725,"BACTERIOLOGIA Y LABORATORIO CLINICO","Femenino",5001,"Antioquia","Medellín","Colombia","Urbana"
1072,2110,"COLEGIO MAYOR DE ANTIOQUIA",2025,2,"Nuevo",1725,"BACTERIOLOGIA Y LABORATORIO CLINICO","Femenino",5001,"Antioquia","Medellín","Colombia","Urbana"
1073,2110,"COLEGIO MAYOR DE ANTIOQUIA",2025,2,"Nuevo",1725,"BACTERIOLOGIA Y LABORATORIO CLINICO","Femenino",5001,"Antioquia","Medellín","Colombia","Urbana"
1074,2110,"COLEGIO MAYOR DE ANTIOQUIA",2025,2,"Nuevo",1725,"BACTERIOLOGIA Y LABORATORIO CLINICO","Femenino",5001,"Antioquia","Bello","Colombia","Urbana"
1075,2110,"COLEGIO MAYOR DE ANTIOQUIA",2025,2,"Nuevo",1725,"BACTERIOLOGIA Y LABORATORIO CLINICO","Masculino",5001,"Antioquia","Bello","Colombia","Urbana"
1076,2110,"COLEGIO MAYOR DE ANTIOQUIA",2025,2,"Nuevo",1725,"BACTERIOLOGIA Y LABORATORIO CLINICO","Femenino",5001,"Antioquia","La Estrella","Colombia","Urbana"
1077,2110,"COLEGIO MAYOR DE ANTIOQUIA",2025,2,"Nuevo",1725,"BACTERIOLOGIA Y LABORATORIO CLINICO","Femenino",5001,"Antioquia","Itagüí","Colombia","Urbana"
1078,2110,"COLEGIO MAYOR DE ANTIOQUIA",2025,2,"Antiguo",1725,"BACTERIOLOGIA Y LABORATORIO CLINICO","Femenino",5001,"Antioquia","Bello","Colombia","Urbana"
1079,2110,"COLEGIO MAYOR DE ANTIOQUIA",2025,2,"Antiguo",1725,"BACTERIOLOGIA Y LABORATORIO CLINICO","Femenino",5001,"Antioquia","Medellín","Colombia","Urbana"
1080,2110,"COLEGIO MAYOR DE ANTIOQUIA",2025,2,"Antiguo",1725,"BACTERIOLOGIA Y LABORATORIO CLINICO","Femenino",5001,"Antioquia","Medellín","Colombia","Urbana"
1081,2110,"COLEGIO MAYOR DE ANTIOQUIA",2025,2,"Antiguo",1725,"BACTERIOLOGIA Y LABORATORIO CLINICO","Femenino",5001,"Antioquia","Medellín","Colombia","Urbana"
1082,2110,"COLEGIO MAYOR DE ANTIOQUIA",2025,2,"Antiguo",1725,"BACTERIOLOGIA Y LABORATORIO CLINICO","Femenino",5001,"Antioquia","Medellín","Colombia","Urbana"
1083,2110,"COLEGIO MAYOR DE ANTIOQUIA",2025,2,"Antiguo",1725,"BACTERIOLOGIA Y LABORATORIO CLINICO","Masculino",5001,"Antioquia","Medellín","Colombia","Urbana"
1084,2110,"COLEGIO MAYOR DE ANTIOQUIA",2025,2,"Antiguo",1725,"BACTERIOLOGIA Y LABORATORIO CLINICO","Femenino",5001,"Antioquia","Medellín","Colombia","Urbana"
1085,2110,"COLEGIO MAYOR DE ANTIOQUIA",2025,2,"Antiguo",1725,"BACTERIOLOGIA Y LABORATORIO CLINICO","Femenino",5001,"Antioquia","Medellín","Colombia","Urbana"
1086,2110,"COLEGIO MAYOR DE ANTIOQUIA",2025,2,"Antiguo",1725,"BACTERIOLOGIA Y LABORATORIO CLINICO","Femenino",5001,"Antioquia","Medellín","Colombia","Urbana"
1087,2110,"COLEGIO MAYOR DE ANTIOQUIA",2025,2,"Antiguo",1725,"BACTERIOLOGIA Y LABORATORIO CLINICO","Masculino",5001,"Antioquia","Girardota","Colombia","Urbana"
1088,2110,"COLEGIO MAYOR DE ANTIOQUIA",2025,2,"Antiguo",1725,"BACTERIOLOGIA Y LABORATORIO CLINICO","Femenino",5001,"Antioquia","Medellín","Colombia","Urbana"
1089,2110,"COLEGIO MAYOR DE ANTIOQUIA",2025,2,"Antiguo",1725,"BACTERIOLOGIA Y LABORATORIO CLINICO","Femenino",5001,"Antioquia","Girardota","Colombia","Urbana"
1090,2110,"COLEGIO MAYOR DE ANTIOQUIA",2025,2,"Antiguo",1725,"BACTERIOLOGIA Y LABORATORIO CLINICO","Femenino",5001,"Antioquia","Copacabana","Colombia","Urbana"
1091,2110,"COLEGIO MAYOR DE ANTIOQUIA",2025,2,"Antiguo",1725,"BACTERIOLOGIA Y LABORATORIO CLINICO","Masculino",5001,"Antioquia","Medellín","Colombia","Urbana"
1092,2110,"COLEGIO MAYOR DE ANTIOQUIA",2025,2,"Antiguo",1725,"BACTERIOLOGIA Y LABORATORIO CLINICO","Femenino",5001,"Antioquia","Medellín","Colombia","Urbana"
1093,2110,"COLEGIO MAYOR DE ANTIOQUIA",2025,2,"Antiguo",1725,"BACTERIOLOGIA Y LABORATORIO CLINICO","Femenino",5001,"Antioquia","Entrerríos","Colombia","Urbana"
1094,2110,"COLEGIO MAYOR DE ANTIOQUIA",2025,2,"Antiguo",1725,"BACTERIOLOGIA Y LABORATORIO CLINICO","Femenino",5001,"Antioquia","Medellín","Colombia","Urbana"
1095,2110,"COLEGIO MAYOR DE ANTIOQUIA",2025,2,"Antiguo",1725,"BACTERIOLOGIA Y LABORATORIO CLINICO","Femenino",5001,"Antioquia","Medellín","Colombia","Urbana"
1096,2110,"COLEGIO MAYOR DE ANTIOQUIA",2025,2,"Antiguo",1725,"BACTERIOLOGIA Y LABORATORIO CLINICO","Femenino",5001,"Antioquia","Guarne","Colombia","Urbana"
1097,2110,"COLEGIO MAYOR DE ANTIOQUIA",2025,2,"Antiguo",1725,"BACTERIOLOGIA Y LABORATORIO CLINICO","Femenino",5001,"Antioquia","Medellín","Colombia","Urbana"
1098,2110,"COLEGIO MAYOR DE ANTIOQUIA",2025,2,"Antiguo",1725,"BACTERIOLOGIA Y LABORATORIO CLINICO","Femenino",5001,"Antioquia","Bello","Colombia","Urbana"
1099,2110,"COLEGIO MAYOR DE ANTIOQUIA",2025,2,"Antiguo",1725,"BACTERIOLOGIA Y LABORATORIO CLINICO","Femenino",5001,"Antioquia","Medellín","Colombia","Urbana"
1100,2110,"COLEGIO MAYOR DE ANTIOQUIA",2025,2,"Antiguo",1725,"BACTERIOLOGIA Y LABORATORIO CLINICO","Femenino",5001,"Meta","Villavicencio","Colombia","Urbana"
1101,2110,"COLEGIO MAYOR DE ANTIOQUIA",2025,2,"Antiguo",1725,"BACTERIOLOGIA Y LABORATORIO CLINICO","Femenino",5001,"Bogotá D.C.","Bogotá D.C.","Colombia","Urbana"
1102,2110,"COLEGIO MAYOR DE ANTIOQUIA",2025,2,"Antiguo",1725,"BACTERIOLOGIA Y LABORATORIO CLINICO","Femenino",5001,"Antioquia","Medellín","Colombia","Urbana"
1103,2110,"COLEGIO MAYOR DE ANTIOQUIA",2025,2,"Antiguo",1725,"BACTERIOLOGIA Y LABORATORIO CLINICO","Masculino",5001,"Antioquia","Medellín","Colombia","Urbana"
1104,2110,"COLEGIO MAYOR DE ANTIOQUIA",2025,2,"Antiguo",1725,"BACTERIOLOGIA Y LABORATORIO CLINICO","Femenino",5001,"Nariño","Túquerres","Colombia","Urbana"
1105,2110,"COLEGIO MAYOR DE ANTIOQUIA",2025,2,"Antiguo",1725,"BACTERIOLOGIA Y LABORATORIO CLINICO","Femenino",5001,"Antioquia","Medellín","Colombia","Urbana"
1106,2110,"COLEGIO MAYOR DE ANTIOQUIA",2025,2,"Antiguo",1725,"BACTERIOLOGIA Y LABORATORIO CLINICO","Femenino",5001,"Amazonas","Leticia","Colombia","Urbana"
1107,2110,"COLEGIO MAYOR DE ANTIOQUIA",2025,2,"Antiguo",1725,"BACTERIOLOGIA Y LABORATORIO CLINICO","Femenino",5001,"Antioquia","Medellín","Colombia","Urbana"
1108,2110,"COLEGIO MAYOR DE ANTIOQUIA",2025,2,"Antiguo",1725,"BACTERIOLOGIA Y LABORATORIO CLINICO","Femenino",5001,"Antioquia","Medellín","Colombia","Urbana"
1109,2110,"COLEGIO MAYOR DE ANTIOQUIA",2025,2,"Antiguo",1725,"BACTERIOLOGIA Y LABORATORIO CLINICO","Masculino",5001,"Antioquia","Bello","Colombia","Urbana"
1110,2110,"COLEGIO MAYOR DE ANTIOQUIA",2025,2,"Antiguo",1725,"BACTERIOLOGIA Y LABORATORIO CLINICO","Femenino",5001,"Antioquia","Medellín","Colombia","Urbana"
1111,2110,"COLEGIO MAYOR DE ANTIOQUIA",2025,2,"Antiguo",1725,"BACTERIOLOGIA Y LABORATORIO CLINICO","Masculino",5001,"Antioquia","Medellín","Colombia","Urbana"
1112,2110,"COLEGIO MAYOR DE ANTIOQUIA",2025,2,"Antiguo",1725,"BACTERIOLOGIA Y LABORATORIO CLINICO","Femenino",5001,"Antioquia","Medellín","Colombia","Urbana"
1113,2110,"COLEGIO MAYOR DE ANTIOQUIA",2025,2,"Antiguo",1725,"BACTERIOLOGIA Y LABORATORIO CLINICO","Femenino",5001,"Antioquia","Medellín","Colombia","Urbana"
1114,2110,"COLEGIO MAYOR DE ANTIOQUIA",2025,2,"Antiguo",1725,"BACTERIOLOGIA Y LABORATORIO CLINICO","Femenino",5001,"Antioquia","Itagüí","Colombia","Urbana"
1115,2110,"COLEGIO MAYOR DE ANTIOQUIA",2025,2,"Antiguo",1725,"BACTERIOLOGIA Y LABORATORIO CLINICO","Femenino",5001,"Antioquia","Medellín","Colombia","Urbana"
1116,2110,"COLEGIO MAYOR DE ANTIOQUIA",2025,2,"Antiguo",1725,"BACTERIOLOGIA Y LABORATORIO CLINICO","Femenino",5001,"Antioquia","Itagüí","Colombia","Urbana"
1117,2110,"COLEGIO MAYOR DE ANTIOQUIA",2025,2,"Antiguo",1725,"BACTERIOLOGIA Y LABORATORIO CLINICO","Masculino",5001,"La Guajira","Maicao","Colombia","Urbana"
1118,2110,"COLEGIO MAYOR DE ANTIOQUIA",2025,2,"Antiguo",1725,"BACTERIOLOGIA Y LABORATORIO CLINICO","Femenino",5001,"Antioquia","Itagüí","Colombia","Urbana"
1119,2110,"COLEGIO MAYOR DE ANTIOQUIA",2025,2,"Antiguo",1725,"BACTERIOLOGIA Y LABORATORIO CLINICO","Femenino",5001,"Antioquia","Medellín","Colombia","Urbana"
1120,2110,"COLEGIO MAYOR DE ANTIOQUIA",2025,2,"Antiguo",1725,"BACTERIOLOGIA Y LABORATORIO CLINICO","Masculino",5001,"Antioquia","Bello","Colombia","Urbana"
1121,2110,"COLEGIO MAYOR DE ANTIOQUIA",2025,2,"Antiguo",1725,"BACTERIOLOGIA Y LABORATORIO CLINICO","Femenino",5001,"Antioquia","Medellín","Colombia","Urbana"
1122,2110,"COLEGIO MAYOR DE ANTIOQUIA",2025,2,"Antiguo",1725,"BACTERIOLOGIA Y LABORATORIO CLINICO","Femenino",5001,"Antioquia","Medellín","Colombia","Urbana"
1123,2110,"COLEGIO MAYOR DE ANTIOQUIA",2025,2,"Antiguo",1725,"BACTERIOLOGIA Y LABORATORIO CLINICO","Femenino",5001,"Antioquia","Sabaneta","Colombia","Urbana"
1124,2110,"COLEGIO MAYOR DE ANTIOQUIA",2025,2,"Antiguo",1725,"BACTERIOLOGIA Y LABORATORIO CLINICO","Femenino",5001,"Antioquia","El Carmen de Viboral","Colombia","Urbana"
1125,2110,"COLEGIO MAYOR DE ANTIOQUIA",2025,2,"Antiguo",1725,"BACTERIOLOGIA Y LABORATORIO CLINICO","Femenino",5001,"Antioquia","Maceo","Colombia","Urbana"
1126,2110,"COLEGIO MAYOR DE ANTIOQUIA",2025,2,"Antiguo",1725,"BACTERIOLOGIA Y LABORATORIO CLINICO","Femenino",5001,"Antioquia","Medellín","Colombia","Urbana"
1127,2110,"COLEGIO MAYOR DE ANTIOQUIA",2025,2,"Antiguo",1725,"BACTERIOLOGIA Y LABORATORIO CLINICO","Femenino",5001,"Antioquia","Medellín","Colombia","Urbana"
1128,2110,"COLEGIO MAYOR DE ANTIOQUIA",2025,2,"Antiguo",1725,"BACTERIOLOGIA Y LABORATORIO CLINICO","Masculino",5001,"Antioquia","Medellín","Colombia","Urbana"
1129,2110,"COLEGIO MAYOR DE ANTIOQUIA",2025,2,"Antiguo",1725,"BACTERIOLOGIA Y LABORATORIO CLINICO","Femenino",5001,"Córdoba","Monteria","Colombia","Urbana"
1130,2110,"COLEGIO MAYOR DE ANTIOQUIA",2025,2,"Antiguo",1725,"BACTERIOLOGIA Y LABORATORIO CLINICO","Femenino",5001,"Córdoba","Chinú","Colombia","Urbana"
1131,2110,"COLEGIO MAYOR DE ANTIOQUIA",2025,2,"Antiguo",1725,"BACTERIOLOGIA Y LABORATORIO CLINICO","Femenino",5001,"Antioquia","Barbosa","Colombia","Urbana"
1132,2110,"COLEGIO MAYOR DE ANTIOQUIA",2025,2,"Antiguo",1725,"BACTERIOLOGIA Y LABORATORIO CLINICO","Masculino",5001,"Antioquia","Barbosa","Colombia","Urbana"
1133,2110,"COLEGIO MAYOR DE ANTIOQUIA",2025,2,"Antiguo",1725,"BACTERIOLOGIA Y LABORATORIO CLINICO","Femenino",5001,"Antioquia","Medellín","Colombia","Urbana"
1134,2110,"COLEGIO MAYOR DE ANTIOQUIA",2025,2,"Antiguo",1725,"BACTERIOLOGIA Y LABORATORIO CLINICO","Femenino",5001,"Antioquia","Medellín","Colombia","Urbana"
1135,2110,"COLEGIO MAYOR DE ANTIOQUIA",2025,2,"Antiguo",1725,"BACTERIOLOGIA Y LABORATORIO CLINICO","Femenino",5001,"Antioquia","Medellín","Colombia","Urbana"
1136,2110,"COLEGIO MAYOR DE ANTIOQUIA",2025,2,"Antiguo",1725,"BACTERIOLOGIA Y LABORATORIO CLINICO","Femenino",5001,"Antioquia","Medellín","Colombia","Urbana"
1137,2110,"COLEGIO MAYOR DE ANTIOQUIA",2025,2,"Antiguo",1725,"BACTERIOLOGIA Y LABORATORIO CLINICO","Femenino",5001,"Antioquia","Envigado","Colombia","Urbana"
1138,2110,"COLEGIO MAYOR DE ANTIOQUIA",2025,2,"Antiguo",1725,"BACTERIOLOGIA Y LABORATORIO CLINICO","Femenino",5001,"Antioquia","Medellín","Colombia","Urbana"
1139,2110,"COLEGIO MAYOR DE ANTIOQUIA",2025,2,"Antiguo",1725,"BACTERIOLOGIA Y LABORATORIO CLINICO","Femenino",5001,"Antioquia","Medellín","Colombia","Urbana"
1140,2110,"COLEGIO MAYOR DE ANTIOQUIA",2025,2,"Antiguo",1725,"BACTERIOLOGIA Y LABORATORIO CLINICO","Femenino",5001,"Antioquia","Medellín","Colombia","Urbana"
1141,2110,"COLEGIO MAYOR DE ANTIOQUIA",2025,2,"Antiguo",1725,"BACTERIOLOGIA Y LABORATORIO CLINICO","Femenino",5001,"Antioquia","Medellín","Colombia","Urbana"
1142,2110,"COLEGIO MAYOR DE ANTIOQUIA",2025,2,"Antiguo",1725,"BACTERIOLOGIA Y LABORATORIO CLINICO","Femenino",5001,"Antioquia","Medellín","Colombia","Urbana"
1143,2110,"COLEGIO MAYOR DE ANTIOQUIA",2025,2,"Antiguo",1725,"BACTERIOLOGIA Y LABORATORIO CLINICO","Femenino",5001,"Antioquia","Itagüí","Colombia","Urbana"
1144,2110,"COLEGIO MAYOR DE ANTIOQUIA",2025,2,"Antiguo",1725,"BACTERIOLOGIA Y LABORATORIO CLINICO","Femenino",5001,"Antioquia","Medellín","Colombia","Urbana"
1145,2110,"COLEGIO MAYOR DE ANTIOQUIA",2025,2,"Antiguo",1725,"BACTERIOLOGIA Y LABORATORIO CLINICO","Femenino",5001,"Antioquia","Ríonegro","Colombia","Urbana"
1146,2110,"COLEGIO MAYOR DE ANTIOQUIA",2025,2,"Antiguo",1725,"BACTERIOLOGIA Y LABORATORIO CLINICO","Femenino",5001,"Antioquia","Itagüí","Colombia","Urbana"
1147,2110,"COLEGIO MAYOR DE ANTIOQUIA",2025,2,"Antiguo",1725,"BACTERIOLOGIA Y LABORATORIO CLINICO","Femenino",5001,"Antioquia","Medellín","Colombia","Urbana"
1148,2110,"COLEGIO MAYOR DE ANTIOQUIA",2025,2,"Antiguo",1725,"BACTERIOLOGIA Y LABORATORIO CLINICO","Femenino",5001,"Antioquia","Medellín","Colombia","Urbana"
1149,2110,"COLEGIO MAYOR DE ANTIOQUIA",2025,2,"Antiguo",1725,"BACTERIOLOGIA Y LABORATORIO CLINICO","Masculino",5001,"Antioquia","Bello","Colombia","Urbana"
1150,2110,"COLEGIO MAYOR DE ANTIOQUIA",2025,2,"Antiguo",1725,"BACTERIOLOGIA Y LABORATORIO CLINICO","Masculino",5001,"Antioquia","Medellín","Colombia","Urbana"
1151,2110,"COLEGIO MAYOR DE ANTIOQUIA",2025,2,"Antiguo",1725,"BACTERIOLOGIA Y LABORATORIO CLINICO","Femenino",5001,"Antioquia","Carolina del Principe","Colombia","Urbana"
1152,2110,"COLEGIO MAYOR DE ANTIOQUIA",2025,2,"Antiguo",1725,"BACTERIOLOGIA Y LABORATORIO CLINICO","Femenino",5001,"Antioquia","Medellín","Colombia","Urbana"
1153,2110,"COLEGIO MAYOR DE ANTIOQUIA",2025,2,"Antiguo",1725,"BACTERIOLOGIA Y LABORATORIO CLINICO","Femenino",5001,"Antioquia","Medellín","Colombia","Urbana"
1154,2110,"COLEGIO MAYOR DE ANTIOQUIA",2025,2,"Antiguo",1725,"BACTERIOLOGIA Y LABORATORIO CLINICO","Femenino",5001,"Antioquia","Bello","Colombia","Urbana"
1155,2110,"COLEGIO MAYOR DE ANTIOQUIA",2025,2,"Antiguo",1725,"BACTERIOLOGIA Y LABORATORIO CLINICO","Femenino",5001,"Antioquia","Medellín","Colombia","Urbana"
1156,2110,"COLEGIO MAYOR DE ANTIOQUIA",2025,2,"Antiguo",1725,"BACTERIOLOGIA Y LABORATORIO CLINICO","Femenino",5001,"Antioquia","Medellín","Colombia","Urbana"
1157,2110,"COLEGIO MAYOR DE ANTIOQUIA",2025,2,"Antiguo",1725,"BACTERIOLOGIA Y LABORATORIO CLINICO","Femenino",5001,"Antioquia","Medellín","Colombia","Urbana"
1158,2110,"COLEGIO MAYOR DE ANTIOQUIA",2025,2,"Antiguo",1725,"BACTERIOLOGIA Y LABORATORIO CLINICO","Femenino",5001,"Antioquia","Medellín","Colombia","Urbana"
1159,2110,"COLEGIO MAYOR DE ANTIOQUIA",2025,2,"Antiguo",1725,"BACTERIOLOGIA Y LABORATORIO CLINICO","Masculino",5001,"Antioquia","Medellín","Colombia","Urbana"
1160,2110,"COLEGIO MAYOR DE ANTIOQUIA",2025,2,"Antiguo",1725,"BACTERIOLOGIA Y LABORATORIO CLINICO","Femenino",5001,"Antioquia","Bello","Colombia","Urbana"
1161,2110,"COLEGIO MAYOR DE ANTIOQUIA",2025,2,"Antiguo",1725,"BACTERIOLOGIA Y LABORATORIO CLINICO","Masculino",5001,"Antioquia","Medellín","Colombia","Urbana"
1162,2110,"COLEGIO MAYOR DE ANTIOQUIA",2025,2,"Antiguo",1725,"BACTERIOLOGIA Y LABORATORIO CLINICO","Femenino",5001,"Antioquia","Medellín","Colombia","Urbana"
1163,2110,"COLEGIO MAYOR DE ANTIOQUIA",2025,2,"Antiguo",1725,"BACTERIOLOGIA Y LABORATORIO CLINICO","Masculino",5001,"Antioquia","Itagüí","Colombia","Urbana"
1164,2110,"COLEGIO MAYOR DE ANTIOQUIA",2025,2,"Antiguo",1725,"BACTERIOLOGIA Y LABORATORIO CLINICO","Femenino",5001,"Antioquia","Frontino","Colombia","Urbana"
1165,2110,"COLEGIO MAYOR DE ANTIOQUIA",2025,2,"Antiguo",1725,"BACTERIOLOGIA Y LABORATORIO CLINICO","Femenino",5001,"Antioquia","El Carmen de Viboral","Colombia","Urbana"
1166,2110,"COLEGIO MAYOR DE ANTIOQUIA",2025,2,"Antiguo",1725,"BACTERIOLOGIA Y LABORATORIO CLINICO","Femenino",5001,"Antioquia","Medellín","Colombia","Urbana"
1167,2110,"COLEGIO MAYOR DE ANTIOQUIA",2025,2,"Antiguo",1725,"BACTERIOLOGIA Y LABORATORIO CLINICO","Femenino",5001,"Antioquia","Medellín","Colombia","Urbana"
1168,2110,"COLEGIO MAYOR DE ANTIOQUIA",2025,2,"Antiguo",1725,"BACTERIOLOGIA Y LABORATORIO CLINICO","Femenino",5001,"Huila","Tarqui","Colombia","Urbana"
1169,2110,"COLEGIO MAYOR DE ANTIOQUIA",2025,2,"Antiguo",1725,"BACTERIOLOGIA Y LABORATORIO CLINICO","Femenino",5001,"Antioquia","Envigado","Colombia","Urbana"
1170,2110,"COLEGIO MAYOR DE ANTIOQUIA",2025,2,"Antiguo",1725,"BACTERIOLOGIA Y LABORATORIO CLINICO","Femenino",5001,"Antioquia","Medellín","Colombia","Urbana"
1171,2110,"COLEGIO MAYOR DE ANTIOQUIA",2025,2,"Antiguo",1725,"BACTERIOLOGIA Y LABORATORIO CLINICO","Femenino",5001,"Antioquia","Medellín","Colombia","Urbana"
1172,2110,"COLEGIO MAYOR DE ANTIOQUIA",2025,2,"Antiguo",1725,"BACTERIOLOGIA Y LABORATORIO CLINICO","Masculino",5001,"Antioquia","Sonsón","Colombia","Urbana"
1173,2110,"COLEGIO MAYOR DE ANTIOQUIA",2025,2,"Antiguo",1725,"BACTERIOLOGIA Y LABORATORIO CLINICO","Femenino",5001,"Antioquia","Medellín","Colombia","Urbana"
1174,2110,"COLEGIO MAYOR DE ANTIOQUIA",2025,2,"Antiguo",1725,"BACTERIOLOGIA Y LABORATORIO CLINICO","Femenino",5001,"Antioquia","Medellín","Colombia","Urbana"
1175,2110,"COLEGIO MAYOR DE ANTIOQUIA",2025,2,"Antiguo",1725,"BACTERIOLOGIA Y LABORATORIO CLINICO","Femenino",5001,"Antioquia","Medellín","Colombia","Urbana"
1176,2110,"COLEGIO MAYOR DE ANTIOQUIA",2025,2,"Antiguo",1725,"BACTERIOLOGIA Y LABORATORIO CLINICO","Femenino",5001,"Antioquia","Caucasia","Colombia","Urbana"
1177,2110,"COLEGIO MAYOR DE ANTIOQUIA",2025,2,"Antiguo",1725,"BACTERIOLOGIA Y LABORATORIO CLINICO","Femenino",5001,"Antioquia","San Pedro","Colombia","Urbana"
1178,2110,"COLEGIO MAYOR DE ANTIOQUIA",2025,2,"Antiguo",1725,"BACTERIOLOGIA Y LABORATORIO CLINICO","Masculino",5001,"Antioquia","Medellín","Colombia","Urbana"
1179,2110,"COLEGIO MAYOR DE ANTIOQUIA",2025,2,"Antiguo",1725,"BACTERIOLOGIA Y LABORATORIO CLINICO","Masculino",5001,"Antioquia","Vegachí","Colombia","Urbana"
1180,2110,"COLEGIO MAYOR DE ANTIOQUIA",2025,2,"Antiguo",1725,"BACTERIOLOGIA Y LABORATORIO CLINICO","Femenino",5001,"Antioquia","Envigado","Colombia","Urbana"
1181,2110,"COLEGIO MAYOR DE ANTIOQUIA",2025,2,"Antiguo",1725,"BACTERIOLOGIA Y LABORATORIO CLINICO","Masculino",5001,"Antioquia","Copacabana","Colombia","Urbana"
1182,2110,"COLEGIO MAYOR DE ANTIOQUIA",2025,2,"Antiguo",1725,"BACTERIOLOGIA Y LABORATORIO CLINICO","Femenino",5001,"Caquetá","Florencia","Colombia","Urbana"
1183,2110,"COLEGIO MAYOR DE ANTIOQUIA",2025,2,"Antiguo",1725,"BACTERIOLOGIA Y LABORATORIO CLINICO","Femenino",5001,"Antioquia","Bello","Colombia","Urbana"
1184,2110,"COLEGIO MAYOR DE ANTIOQUIA",2025,2,"Antiguo",1725,"BACTERIOLOGIA Y LABORATORIO CLINICO","Femenino",5001,"Antioquia","Medellín","Colombia","Urbana"
1185,2110,"COLEGIO MAYOR DE ANTIOQUIA",2025,2,"Antiguo",1725,"BACTERIOLOGIA Y LABORATORIO CLINICO","Femenino",5001,"Antioquia","Medellín","Colombia","Urbana"
1186,2110,"COLEGIO MAYOR DE ANTIOQUIA",2025,2,"Antiguo",1725,"BACTERIOLOGIA Y LABORATORIO CLINICO","Femenino",5001,"Antioquia","Bello","Colombia","Urbana"
1187,2110,"COLEGIO MAYOR DE ANTIOQUIA",2025,2,"Antiguo",1725,"BACTERIOLOGIA Y LABORATORIO CLINICO","Masculino",5001,"Antioquia","Medellín","Colombia","Urbana"
1188,2110,"COLEGIO MAYOR DE ANTIOQUIA",2025,2,"Antiguo",1725,"BACTERIOLOGIA Y LABORATORIO CLINICO","Femenino",5001,"Antioquia","Medellín","Colombia","Urbana"
1189,2110,"COLEGIO MAYOR DE ANTIOQUIA",2025,2,"Antiguo",1725,"BACTERIOLOGIA Y LABORATORIO CLINICO","Femenino",5001,"Antioquia","Bello","Colombia","Urbana"
1190,2110,"COLEGIO MAYOR DE ANTIOQUIA",2025,2,"Antiguo",1725,"BACTERIOLOGIA Y LABORATORIO CLINICO","Masculino",5001,"Antioquia","Medellín","Colombia","Urbana"
1191,2110,"COLEGIO MAYOR DE ANTIOQUIA",2025,2,"Antiguo",1725,"BACTERIOLOGIA Y LABORATORIO CLINICO","Femenino",5001,"Antioquia","Medellín","Colombia","Urbana"
1192,2110,"COLEGIO MAYOR DE ANTIOQUIA",2025,2,"Antiguo",1725,"BACTERIOLOGIA Y LABORATORIO CLINICO","Femenino",5001,"Antioquia","Medellín","Colombia","Urbana"
1193,2110,"COLEGIO MAYOR DE ANTIOQUIA",2025,2,"Antiguo",1725,"BACTERIOLOGIA Y LABORATORIO CLINICO","Femenino",5001,"Antioquia","Medellín","Colombia","Urbana"
1194,2110,"COLEGIO MAYOR DE ANTIOQUIA",2025,2,"Antiguo",1725,"BACTERIOLOGIA Y LABORATORIO CLINICO","Femenino",5001,"Antioquia","Medellín","Colombia","Urbana"
1195,2110,"COLEGIO MAYOR DE ANTIOQUIA",2025,2,"Antiguo",1725,"BACTERIOLOGIA Y LABORATORIO CLINICO","Femenino",5001,"Antioquia","Medellín","Colombia","Urbana"
1196,2110,"COLEGIO MAYOR DE ANTIOQUIA",2025,2,"Antiguo",1725,"BACTERIOLOGIA Y LABORATORIO CLINICO","Masculino",5001,"Antioquia","Santa Fé de Antioquia","Colombia","Urbana"
1197,2110,"COLEGIO MAYOR DE ANTIOQUIA",2025,2,"Antiguo",1725,"BACTERIOLOGIA Y LABORATORIO CLINICO","Femenino",5001,"Antioquia","Medellín","Colombia","Urbana"
1198,2110,"COLEGIO MAYOR DE ANTIOQUIA",2025,2,"Antiguo",1725,"BACTERIOLOGIA Y LABORATORIO CLINICO","Femenino",5001,"Antioquia","Medellín","Colombia","Urbana"
1199,2110,"COLEGIO MAYOR DE ANTIOQUIA",2025,2,"Antiguo",1725,"BACTERIOLOGIA Y LABORATORIO CLINICO","Masculino",5001,"Nariño","Buesaco","Colombia","Urbana"
1200,2110,"COLEGIO MAYOR DE ANTIOQUIA",2025,2,"Antiguo",1725,"BACTERIOLOGIA Y LABORATORIO CLINICO","Femenino",5001,"Antioquia","Turbo","Colombia","Urbana"
1201,2110,"COLEGIO MAYOR DE ANTIOQUIA",2025,2,"Antiguo",1725,"BACTERIOLOGIA Y LABORATORIO CLINICO","Femenino",5001,"Antioquia","Girardota","Colombia","Urbana"
1202,2110,"COLEGIO MAYOR DE ANTIOQUIA",2025,2,"Antiguo",1725,"BACTERIOLOGIA Y LABORATORIO CLINICO","Femenino",5001,"Antioquia","Medellín","Colombia","Urbana"
1203,2110,"COLEGIO MAYOR DE ANTIOQUIA",2025,2,"Antiguo",1725,"BACTERIOLOGIA Y LABORATORIO CLINICO","Masculino",5001,"Antioquia","Medellín","Colombia","Urbana"
1204,2110,"COLEGIO MAYOR DE ANTIOQUIA",2025,2,"Antiguo",1725,"BACTERIOLOGIA Y LABORATORIO CLINICO","Femenino",5001,"Antioquia","Medellín","Colombia","Urbana"
1205,2110,"COLEGIO MAYOR DE ANTIOQUIA",2025,2,"Antiguo",1725,"BACTERIOLOGIA Y LABORATORIO CLINICO","Femenino",5001,"Antioquia","Medellín","Colombia","Urbana"
1206,2110,"COLEGIO MAYOR DE ANTIOQUIA",2025,2,"Antiguo",1725,"BACTERIOLOGIA Y LABORATORIO CLINICO","Femenino",5001,"Antioquia","Bello","Colombia","Urbana"
1207,2110,"COLEGIO MAYOR DE ANTIOQUIA",2025,2,"Antiguo",1725,"BACTERIOLOGIA Y LABORATORIO CLINICO","Femenino",5001,"Antioquia","Bello","Colombia","Urbana"
1208,2110,"COLEGIO MAYOR DE ANTIOQUIA",2025,2,"Antiguo",1725,"BACTERIOLOGIA Y LABORATORIO CLINICO","Masculino",5001,"Antioquia","Medellín","Colombia","Urbana"
1209,2110,"COLEGIO MAYOR DE ANTIOQUIA",2025,2,"Antiguo",1725,"BACTERIOLOGIA Y LABORATORIO CLINICO","Femenino",5001,"Antioquia","Medellín","Colombia","Urbana"
1210,2110,"COLEGIO MAYOR DE ANTIOQUIA",2025,2,"Antiguo",1725,"BACTERIOLOGIA Y LABORATORIO CLINICO","Femenino",5001,"Putumayo","Mocoa","Colombia","Urbana"
1211,2110,"COLEGIO MAYOR DE ANTIOQUIA",2025,2,"Antiguo",1725,"BACTERIOLOGIA Y LABORATORIO CLINICO","Femenino",5001,"Antioquia","Sopetrán","Colombia","Urbana"
1212,2110,"COLEGIO MAYOR DE ANTIOQUIA",2025,2,"Antiguo",1725,"BACTERIOLOGIA Y LABORATORIO CLINICO","Femenino",5001,"Antioquia","Bello","Colombia","Urbana"
1213,2110,"COLEGIO MAYOR DE ANTIOQUIA",2025,2,"Antiguo",1725,"BACTERIOLOGIA Y LABORATORIO CLINICO","Femenino",5001,"Antioquia","Bello","Colombia","Urbana"
1214,2110,"COLEGIO MAYOR DE ANTIOQUIA",2025,2,"Antiguo",1725,"BACTERIOLOGIA Y LABORATORIO CLINICO","Femenino",5001,"Antioquia","Medellín","Colombia","Urbana"
1215,2110,"COLEGIO MAYOR DE ANTIOQUIA",2025,2,"Antiguo",1725,"BACTERIOLOGIA Y LABORATORIO CLINICO","Masculino",5001,"Antioquia","Medellín","Colombia","Urbana"
1216,2110,"COLEGIO MAYOR DE ANTIOQUIA",2025,2,"Antiguo",1725,"BACTERIOLOGIA Y LABORATORIO CLINICO","Femenino",5001,"Antioquia","Medellín","Colombia","Urbana"
1217,2110,"COLEGIO MAYOR DE ANTIOQUIA",2025,2,"Antiguo",1725,"BACTERIOLOGIA Y LABORATORIO CLINICO","Femenino",5001,"Antioquia","Medellín","Colombia","Urbana"
1218,2110,"COLEGIO MAYOR DE ANTIOQUIA",2025,2,"Antiguo",1725,"BACTERIOLOGIA Y LABORATORIO CLINICO","Masculino",5001,"Antioquia","Medellín","Colombia","Urbana"
1219,2110,"COLEGIO MAYOR DE ANTIOQUIA",2025,2,"Antiguo",1725,"BACTERIOLOGIA Y LABORATORIO CLINICO","Femenino",5001,"Antioquia","Medellín","Colombia","Urbana"
1220,2110,"COLEGIO MAYOR DE ANTIOQUIA",2025,2,"Antiguo",1725,"BACTERIOLOGIA Y LABORATORIO CLINICO","Femenino",5001,"Antioquia","Medellín","Colombia","Urbana"
1221,2110,"COLEGIO MAYOR DE ANTIOQUIA",2025,2,"Antiguo",1725,"BACTERIOLOGIA Y LABORATORIO CLINICO","Femenino",5001,"Antioquia","Medellín","Colombia","Urbana"
1222,2110,"COLEGIO MAYOR DE ANTIOQUIA",2025,2,"Antiguo",1725,"BACTERIOLOGIA Y LABORATORIO CLINICO","Femenino",5001,"Antioquia","Medellín","Colombia","Urbana"
1223,2110,"COLEGIO MAYOR DE ANTIOQUIA",2025,2,"Antiguo",1725,"BACTERIOLOGIA Y LABORATORIO CLINICO","Femenino",5001,"Antioquia","Medellín","Colombia","Urbana"
1224,2110,"COLEGIO MAYOR DE ANTIOQUIA",2025,2,"Antiguo",1725,"BACTERIOLOGIA Y LABORATORIO CLINICO","Femenino",5001,"Antioquia","Itagüí","Colombia","Urbana"
1225,2110,"COLEGIO MAYOR DE ANTIOQUIA",2025,2,"Antiguo",1725,"BACTERIOLOGIA Y LABORATORIO CLINICO","Masculino",5001,"Antioquia","Medellín","Colombia","Urbana"
1226,2110,"COLEGIO MAYOR DE ANTIOQUIA",2025,2,"Antiguo",1725,"BACTERIOLOGIA Y LABORATORIO CLINICO","Femenino",5001,"Antioquia","Itagüí","Colombia","Urbana"
1227,2110,"COLEGIO MAYOR DE ANTIOQUIA",2025,2,"Antiguo",1725,"BACTERIOLOGIA Y LABORATORIO CLINICO","Femenino",5001,"Antioquia","Medellín","Colombia","Urbana"
1228,2110,"COLEGIO MAYOR DE ANTIOQUIA",2025,2,"Antiguo",1725,"BACTERIOLOGIA Y LABORATORIO CLINICO","Femenino",5001,"Antioquia","Medellín","Colombia","Urbana"
1229,2110,"COLEGIO MAYOR DE ANTIOQUIA",2025,2,"Antiguo",1725,"BACTERIOLOGIA Y LABORATORIO CLINICO","Femenino",5001,"Antioquia","Medellín","Colombia","Urbana"
1230,2110,"COLEGIO MAYOR DE ANTIOQUIA",2025,2,"Antiguo",1725,"BACTERIOLOGIA Y LABORATORIO CLINICO","Femenino",5001,"Antioquia","Medellín","Colombia","Urbana"
1231,2110,"COLEGIO MAYOR DE ANTIOQUIA",2025,2,"Antiguo",1725,"BACTERIOLOGIA Y LABORATORIO CLINICO","Femenino",5001,"Antioquia","Santa Rosa de Osos","Colombia","Urbana"
1232,2110,"COLEGIO MAYOR DE ANTIOQUIA",2025,2,"Antiguo",1725,"BACTERIOLOGIA Y LABORATORIO CLINICO","Femenino",5001,"Antioquia","Medellín","Colombia","Urbana"
1233,2110,"COLEGIO MAYOR DE ANTIOQUIA",2025,2,"Antiguo",1725,"BACTERIOLOGIA Y LABORATORIO CLINICO","Masculino",5001,"Antioquia","Medellín","Colombia","Urbana"
1234,2110,"COLEGIO MAYOR DE ANTIOQUIA",2025,2,"Antiguo",1725,"BACTERIOLOGIA Y LABORATORIO CLINICO","Femenino",5001,"Antioquia","Medellín","Colombia","Urbana"
1235,2110,"COLEGIO MAYOR DE ANTIOQUIA",2025,2,"Antiguo",1725,"BACTERIOLOGIA Y LABORATORIO CLINICO","Femenino",5001,"Antioquia","Medellín","Colombia","Urbana"
1236,2110,"COLEGIO MAYOR DE ANTIOQUIA",2025,2,"Antiguo",1725,"BACTERIOLOGIA Y LABORATORIO CLINICO","Femenino",5001,"Antioquia","Copacabana","Colombia","Urbana"
1237,2110,"COLEGIO MAYOR DE ANTIOQUIA",2025,2,"Antiguo",1725,"BACTERIOLOGIA Y LABORATORIO CLINICO","Femenino",5001,"Antioquia","Medellín","Colombia","Urbana"
1238,2110,"COLEGIO MAYOR DE ANTIOQUIA",2025,2,"Antiguo",1725,"BACTERIOLOGIA Y LABORATORIO CLINICO","Masculino",5001,"Antioquia","Medellín","Colombia","Urbana"
1239,2110,"COLEGIO MAYOR DE ANTIOQUIA",2025,2,"Antiguo",1725,"BACTERIOLOGIA Y LABORATORIO CLINICO","Femenino",5001,"Antioquia","Medellín","Colombia","Urbana"
1240,2110,"COLEGIO MAYOR DE ANTIOQUIA",2025,2,"Antiguo",1725,"BACTERIOLOGIA Y LABORATORIO CLINICO","Femenino",5001,"Antioquia","Medellín","Colombia","Urbana"
1241,2110,"COLEGIO MAYOR DE ANTIOQUIA",2025,2,"Antiguo",1725,"BACTERIOLOGIA Y LABORATORIO CLINICO","Femenino",5001,"Antioquia","Barbosa","Colombia","Urbana"
1242,2110,"COLEGIO MAYOR DE ANTIOQUIA",2025,2,"Antiguo",1725,"BACTERIOLOGIA Y LABORATORIO CLINICO","Masculino",5001,"Antioquia","Medellín","Colombia","Urbana"
1243,2110,"COLEGIO MAYOR DE ANTIOQUIA",2025,2,"Antiguo",1725,"BACTERIOLOGIA Y LABORATORIO CLINICO","Femenino",5001,"Antioquia","Bello","Colombia","Urbana"
1244,2110,"COLEGIO MAYOR DE ANTIOQUIA",2025,2,"Antiguo",1725,"BACTERIOLOGIA Y LABORATORIO CLINICO","Femenino",5001,"Antioquia","Medellín","Colombia","Urbana"
1245,2110,"COLEGIO MAYOR DE ANTIOQUIA",2025,2,"Antiguo",1725,"BACTERIOLOGIA Y LABORATORIO CLINICO","Femenino",5001,"Antioquia","Medellín","Colombia","Urbana"
1246,2110,"COLEGIO MAYOR DE ANTIOQUIA",2025,2,"Antiguo",1725,"BACTERIOLOGIA Y LABORATORIO CLINICO","Femenino",5001,"Antioquia","Bello","Colombia","Urbana"
1247,2110,"COLEGIO MAYOR DE ANTIOQUIA",2025,2,"Antiguo",1725,"BACTERIOLOGIA Y LABORATORIO CLINICO","Femenino",5001,"Antioquia","Medellín","Colombia","Urbana"
1248,2110,"COLEGIO MAYOR DE ANTIOQUIA",2025,2,"Antiguo",1725,"BACTERIOLOGIA Y LABORATORIO CLINICO","Femenino",5001,"Antioquia","Medellín","Colombia","Urbana"
1249,2110,"COLEGIO MAYOR DE ANTIOQUIA",2025,2,"Antiguo",1725,"BACTERIOLOGIA Y LABORATORIO CLINICO","Femenino",5001,"Antioquia","Sonsón","Colombia","Urbana"
1250,2110,"COLEGIO MAYOR DE ANTIOQUIA",2025,2,"Antiguo",1725,"BACTERIOLOGIA Y LABORATORIO CLINICO","Masculino",5001,"Antioquia","Medellín","Colombia","Urbana"
1251,2110,"COLEGIO MAYOR DE ANTIOQUIA",2025,2,"Antiguo",1725,"BACTERIOLOGIA Y LABORATORIO CLINICO","Femenino",5001,"Antioquia","Yalí","Colombia","Urbana"
1252,2110,"COLEGIO MAYOR DE ANTIOQUIA",2025,2,"Antiguo",1725,"BACTERIOLOGIA Y LABORATORIO CLINICO","Femenino",5001,"Antioquia","Bello","Colombia","Urbana"
1253,2110,"COLEGIO MAYOR DE ANTIOQUIA",2025,2,"Antiguo",1725,"BACTERIOLOGIA Y LABORATORIO CLINICO","Femenino",5001,"Antioquia","Medellín","Colombia","Urbana"
1254,2110,"COLEGIO MAYOR DE ANTIOQUIA",2025,2,"Antiguo",1725,"BACTERIOLOGIA Y LABORATORIO CLINICO","Masculino",5001,"Antioquia","Medellín","Colombia","Urbana"
1255,2110,"COLEGIO MAYOR DE ANTIOQUIA",2025,2,"Antiguo",1725,"BACTERIOLOGIA Y LABORATORIO CLINICO","Femenino",5001,"Antioquia","Medellín","Colombia","Urbana"
1256,2110,"COLEGIO MAYOR DE ANTIOQUIA",2025,2,"Antiguo",1725,"BACTERIOLOGIA Y LABORATORIO CLINICO","Femenino",5001,"Antioquia","Envigado","Colombia","Urbana"
1257,2110,"COLEGIO MAYOR DE ANTIOQUIA",2025,2,"Antiguo",1725,"BACTERIOLOGIA Y LABORATORIO CLINICO","Femenino",5001,"Antioquia","Bello","Colombia","Urbana"
1258,2110,"COLEGIO MAYOR DE ANTIOQUIA",2025,2,"Antiguo",1725,"BACTERIOLOGIA Y LABORATORIO CLINICO","Femenino",5001,"Antioquia","San Pedro","Colombia","Urbana"
1259,2110,"COLEGIO MAYOR DE ANTIOQUIA",2025,2,"Antiguo",1725,"BACTERIOLOGIA Y LABORATORIO CLINICO","Femenino",5001,"Antioquia","Medellín","Colombia","Urbana"
1260,2110,"COLEGIO MAYOR DE ANTIOQUIA",2025,2,"Antiguo",1725,"BACTERIOLOGIA Y LABORATORIO CLINICO","Femenino",5001,"Antioquia","Medellín","Colombia","Urbana"
1261,2110,"COLEGIO MAYOR DE ANTIOQUIA",2025,2,"Antiguo",1725,"BACTERIOLOGIA Y LABORATORIO CLINICO","Femenino",5001,"Antioquia","Medellín","Colombia","Urbana"
1262,2110,"COLEGIO MAYOR DE ANTIOQUIA",2025,2,"Antiguo",1725,"BACTERIOLOGIA Y LABORATORIO CLINICO","Femenino",5001,"Antioquia","Bello","Colombia","Urbana"
1263,2110,"COLEGIO MAYOR DE ANTIOQUIA",2025,2,"Antiguo",1725,"BACTERIOLOGIA Y LABORATORIO CLINICO","Femenino",5001,"Antioquia","Medellín","Colombia","Urbana"
1264,2110,"COLEGIO MAYOR DE ANTIOQUIA",2025,2,"Antiguo",1725,"BACTERIOLOGIA Y LABORATORIO CLINICO","Femenino",5001,"Antioquia","Medellín","Colombia","Urbana"
1265,2110,"COLEGIO MAYOR DE ANTIOQUIA",2025,2,"Antiguo",1725,"BACTERIOLOGIA Y LABORATORIO CLINICO","Masculino",5001,"Antioquia","Medellín","Colombia","Urbana"
1266,2110,"COLEGIO MAYOR DE ANTIOQUIA",2025,2,"Antiguo",1725,"BACTERIOLOGIA Y LABORATORIO CLINICO","Femenino",5001,"Antioquia","Medellín","Colombia","Urbana"
1267,2110,"COLEGIO MAYOR DE ANTIOQUIA",2025,2,"Antiguo",1725,"BACTERIOLOGIA Y LABORATORIO CLINICO","Femenino",5001,"Antioquia","Medellín","Colombia","Urbana"
1268,2110,"COLEGIO MAYOR DE ANTIOQUIA",2025,2,"Antiguo",1725,"BACTERIOLOGIA Y LABORATORIO CLINICO","Femenino",5001,"Antioquia","Medellín","Colombia","Urbana"
1269,2110,"COLEGIO MAYOR DE ANTIOQUIA",2025,2,"Antiguo",1725,"BACTERIOLOGIA Y LABORATORIO CLINICO","Femenino",5001,"Antioquia","Bello","Colombia","Urbana"
1270,2110,"COLEGIO MAYOR DE ANTIOQUIA",2025,2,"Antiguo",1725,"BACTERIOLOGIA Y LABORATORIO CLINICO","Femenino",5001,"Antioquia","Uramita","Colombia","Urbana"
1271,2110,"COLEGIO MAYOR DE ANTIOQUIA",2025,2,"Antiguo",1725,"BACTERIOLOGIA Y LABORATORIO CLINICO","Femenino",5001,"Antioquia","Medellín","Colombia","Urbana"
1272,2110,"COLEGIO MAYOR DE ANTIOQUIA",2025,2,"Antiguo",1725,"BACTERIOLOGIA Y LABORATORIO CLINICO","Femenino",5001,"Antioquia","Bello","Colombia","Urbana"
1273,2110,"COLEGIO MAYOR DE ANTIOQUIA",2025,2,"Antiguo",1725,"BACTERIOLOGIA Y LABORATORIO CLINICO","Femenino",5001,"Antioquia","Medellín","Colombia","Urbana"
1274,2110,"COLEGIO MAYOR DE ANTIOQUIA",2025,2,"Antiguo",1725,"BACTERIOLOGIA Y LABORATORIO CLINICO","Femenino",5001,"Antioquia","Medellín","Colombia","Urbana"
1275,2110,"COLEGIO MAYOR DE ANTIOQUIA",2025,2,"Antiguo",1725,"BACTERIOLOGIA Y LABORATORIO CLINICO","Femenino",5001,"Antioquia","Medellín","Colombia","Urbana"
1276,2110,"COLEGIO MAYOR DE ANTIOQUIA",2025,2,"Antiguo",1725,"BACTERIOLOGIA Y LABORATORIO CLINICO","Masculino",5001,"Antioquia","Medellín","Colombia","Urbana"
1277,2110,"COLEGIO MAYOR DE ANTIOQUIA",2025,2,"Antiguo",1725,"BACTERIOLOGIA Y LABORATORIO CLINICO","Femenino",5001,"Antioquia","Medellín","Colombia","Urbana"
1278,2110,"COLEGIO MAYOR DE ANTIOQUIA",2025,2,"Antiguo",1725,"BACTERIOLOGIA Y LABORATORIO CLINICO","Femenino",5001,"Antioquia","Medellín","Colombia","Urbana"
1279,2110,"COLEGIO MAYOR DE ANTIOQUIA",2025,2,"Antiguo",1725,"BACTERIOLOGIA Y LABORATORIO CLINICO","Masculino",5001,"Antioquia","Medellín","Colombia","Urbana"
1280,2110,"COLEGIO MAYOR DE ANTIOQUIA",2025,2,"Antiguo",1725,"BACTERIOLOGIA Y LABORATORIO CLINICO","Masculino",5001,"Antioquia","Medellín","Colombia","Urbana"
1281,2110,"COLEGIO MAYOR DE ANTIOQUIA",2025,2,"Antiguo",1725,"BACTERIOLOGIA Y LABORATORIO CLINICO","Femenino",5001,"Antioquia","Medellín","Colombia","Urbana"
1282,2110,"COLEGIO MAYOR DE ANTIOQUIA",2025,2,"Antiguo",1725,"BACTERIOLOGIA Y LABORATORIO CLINICO","Femenino",5001,"Antioquia","Medellín","Colombia","Urbana"
1283,2110,"COLEGIO MAYOR DE ANTIOQUIA",2025,2,"Antiguo",1725,"BACTERIOLOGIA Y LABORATORIO CLINICO","Femenino",5001,"Antioquia","Medellín","Colombia","Urbana"
1284,2110,"COLEGIO MAYOR DE ANTIOQUIA",2025,2,"Antiguo",1725,"BACTERIOLOGIA Y LABORATORIO CLINICO","Femenino",5001,"Antioquia","Medellín","Colombia","Urbana"
1285,2110,"COLEGIO MAYOR DE ANTIOQUIA",2025,2,"Antiguo",1725,"BACTERIOLOGIA Y LABORATORIO CLINICO","Femenino",5001,"Córdoba","Montelíbano","Colombia","Urbana"
1286,2110,"COLEGIO MAYOR DE ANTIOQUIA",2025,2,"Antiguo",1725,"BACTERIOLOGIA Y LABORATORIO CLINICO","Femenino",5001,"Antioquia","Medellín","Colombia","Urbana"
1287,2110,"COLEGIO MAYOR DE ANTIOQUIA",2025,2,"Antiguo",1725,"BACTERIOLOGIA Y LABORATORIO CLINICO","Femenino",5001,"Antioquia","Bello","Colombia","Urbana"
1288,2110,"COLEGIO MAYOR DE ANTIOQUIA",2025,2,"Antiguo",1725,"BACTERIOLOGIA Y LABORATORIO CLINICO","Femenino",5001,"Antioquia","Medellín","Colombia","Urbana"
1289,2110,"COLEGIO MAYOR DE ANTIOQUIA",2025,2,"Antiguo",1725,"BACTERIOLOGIA Y LABORATORIO CLINICO","Femenino",5001,"Antioquia","Bello","Colombia","Urbana"
1290,2110,"COLEGIO MAYOR DE ANTIOQUIA",2025,2,"Antiguo",1725,"BACTERIOLOGIA Y LABORATORIO CLINICO","Femenino",5001,"Antioquia","Medellín","Colombia","Urbana"
1291,2110,"COLEGIO MAYOR DE ANTIOQUIA",2025,2,"Antiguo",1725,"BACTERIOLOGIA Y LABORATORIO CLINICO","Femenino",5001,"Antioquia","Medellín","Colombia","Urbana"
1292,2110,"COLEGIO MAYOR DE ANTIOQUIA",2025,2,"Antiguo",1725,"BACTERIOLOGIA Y LABORATORIO CLINICO","Femenino",5001,"Antioquia","Medellín","Colombia","Urbana"
1293,2110,"COLEGIO MAYOR DE ANTIOQUIA",2025,2,"Antiguo",1725,"BACTERIOLOGIA Y LABORATORIO CLINICO","Femenino",5001,"Antioquia","Medellín","Colombia","Urbana"
1294,2110,"COLEGIO MAYOR DE ANTIOQUIA",2025,2,"Antiguo",1725,"BACTERIOLOGIA Y LABORATORIO CLINICO","Femenino",5001,"Antioquia","Bello","Colombia","Urbana"
1295,2110,"COLEGIO MAYOR DE ANTIOQUIA",2025,2,"Antiguo",1725,"BACTERIOLOGIA Y LABORATORIO CLINICO","Femenino",5001,"Antioquia","Medellín","Colombia","Urbana"
1296,2110,"COLEGIO MAYOR DE ANTIOQUIA",2025,2,"Antiguo",1725,"BACTERIOLOGIA Y LABORATORIO CLINICO","Femenino",5001,"Boyacá","Puerto Boyacá","Colombia","Urbana"
1297,2110,"COLEGIO MAYOR DE ANTIOQUIA",2025,2,"Antiguo",1725,"BACTERIOLOGIA Y LABORATORIO CLINICO","Femenino",5001,"Antioquia","Medellín","Colombia","Urbana"
1298,2110,"COLEGIO MAYOR DE ANTIOQUIA",2025,2,"Antiguo",1725,"BACTERIOLOGIA Y LABORATORIO CLINICO","Masculino",5001,"Antioquia","Medellín","Colombia","Urbana"
1299,2110,"COLEGIO MAYOR DE ANTIOQUIA",2025,2,"Antiguo",1725,"BACTERIOLOGIA Y LABORATORIO CLINICO","Femenino",5001,"Antioquia","Medellín","Colombia","Urbana"
1300,2110,"COLEGIO MAYOR DE ANTIOQUIA",2025,2,"Antiguo",1725,"BACTERIOLOGIA Y LABORATORIO CLINICO","Femenino",5001,"Antioquia","Medellín","Colombia","Urbana"
1301,2110,"COLEGIO MAYOR DE ANTIOQUIA",2025,2,"Antiguo",1725,"BACTERIOLOGIA Y LABORATORIO CLINICO","Femenino",5001,"Antioquia","Caldas","Colombia","Urbana"
1302,2110,"COLEGIO MAYOR DE ANTIOQUIA",2025,2,"Antiguo",1725,"BACTERIOLOGIA Y LABORATORIO CLINICO","Femenino",5001,"Antioquia","Medellín","Colombia","Urbana"
1303,2110,"COLEGIO MAYOR DE ANTIOQUIA",2025,2,"Antiguo",1725,"BACTERIOLOGIA Y LABORATORIO CLINICO","Femenino",5001,"Antioquia","Medellín","Colombia","Urbana"
1304,2110,"COLEGIO MAYOR DE ANTIOQUIA",2025,2,"Antiguo",1725,"BACTERIOLOGIA Y LABORATORIO CLINICO","Femenino",5001,"Antioquia","Medellín","Colombia","Urbana"
1305,2110,"COLEGIO MAYOR DE ANTIOQUIA",2025,2,"Antiguo",1725,"BACTERIOLOGIA Y LABORATORIO CLINICO","Femenino",5001,"Antioquia","Medellín","Colombia","Urbana"
1306,2110,"COLEGIO MAYOR DE ANTIOQUIA",2025,2,"Antiguo",1725,"BACTERIOLOGIA Y LABORATORIO CLINICO","Masculino",5001,"Antioquia","Medellín","Colombia","Urbana"
1307,2110,"COLEGIO MAYOR DE ANTIOQUIA",2025,2,"Antiguo",1725,"BACTERIOLOGIA Y LABORATORIO CLINICO","Femenino",5001,"Antioquia","Medellín","Colombia","Urbana"
1308,2110,"COLEGIO MAYOR DE ANTIOQUIA",2025,2,"Antiguo",1725,"BACTERIOLOGIA Y LABORATORIO CLINICO","Femenino",5001,"Antioquia","Medellín","Colombia","Urbana"
1309,2110,"COLEGIO MAYOR DE ANTIOQUIA",2025,2,"Antiguo",1725,"BACTERIOLOGIA Y LABORATORIO CLINICO","Femenino",5001,"Antioquia","Medellín","Colombia","Urbana"
1310,2110,"COLEGIO MAYOR DE ANTIOQUIA",2025,2,"Antiguo",1725,"BACTERIOLOGIA Y LABORATORIO CLINICO","Femenino",5001,"Antioquia","Medellín","Colombia","Urbana"
1311,2110,"COLEGIO MAYOR DE ANTIOQUIA",2025,2,"Antiguo",1725,"BACTERIOLOGIA Y LABORATORIO CLINICO","Femenino",5001,"Antioquia","Medellín","Colombia","Urbana"
1312,2110,"COLEGIO MAYOR DE ANTIOQUIA",2025,2,"Antiguo",1725,"BACTERIOLOGIA Y LABORATORIO CLINICO","Femenino",5001,"Antioquia","Medellín","Colombia","Urbana"
1313,2110,"COLEGIO MAYOR DE ANTIOQUIA",2025,2,"Antiguo",1725,"BACTERIOLOGIA Y LABORATORIO CLINICO","Femenino",5001,"Antioquia","Medellín","Colombia","Urbana"
1314,2110,"COLEGIO MAYOR DE ANTIOQUIA",2025,2,"Antiguo",1725,"BACTERIOLOGIA Y LABORATORIO CLINICO","Femenino",5001,"Antioquia","Medellín","Colombia","Urbana"
1315,2110,"COLEGIO MAYOR DE ANTIOQUIA",2025,2,"Antiguo",1725,"BACTERIOLOGIA Y LABORATORIO CLINICO","Femenino",5001,"Antioquia","Medellín","Colombia","Urbana"
1316,2110,"COLEGIO MAYOR DE ANTIOQUIA",2025,2,"Antiguo",1725,"BACTERIOLOGIA Y LABORATORIO CLINICO","Femenino",5001,"Antioquia","Medellín","Colombia","Urbana"
1317,2110,"COLEGIO MAYOR DE ANTIOQUIA",2025,2,"Antiguo",1725,"BACTERIOLOGIA Y LABORATORIO CLINICO","Femenino",5001,"Antioquia","Medellín","Colombia","Urbana"
1318,2110,"COLEGIO MAYOR DE ANTIOQUIA",2025,2,"Antiguo",1725,"BACTERIOLOGIA Y LABORATORIO CLINICO","Femenino",5001,"Antioquia","Medellín","Colombia","Urbana"
1319,2110,"COLEGIO MAYOR DE ANTIOQUIA",2025,2,"Antiguo",1725,"BACTERIOLOGIA Y LABORATORIO CLINICO","Femenino",5001,"Antioquia","Medellín","Colombia","Urbana"
1320,2110,"COLEGIO MAYOR DE ANTIOQUIA",2025,2,"Antiguo",1725,"BACTERIOLOGIA Y LABORATORIO CLINICO","Masculino",5001,"Antioquia","Medellín","Colombia","Urbana"
1321,2110,"COLEGIO MAYOR DE ANTIOQUIA",2025,2,"Antiguo",1725,"BACTERIOLOGIA Y LABORATORIO CLINICO","Femenino",5001,"Antioquia","Caldas","Colombia","Urbana"
1322,2110,"COLEGIO MAYOR DE ANTIOQUIA",2025,2,"Antiguo",1725,"BACTERIOLOGIA Y LABORATORIO CLINICO","Femenino",5001,"Antioquia","Don Matías","Colombia","Urbana"
1323,2110,"COLEGIO MAYOR DE ANTIOQUIA",2025,2,"Antiguo",1725,"BACTERIOLOGIA Y LABORATORIO CLINICO","Femenino",5001,"Antioquia","Bello","Colombia","Urbana"
1324,2110,"COLEGIO MAYOR DE ANTIOQUIA",2025,2,"Antiguo",1725,"BACTERIOLOGIA Y LABORATORIO CLINICO","Femenino",5001,"Antioquia","Abejorral","Colombia","Urbana"
1325,2110,"COLEGIO MAYOR DE ANTIOQUIA",2025,2,"Antiguo",1725,"BACTERIOLOGIA Y LABORATORIO CLINICO","Femenino",5001,"Antioquia","Medellín","Colombia","Urbana"
1326,2110,"COLEGIO MAYOR DE ANTIOQUIA",2025,2,"Antiguo",1725,"BACTERIOLOGIA Y LABORATORIO CLINICO","Masculino",5001,"Antioquia","Jericó","Colombia","Urbana"
1327,2110,"COLEGIO MAYOR DE ANTIOQUIA",2025,2,"Antiguo",1725,"BACTERIOLOGIA Y LABORATORIO CLINICO","Masculino",5001,"Antioquia","Medellín","Colombia","Urbana"
1328,2110,"COLEGIO MAYOR DE ANTIOQUIA",2025,2,"Antiguo",1725,"BACTERIOLOGIA Y LABORATORIO CLINICO","Masculino",5001,"Antioquia","Medellín","Colombia","Urbana"
1329,2110,"COLEGIO MAYOR DE ANTIOQUIA",2025,2,"Antiguo",1725,"BACTERIOLOGIA Y LABORATORIO CLINICO","Femenino",5001,"Antioquia","Itagüí","Colombia","Urbana"
1330,2110,"COLEGIO MAYOR DE ANTIOQUIA",2025,2,"Antiguo",1725,"BACTERIOLOGIA Y LABORATORIO CLINICO","Femenino",5001,"Antioquia","Carepa","Colombia","Urbana"
1331,2110,"COLEGIO MAYOR DE ANTIOQUIA",2025,2,"Antiguo",1725,"BACTERIOLOGIA Y LABORATORIO CLINICO","Masculino",5001,"Antioquia","Medellín","Colombia","Urbana"
1332,2110,"COLEGIO MAYOR DE ANTIOQUIA",2025,2,"Antiguo",1725,"BACTERIOLOGIA Y LABORATORIO CLINICO","Masculino",5001,"Antioquia","San Pedro","Colombia","Urbana"
1333,2110,"COLEGIO MAYOR DE ANTIOQUIA",2025,2,"Antiguo",1725,"BACTERIOLOGIA Y LABORATORIO CLINICO","Masculino",5001,"Caldas","La Dorada","Colombia","Urbana"
1334,2110,"COLEGIO MAYOR DE ANTIOQUIA",2025,2,"Antiguo",1725,"BACTERIOLOGIA Y LABORATORIO CLINICO","Femenino",5001,"Córdoba","Montelíbano","Colombia","Urbana"
1335,2110,"COLEGIO MAYOR DE ANTIOQUIA",2025,2,"Antiguo",1725,"BACTERIOLOGIA Y LABORATORIO CLINICO","Femenino",5001,"Antioquia","Medellín","Colombia","Urbana"
1336,2110,"COLEGIO MAYOR DE ANTIOQUIA",2025,2,"Antiguo",1725,"BACTERIOLOGIA Y LABORATORIO CLINICO","Femenino",5001,"Antioquia","Medellín","Colombia","Urbana"
1337,2110,"COLEGIO MAYOR DE ANTIOQUIA",2025,2,"Antiguo",1725,"BACTERIOLOGIA Y LABORATORIO CLINICO","Femenino",5001,"Antioquia","Medellín","Colombia","Urbana"
1338,2110,"COLEGIO MAYOR DE ANTIOQUIA",2025,2,"Antiguo",1725,"BACTERIOLOGIA Y LABORATORIO CLINICO","Femenino",5001,"Antioquia","Caldas","Colombia","Urbana"
1339,2110,"COLEGIO MAYOR DE ANTIOQUIA",2025,2,"Antiguo",1725,"BACTERIOLOGIA Y LABORATORIO CLINICO","Femenino",5001,"Antioquia","Medellín","Colombia","Urbana"
1340,2110,"COLEGIO MAYOR DE ANTIOQUIA",2025,2,"Antiguo",1725,"BACTERIOLOGIA Y LABORATORIO CLINICO","Masculino",5001,"Antioquia","Medellín","Colombia","Urbana"
1341,2110,"COLEGIO MAYOR DE ANTIOQUIA",2025,2,"Antiguo",1725,"BACTERIOLOGIA Y LABORATORIO CLINICO","Femenino",5001,"Antioquia","Medellín","Colombia","Urbana"
1342,2110,"COLEGIO MAYOR DE ANTIOQUIA",2025,2,"Antiguo",1725,"BACTERIOLOGIA Y LABORATORIO CLINICO","Masculino",5001,"Antioquia","Medellín","Colombia","Urbana"
1343,2110,"COLEGIO MAYOR DE ANTIOQUIA",2025,2,"Antiguo",1725,"BACTERIOLOGIA Y LABORATORIO CLINICO","Femenino",5001,"Antioquia","Santa Rosa de Osos","Colombia","Urbana"
1344,2110,"COLEGIO MAYOR DE ANTIOQUIA",2025,2,"Antiguo",1725,"BACTERIOLOGIA Y LABORATORIO CLINICO","Femenino",5001,"Antioquia","Sabaneta","Colombia","Urbana"
1345,2110,"COLEGIO MAYOR DE ANTIOQUIA",2025,2,"Antiguo",1725,"BACTERIOLOGIA Y LABORATORIO CLINICO","Femenino",5001,"Antioquia","Medellín","Colombia","Urbana"
1346,2110,"COLEGIO MAYOR DE ANTIOQUIA",2025,2,"Antiguo",1725,"BACTERIOLOGIA Y LABORATORIO CLINICO","Femenino",5001,"Antioquia","Medellín","Colombia","Urbana"
1347,2110,"COLEGIO MAYOR DE ANTIOQUIA",2025,2,"Antiguo",1725,"BACTERIOLOGIA Y LABORATORIO CLINICO","Femenino",5001,"Antioquia","Girardota","Colombia","Urbana"
1348,2110,"COLEGIO MAYOR DE ANTIOQUIA",2025,2,"Antiguo",1725,"BACTERIOLOGIA Y LABORATORIO CLINICO","Masculino",5001,"Antioquia","Medellín","Colombia","Urbana"
1349,2110,"COLEGIO MAYOR DE ANTIOQUIA",2025,2,"Antiguo",1725,"BACTERIOLOGIA Y LABORATORIO CLINICO","Femenino",5001,"Antioquia","Medellín","Colombia","Urbana"
1350,2110,"COLEGIO MAYOR DE ANTIOQUIA",2025,2,"Antiguo",1725,"BACTERIOLOGIA Y LABORATORIO CLINICO","Femenino",5001,"Antioquia","Medellín","Colombia","Urbana"
1351,2110,"COLEGIO MAYOR DE ANTIOQUIA",2025,2,"Antiguo",1725,"BACTERIOLOGIA Y LABORATORIO CLINICO","Femenino",5001,"Antioquia","Medellín","Colombia","Urbana"
1352,2110,"COLEGIO MAYOR DE ANTIOQUIA",2025,2,"Antiguo",1725,"BACTERIOLOGIA Y LABORATORIO CLINICO","Femenino",5001,"Antioquia","Medellín","Colombia","Urbana"
1353,2110,"COLEGIO MAYOR DE ANTIOQUIA",2025,2,"Antiguo",1725,"BACTERIOLOGIA Y LABORATORIO CLINICO","Masculino",5001,"Antioquia","Caldas","Colombia","Urbana"
1354,2110,"COLEGIO MAYOR DE ANTIOQUIA",2025,2,"Antiguo",1725,"BACTERIOLOGIA Y LABORATORIO CLINICO","Femenino",5001,"Antioquia","Caucasia","Colombia","Urbana"
1355,2110,"COLEGIO MAYOR DE ANTIOQUIA",2025,2,"Antiguo",1725,"BACTERIOLOGIA Y LABORATORIO CLINICO","Femenino",5001,"Antioquia","Medellín","Colombia","Urbana"
1356,2110,"COLEGIO MAYOR DE ANTIOQUIA",2025,2,"Antiguo",1725,"BACTERIOLOGIA Y LABORATORIO CLINICO","Femenino",5001,"Antioquia","Medellín","Colombia","Urbana"
1357,2110,"COLEGIO MAYOR DE ANTIOQUIA",2025,2,"Antiguo",1725,"BACTERIOLOGIA Y LABORATORIO CLINICO","Femenino",5001,"Antioquia","Medellín","Colombia","Urbana"
1358,2110,"COLEGIO MAYOR DE ANTIOQUIA",2025,2,"Antiguo",1725,"BACTERIOLOGIA Y LABORATORIO CLINICO","Masculino",5001,"Cauca","Buenos Aires","Colombia","Urbana"
1359,2110,"COLEGIO MAYOR DE ANTIOQUIA",2025,2,"Antiguo",1725,"BACTERIOLOGIA Y LABORATORIO CLINICO","Femenino",5001,"Antioquia","Medellín","Colombia","Urbana"
1360,2110,"COLEGIO MAYOR DE ANTIOQUIA",2025,2,"Antiguo",1725,"BACTERIOLOGIA Y LABORATORIO CLINICO","Femenino",5001,"Antioquia","Santa Fé de Antioquia","Colombia","Urbana"
1361,2110,"COLEGIO MAYOR DE ANTIOQUIA",2025,2,"Antiguo",1725,"BACTERIOLOGIA Y LABORATORIO CLINICO","Femenino",5001,"Antioquia","Medellín","Colombia","Urbana"
1362,2110,"COLEGIO MAYOR DE ANTIOQUIA",2025,2,"Antiguo",1725,"BACTERIOLOGIA Y LABORATORIO CLINICO","Masculino",5001,"Antioquia","Medellín","Colombia","Urbana"
1363,2110,"COLEGIO MAYOR DE ANTIOQUIA",2025,2,"Antiguo",1725,"BACTERIOLOGIA Y LABORATORIO CLINICO","Femenino",5001,"Antioquia","Medellín","Colombia","Urbana"
1364,2110,"COLEGIO MAYOR DE ANTIOQUIA",2025,2,"Antiguo",1725,"BACTERIOLOGIA Y LABORATORIO CLINICO","Femenino",5001,"Antioquia","Medellín","Colombia","Urbana"
1365,2110,"COLEGIO MAYOR DE ANTIOQUIA",2025,2,"Antiguo",1725,"BACTERIOLOGIA Y LABORATORIO CLINICO","Femenino",5001,"Antioquia","Caldas","Colombia","Urbana"
1366,2110,"COLEGIO MAYOR DE ANTIOQUIA",2025,2,"Antiguo",1725,"BACTERIOLOGIA Y LABORATORIO CLINICO","Femenino",5001,"Antioquia","Caldas","Colombia","Urbana"
1367,2110,"COLEGIO MAYOR DE ANTIOQUIA",2025,2,"Antiguo",1725,"BACTERIOLOGIA Y LABORATORIO CLINICO","Femenino",5001,"Antioquia","Medellín","Colombia","Urbana"
1368,2110,"COLEGIO MAYOR DE ANTIOQUIA",2025,2,"Antiguo",1725,"BACTERIOLOGIA Y LABORATORIO CLINICO","Femenino",5001,"Antioquia","Bello","Colombia","Urbana"
1369,2110,"COLEGIO MAYOR DE ANTIOQUIA",2025,2,"Antiguo",1725,"BACTERIOLOGIA Y LABORATORIO CLINICO","Masculino",5001,"Amazonas","Leticia","Colombia","Urbana"
1370,2110,"COLEGIO MAYOR DE ANTIOQUIA",2025,2,"Antiguo",1725,"BACTERIOLOGIA Y LABORATORIO CLINICO","Masculino",5001,"Antioquia","Medellín","Colombia","Urbana"
1371,2110,"COLEGIO MAYOR DE ANTIOQUIA",2025,2,"Antiguo",1725,"BACTERIOLOGIA Y LABORATORIO CLINICO","Femenino",5001,"Antioquia","Medellín","Colombia","Urbana"
1372,2110,"COLEGIO MAYOR DE ANTIOQUIA",2025,2,"Antiguo",1725,"BACTERIOLOGIA Y LABORATORIO CLINICO","Femenino",5001,"Antioquia","Medellín","Colombia","Urbana"
1373,2110,"COLEGIO MAYOR DE ANTIOQUIA",2025,2,"Antiguo",1725,"BACTERIOLOGIA Y LABORATORIO CLINICO","Femenino",5001,"Antioquia","Medellín","Colombia","Urbana"
1374,2110,"COLEGIO MAYOR DE ANTIOQUIA",2025,2,"Antiguo",1725,"BACTERIOLOGIA Y LABORATORIO CLINICO","Femenino",5001,"Antioquia","Marinilla","Colombia","Urbana"
1375,2110,"COLEGIO MAYOR DE ANTIOQUIA",2025,2,"Antiguo",1725,"BACTERIOLOGIA Y LABORATORIO CLINICO","Femenino",5001,"Huila","Pitalito","Colombia","Urbana"
1376,2110,"COLEGIO MAYOR DE ANTIOQUIA",2025,2,"Antiguo",1725,"BACTERIOLOGIA Y LABORATORIO CLINICO","Masculino",5001,"Antioquia","Caucasia","Colombia","Urbana"
1377,2110,"COLEGIO MAYOR DE ANTIOQUIA",2025,2,"Antiguo",1725,"BACTERIOLOGIA Y LABORATORIO CLINICO","Femenino",5001,"Antioquia","Medellín","Colombia","Urbana"
1378,2110,"COLEGIO MAYOR DE ANTIOQUIA",2025,2,"Antiguo",1725,"BACTERIOLOGIA Y LABORATORIO CLINICO","Femenino",5001,"Antioquia","Medellín","Colombia","Urbana"
1379,2110,"COLEGIO MAYOR DE ANTIOQUIA",2025,2,"Antiguo",1725,"BACTERIOLOGIA Y LABORATORIO CLINICO","Femenino",5001,"Antioquia","Medellín","Colombia","Urbana"
1380,2110,"COLEGIO MAYOR DE ANTIOQUIA",2025,2,"Antiguo",1725,"BACTERIOLOGIA Y LABORATORIO CLINICO","Femenino",5001,"Antioquia","Medellín","Colombia","Urbana"
1381,2110,"COLEGIO MAYOR DE ANTIOQUIA",2025,2,"Antiguo",1725,"BACTERIOLOGIA Y LABORATORIO CLINICO","Femenino",5001,"Antioquia","Medellín","Colombia","Urbana"
1382,2110,"COLEGIO MAYOR DE ANTIOQUIA",2025,2,"Antiguo",1725,"BACTERIOLOGIA Y LABORATORIO CLINICO","Masculino",5001,"Antioquia","Medellín","Colombia","Urbana"
1383,2110,"COLEGIO MAYOR DE ANTIOQUIA",2025,2,"Antiguo",1725,"BACTERIOLOGIA Y LABORATORIO CLINICO","Masculino",5001,"Antioquia","Itagüí","Colombia","Urbana"
1384,2110,"COLEGIO MAYOR DE ANTIOQUIA",2025,2,"Antiguo",1725,"BACTERIOLOGIA Y LABORATORIO CLINICO","Femenino",5001,"Antioquia","Medellín","Colombia","Urbana"
1385,2110,"COLEGIO MAYOR DE ANTIOQUIA",2025,2,"Antiguo",1725,"BACTERIOLOGIA Y LABORATORIO CLINICO","Masculino",5001,"Antioquia","Medellín","Colombia","Urbana"
1386,2110,"COLEGIO MAYOR DE ANTIOQUIA",2025,2,"Antiguo",1725,"BACTERIOLOGIA Y LABORATORIO CLINICO","Femenino",5001,"Antioquia","Medellín","Colombia","Urbana"
1387,2110,"COLEGIO MAYOR DE ANTIOQUIA",2025,2,"Antiguo",1725,"BACTERIOLOGIA Y LABORATORIO CLINICO","Masculino",5001,"Antioquia","Yarumal","Colombia","Urbana"
1388,2110,"COLEGIO MAYOR DE ANTIOQUIA",2025,2,"Antiguo",1725,"BACTERIOLOGIA Y LABORATORIO CLINICO","Femenino",5001,"Antioquia","Bello","Colombia","Urbana"
1389,2110,"COLEGIO MAYOR DE ANTIOQUIA",2025,2,"Antiguo",1725,"BACTERIOLOGIA Y LABORATORIO CLINICO","Femenino",5001,"Antioquia","Medellín","Colombia","Urbana"
1390,2110,"COLEGIO MAYOR DE ANTIOQUIA",2025,2,"Antiguo",1725,"BACTERIOLOGIA Y LABORATORIO CLINICO","Femenino",5001,"Antioquia","Itagüí","Colombia","Urbana"
1391,2110,"COLEGIO MAYOR DE ANTIOQUIA",2025,2,"Antiguo",1725,"BACTERIOLOGIA Y LABORATORIO CLINICO","Femenino",5001,"Antioquia","Barbosa","Colombia","Urbana"
1392,2110,"COLEGIO MAYOR DE ANTIOQUIA",2025,2,"Antiguo",1725,"BACTERIOLOGIA Y LABORATORIO CLINICO","Masculino",5001,"Antioquia","Girardota","Colombia","Urbana"
1393,2110,"COLEGIO MAYOR DE ANTIOQUIA",2025,2,"Antiguo",1725,"BACTERIOLOGIA Y LABORATORIO CLINICO","Femenino",5001,"Antioquia","Medellín","Colombia","Urbana"
1394,2110,"COLEGIO MAYOR DE ANTIOQUIA",2025,2,"Antiguo",1725,"BACTERIOLOGIA Y LABORATORIO CLINICO","Femenino",5001,"Antioquia","Ríonegro","Colombia","Urbana"
1395,2110,"COLEGIO MAYOR DE ANTIOQUIA",2025,2,"Antiguo",1725,"BACTERIOLOGIA Y LABORATORIO CLINICO","Femenino",5001,"Antioquia","Medellín","Colombia","Urbana"
1396,2110,"COLEGIO MAYOR DE ANTIOQUIA",2025,2,"Antiguo",1725,"BACTERIOLOGIA Y LABORATORIO CLINICO","Masculino",5001,"Antioquia","Medellín","Colombia","Urbana"
1397,2110,"COLEGIO MAYOR DE ANTIOQUIA",2025,2,"Antiguo",1725,"BACTERIOLOGIA Y LABORATORIO CLINICO","Femenino",5001,"Antioquia","Medellín","Colombia","Urbana"
1398,2110,"COLEGIO MAYOR DE ANTIOQUIA",2025,2,"Antiguo",1725,"BACTERIOLOGIA Y LABORATORIO CLINICO","Femenino",5001,"Antioquia","Medellín","Colombia","Urbana"
1399,2110,"COLEGIO MAYOR DE ANTIOQUIA",2025,2,"Antiguo",1725,"BACTERIOLOGIA Y LABORATORIO CLINICO","Masculino",5001,"Antioquia","Medellín","Colombia","Urbana"
1400,2110,"COLEGIO MAYOR DE ANTIOQUIA",2025,2,"Antiguo",1725,"BACTERIOLOGIA Y LABORATORIO CLINICO","Femenino",5001,"Antioquia","Medellín","Colombia","Urbana"
1401,2110,"COLEGIO MAYOR DE ANTIOQUIA",2025,2,"Antiguo",1725,"BACTERIOLOGIA Y LABORATORIO CLINICO","Femenino",5001,"Huila","Neiva","Colombia","Urbana"
1402,2110,"COLEGIO MAYOR DE ANTIOQUIA",2025,2,"Antiguo",1725,"BACTERIOLOGIA Y LABORATORIO CLINICO","Femenino",5001,"Antioquia","Bello","Colombia","Urbana"
1403,2110,"COLEGIO MAYOR DE ANTIOQUIA",2025,2,"Antiguo",1725,"BACTERIOLOGIA Y LABORATORIO CLINICO","Femenino",5001,"Antioquia","Medellín","Colombia","Urbana"
1404,2110,"COLEGIO MAYOR DE ANTIOQUIA",2025,2,"Antiguo",1725,"BACTERIOLOGIA Y LABORATORIO CLINICO","Femenino",5001,"Antioquia","Itagüí","Colombia","Urbana"
1405,2110,"COLEGIO MAYOR DE ANTIOQUIA",2025,2,"Antiguo",1725,"BACTERIOLOGIA Y LABORATORIO CLINICO","Femenino",5001,"Antioquia","Medellín","Colombia","Urbana"
1406,2110,"COLEGIO MAYOR DE ANTIOQUIA",2025,2,"Antiguo",1725,"BACTERIOLOGIA Y LABORATORIO CLINICO","Masculino",5001,"Antioquia","Medellín","Colombia","Urbana"
1407,2110,"COLEGIO MAYOR DE ANTIOQUIA",2025,2,"Antiguo",1725,"BACTERIOLOGIA Y LABORATORIO CLINICO","Femenino",5001,"Antioquia","Medellín","Colombia","Urbana"
1408,2110,"COLEGIO MAYOR DE ANTIOQUIA",2025,2,"Antiguo",1725,"BACTERIOLOGIA Y LABORATORIO CLINICO","Femenino",5001,"Antioquia","Segovia","Colombia","Urbana"
1409,2110,"COLEGIO MAYOR DE ANTIOQUIA",2025,2,"Antiguo",1725,"BACTERIOLOGIA Y LABORATORIO CLINICO","Femenino",5001,"Antioquia","Medellín","Colombia","Urbana"
1410,2110,"COLEGIO MAYOR DE ANTIOQUIA",2025,2,"Antiguo",1725,"BACTERIOLOGIA Y LABORATORIO CLINICO","Masculino",5001,"Antioquia","Bello","Colombia","Urbana"
1411,2110,"COLEGIO MAYOR DE ANTIOQUIA",2025,2,"Antiguo",1725,"BACTERIOLOGIA Y LABORATORIO CLINICO","Femenino",5001,"Antioquia","Medellín","Colombia","Urbana"
1412,2110,"COLEGIO MAYOR DE ANTIOQUIA",2025,2,"Reingreso",1725,"BACTERIOLOGIA Y LABORATORIO CLINICO","Femenino",5001,"Antioquia","Medellín","Colombia","Urbana"
1413,2110,"COLEGIO MAYOR DE ANTIOQUIA",2025,2,"Reingreso",1725,"BACTERIOLOGIA Y LABORATORIO CLINICO","Femenino",5001,"Antioquia","Medellín","Colombia","Urbana"
1414,2110,"COLEGIO MAYOR DE ANTIOQUIA",2025,2,"Reingreso",1725,"BACTERIOLOGIA Y LABORATORIO CLINICO","Masculino",5001,"Antioquia","El Bagre","Colombia","Urbana"
1415,2110,"COLEGIO MAYOR DE ANTIOQUIA",2025,2,"Reingreso",1725,"BACTERIOLOGIA Y LABORATORIO CLINICO","Femenino",5001,"Arauca","Saravena","Colombia","Urbana"
1416,2110,"COLEGIO MAYOR DE ANTIOQUIA",2025,2,"Reingreso",1725,"BACTERIOLOGIA Y LABORATORIO CLINICO","Femenino",5001,"Antioquia","Medellín","Colombia","Urbana"
1417,2110,"COLEGIO MAYOR DE ANTIOQUIA",2025,2,"Reingreso",1725,"BACTERIOLOGIA Y LABORATORIO CLINICO","Masculino",5001,"Antioquia","Medellín","Colombia","Urbana"
1418,2110,"COLEGIO MAYOR DE ANTIOQUIA",2025,2,"Reingreso",1725,"BACTERIOLOGIA Y LABORATORIO CLINICO","Femenino",5001,"Antioquia","Medellín","Colombia","Urbana"
1419,2110,"COLEGIO MAYOR DE ANTIOQUIA",2025,2,"Reingreso",1725,"BACTERIOLOGIA Y LABORATORIO CLINICO","Masculino",5001,"Putumayo","Orito","Colombia","Urbana"
1420,2110,"COLEGIO MAYOR DE ANTIOQUIA",2025,2,"Reingreso",1725,"BACTERIOLOGIA Y LABORATORIO CLINICO","Femenino",5001,"Antioquia","Apartadó","Colombia","Urbana"
1421,2110,"COLEGIO MAYOR DE ANTIOQUIA",2025,2,"Reingreso",1725,"BACTERIOLOGIA Y LABORATORIO CLINICO","Femenino",5001,"Antioquia","Bello","Colombia","Urbana"
1422,2110,"COLEGIO MAYOR DE ANTIOQUIA",2025,2,"Reingreso",1725,"BACTERIOLOGIA Y LABORATORIO CLINICO","Femenino",5001,"Antioquia","Medellín","Colombia","Urbana"
1423,2110,"COLEGIO MAYOR DE ANTIOQUIA",2025,2,"Reingreso",1725,"BACTERIOLOGIA Y LABORATORIO CLINICO","Femenino",5001,"Antioquia","Medellín","Colombia","Urbana"
1424,2110,"COLEGIO MAYOR DE ANTIOQUIA",2025,2,"Reingreso",1725,"BACTERIOLOGIA Y LABORATORIO CLINICO","Femenino",5001,"Antioquia","Medellín","Colombia","Urbana"
1425,2110,"COLEGIO MAYOR DE ANTIOQUIA",2025,2,"Reingreso",1725,"BACTERIOLOGIA Y LABORATORIO CLINICO","Femenino",5001,"Antioquia","Medellín","Colombia","Urbana"
1426,2110,"COLEGIO MAYOR DE ANTIOQUIA",2025,2,"Reingreso",1725,"BACTERIOLOGIA Y LABORATORIO CLINICO","Femenino",5001,"Antioquia","Medellín","Colombia","Urbana"
1427,2110,"COLEGIO MAYOR DE ANTIOQUIA",2025,2,"Reingreso",1725,"BACTERIOLOGIA Y LABORATORIO CLINICO","Femenino",5001,"Antioquia","Medellín","Colombia","Urbana"
1428,2110,"COLEGIO MAYOR DE ANTIOQUIA",2025,2,"Reintegro",1725,"BACTERIOLOGIA Y LABORATORIO CLINICO","Masculino",5001,"Antioquia","Caldas","Colombia","Urbana"
1429,2110,"COLEGIO MAYOR DE ANTIOQUIA",2025,2,"Reintegro",1725,"BACTERIOLOGIA Y LABORATORIO CLINICO","Masculino",5001,"Huila","Algeciras","Colombia","Urbana"
1430,2110,"COLEGIO MAYOR DE ANTIOQUIA",2025,2,"Reintegro",1725,"BACTERIOLOGIA Y LABORATORIO CLINICO","Femenino",5001,"Antioquia","Medellín","Colombia","Urbana"
1431,2110,"COLEGIO MAYOR DE ANTIOQUIA",2025,2,"Nuevo",17498,"BIOTECNOLOGIA","Femenino",5001,"Antioquia","Medellín","Colombia","Urbana"
1432,2110,"COLEGIO MAYOR DE ANTIOQUIA",2025,2,"Nuevo",17498,"BIOTECNOLOGIA","Femenino",5001,"Antioquia","Medellín","Colombia","Urbana"
1433,2110,"COLEGIO MAYOR DE ANTIOQUIA",2025,2,"Nuevo",17498,"BIOTECNOLOGIA","Femenino",5001,"Antioquia","Medellín","Colombia","Urbana"
1434,2110,"COLEGIO MAYOR DE ANTIOQUIA",2025,2,"Nuevo",17498,"BIOTECNOLOGIA","Femenino",5001,"Antioquia","Medellín","Colombia","Urbana"
1435,2110,"COLEGIO MAYOR DE ANTIOQUIA",2025,2,"Nuevo",17498,"BIOTECNOLOGIA","Femenino",5001,"Antioquia","Medellín","Colombia","Urbana"
1436,2110,"COLEGIO MAYOR DE ANTIOQUIA",2025,2,"Nuevo",17498,"BIOTECNOLOGIA","Femenino",5001,"Norte de Santander","San Jose de Cucuta","Colombia","Urbana"
1437,2110,"COLEGIO MAYOR DE ANTIOQUIA",2025,2,"Nuevo",17498,"BIOTECNOLOGIA","Masculino",5001,"Bolívar","Santa Rosa del Sur","Colombia","Urbana"
1438,2110,"COLEGIO MAYOR DE ANTIOQUIA",2025,2,"Nuevo",17498,"BIOTECNOLOGIA","Masculino",5001,"Antioquia","Medellín","Colombia","Urbana"
1439,2110,"COLEGIO MAYOR DE ANTIOQUIA",2025,2,"Nuevo",17498,"BIOTECNOLOGIA","Femenino",5001,"Antioquia","Medellín","Colombia","Urbana"
1440,2110,"COLEGIO MAYOR DE ANTIOQUIA",2025,2,"Nuevo",17498,"BIOTECNOLOGIA","Femenino",5001,"Antioquia","Medellín","Colombia","Urbana"
1441,2110,"COLEGIO MAYOR DE ANTIOQUIA",2025,2,"Nuevo",17498,"BIOTECNOLOGIA","Femenino",5001,"Antioquia","Medellín","Colombia","Urbana"
1442,2110,"COLEGIO MAYOR DE ANTIOQUIA",2025,2,"Nuevo",17498,"BIOTECNOLOGIA","Femenino",5001,"Antioquia","Medellín","Colombia","Urbana"
1443,2110,"COLEGIO MAYOR DE ANTIOQUIA",2025,2,"Nuevo",17498,"BIOTECNOLOGIA","Femenino",5001,"Antioquia","Bello","Colombia","Urbana"
1444,2110,"COLEGIO MAYOR DE ANTIOQUIA",2025,2,"Nuevo",17498,"BIOTECNOLOGIA","Femenino",5001,"Antioquia","Medellín","Colombia","Urbana"
1445,2110,"COLEGIO MAYOR DE ANTIOQUIA",2025,2,"Nuevo",17498,"BIOTECNOLOGIA","Femenino",5001,"Antioquia","Medellín","Colombia","Urbana"
1446,2110,"COLEGIO MAYOR DE ANTIOQUIA",2025,2,"Nuevo",17498,"BIOTECNOLOGIA","Masculino",5001,"Antioquia","Medellín","Colombia","Urbana"
1447,2110,"COLEGIO MAYOR DE ANTIOQUIA",2025,2,"Nuevo",17498,"BIOTECNOLOGIA","Femenino",5001,"Antioquia","Bello","Colombia","Urbana"
1448,2110,"COLEGIO MAYOR DE ANTIOQUIA",2025,2,"Nuevo",17498,"BIOTECNOLOGIA","Femenino",5001,"Antioquia","Bello","Colombia","Urbana"
1449,2110,"COLEGIO MAYOR DE ANTIOQUIA",2025,2,"Nuevo",17498,"BIOTECNOLOGIA","Masculino",5001,"Nariño","Ipiales","Colombia","Urbana"
1450,2110,"COLEGIO MAYOR DE ANTIOQUIA",2025,2,"Nuevo",17498,"BIOTECNOLOGIA","Femenino",5001,"Córdoba","San Pelayo","Colombia","Urbana"
1451,2110,"COLEGIO MAYOR DE ANTIOQUIA",2025,2,"Nuevo",17498,"BIOTECNOLOGIA","Masculino",5001,"Antioquia","Medellín","Colombia","Urbana"
1452,2110,"COLEGIO MAYOR DE ANTIOQUIA",2025,2,"Nuevo",17498,"BIOTECNOLOGIA","Femenino",5001,"Antioquia","Medellín","Colombia","Urbana"
1453,2110,"COLEGIO MAYOR DE ANTIOQUIA",2025,2,"Nuevo",17498,"BIOTECNOLOGIA","Femenino",5001,"Antioquia","Medellín","Colombia","Urbana"
1454,2110,"COLEGIO MAYOR DE ANTIOQUIA",2025,2,"Nuevo",17498,"BIOTECNOLOGIA","Femenino",5001,"Antioquia","Medellín","Colombia","Urbana"
1455,2110,"COLEGIO MAYOR DE ANTIOQUIA",2025,2,"Nuevo",17498,"BIOTECNOLOGIA","Masculino",5001,"Antioquia","Medellín","Colombia","Urbana"
1456,2110,"COLEGIO MAYOR DE ANTIOQUIA",2025,2,"Nuevo",17498,"BIOTECNOLOGIA","Masculino",5001,"Antioquia","Medellín","Colombia","Urbana"
1457,2110,"COLEGIO MAYOR DE ANTIOQUIA",2025,2,"Nuevo",17498,"BIOTECNOLOGIA","Masculino",5001,"Antioquia","Medellín","Colombia","Urbana"
1458,2110,"COLEGIO MAYOR DE ANTIOQUIA",2025,2,"Nuevo",17498,"BIOTECNOLOGIA","Femenino",5001,"Antioquia","Sabaneta","Colombia","Urbana"
1459,2110,"COLEGIO MAYOR DE ANTIOQUIA",2025,2,"Nuevo",17498,"BIOTECNOLOGIA","Femenino",5001,"Antioquia","Medellín","Colombia","Urbana"
1460,2110,"COLEGIO MAYOR DE ANTIOQUIA",2025,2,"Nuevo",17498,"BIOTECNOLOGIA","Femenino",5001,"Antioquia","Itagüí","Colombia","Urbana"
1461,2110,"COLEGIO MAYOR DE ANTIOQUIA",2025,2,"Nuevo",17498,"BIOTECNOLOGIA","Femenino",5001,"Antioquia","Medellín","Colombia","Urbana"
1462,2110,"COLEGIO MAYOR DE ANTIOQUIA",2025,2,"Nuevo",17498,"BIOTECNOLOGIA","Masculino",5001,"Antioquia","Bello","Colombia","Urbana"
1463,2110,"COLEGIO MAYOR DE ANTIOQUIA",2025,2,"Nuevo",17498,"BIOTECNOLOGIA","Masculino",5001,"Arauca","Saravena","Colombia","Urbana"
1464,2110,"COLEGIO MAYOR DE ANTIOQUIA",2025,2,"Nuevo",17498,"BIOTECNOLOGIA","Femenino",5001,"Antioquia","Medellín","Colombia","Urbana"
1465,2110,"COLEGIO MAYOR DE ANTIOQUIA",2025,2,"Nuevo",17498,"BIOTECNOLOGIA","Femenino",5001,"Antioquia","Girardota","Colombia","Urbana"
1466,2110,"COLEGIO MAYOR DE ANTIOQUIA",2025,2,"Nuevo",17498,"BIOTECNOLOGIA","Femenino",5001,"Antioquia","Medellín","Colombia","Urbana"
1467,2110,"COLEGIO MAYOR DE ANTIOQUIA",2025,2,"Nuevo",17498,"BIOTECNOLOGIA","Masculino",5001,"Bolívar","Cartagena","Colombia","Urbana"
1468,2110,"COLEGIO MAYOR DE ANTIOQUIA",2025,2,"Nuevo",17498,"BIOTECNOLOGIA","Femenino",5001,"Santander","Oiba","Colombia","Urbana"
1469,2110,"COLEGIO MAYOR DE ANTIOQUIA",2025,2,"Nuevo",17498,"BIOTECNOLOGIA","Masculino",5001,"Antioquia","Sabaneta","Colombia","Urbana"
1470,2110,"COLEGIO MAYOR DE ANTIOQUIA",2025,2,"Nuevo",17498,"BIOTECNOLOGIA","Femenino",5001,"Antioquia","Barbosa","Colombia","Urbana"
1471,2110,"COLEGIO MAYOR DE ANTIOQUIA",2025,2,"Nuevo",17498,"BIOTECNOLOGIA","Masculino",5001,"Antioquia","Medellín","Colombia","Urbana"
1472,2110,"COLEGIO MAYOR DE ANTIOQUIA",2025,2,"Nuevo",17498,"BIOTECNOLOGIA","Masculino",5001,"Antioquia","Bello","Colombia","Urbana"
1473,2110,"COLEGIO MAYOR DE ANTIOQUIA",2025,2,"Nuevo",17498,"BIOTECNOLOGIA","Femenino",5001,"Antioquia","Envigado","Colombia","Urbana"
1474,2110,"COLEGIO MAYOR DE ANTIOQUIA",2025,2,"Nuevo",17498,"BIOTECNOLOGIA","Femenino",5001,"Antioquia","Medellín","Colombia","Urbana"
1475,2110,"COLEGIO MAYOR DE ANTIOQUIA",2025,2,"Nuevo",17498,"BIOTECNOLOGIA","Femenino",5001,"Antioquia","Medellín","Colombia","Urbana"
1476,2110,"COLEGIO MAYOR DE ANTIOQUIA",2025,2,"Nuevo",17498,"BIOTECNOLOGIA","Femenino",5001,"Antioquia","Medellín","Colombia","Urbana"
1477,2110,"COLEGIO MAYOR DE ANTIOQUIA",2025,2,"Nuevo",17498,"BIOTECNOLOGIA","Femenino",5001,"Antioquia","Pueblorrico","Colombia","Urbana"
1478,2110,"COLEGIO MAYOR DE ANTIOQUIA",2025,2,"Antiguo",17498,"BIOTECNOLOGIA","Femenino",5001,"Antioquia","Medellín","Colombia","Urbana"
1479,2110,"COLEGIO MAYOR DE ANTIOQUIA",2025,2,"Antiguo",17498,"BIOTECNOLOGIA","Femenino",5001,"Antioquia","La Estrella","Colombia","Urbana"
1480,2110,"COLEGIO MAYOR DE ANTIOQUIA",2025,2,"Antiguo",17498,"BIOTECNOLOGIA","Femenino",5001,"Antioquia","Medellín","Colombia","Urbana"
1481,2110,"COLEGIO MAYOR DE ANTIOQUIA",2025,2,"Antiguo",17498,"BIOTECNOLOGIA","Masculino",5001,"Antioquia","Medellín","Colombia","Urbana"
1482,2110,"COLEGIO MAYOR DE ANTIOQUIA",2025,2,"Antiguo",17498,"BIOTECNOLOGIA","Masculino",5001,"Antioquia","Medellín","Colombia","Urbana"
1483,2110,"COLEGIO MAYOR DE ANTIOQUIA",2025,2,"Antiguo",17498,"BIOTECNOLOGIA","Femenino",5001,"Antioquia","Medellín","Colombia","Urbana"
1484,2110,"COLEGIO MAYOR DE ANTIOQUIA",2025,2,"Antiguo",17498,"BIOTECNOLOGIA","Femenino",5001,"Antioquia","Bello","Colombia","Urbana"
1485,2110,"COLEGIO MAYOR DE ANTIOQUIA",2025,2,"Antiguo",17498,"BIOTECNOLOGIA","Femenino",5001,"Antioquia","Amagá","Colombia","Urbana"
1486,2110,"COLEGIO MAYOR DE ANTIOQUIA",2025,2,"Antiguo",17498,"BIOTECNOLOGIA","Femenino",5001,"Antioquia","Medellín","Colombia","Urbana"
1487,2110,"COLEGIO MAYOR DE ANTIOQUIA",2025,2,"Antiguo",17498,"BIOTECNOLOGIA","Masculino",5001,"Antioquia","Bello","Colombia","Urbana"
1488,2110,"COLEGIO MAYOR DE ANTIOQUIA",2025,2,"Antiguo",17498,"BIOTECNOLOGIA","Femenino",5001,"Antioquia","Cisneros","Colombia","Urbana"
1489,2110,"COLEGIO MAYOR DE ANTIOQUIA",2025,2,"Antiguo",17498,"BIOTECNOLOGIA","Femenino",5001,"Antioquia","Medellín","Colombia","Urbana"
1490,2110,"COLEGIO MAYOR DE ANTIOQUIA",2025,2,"Antiguo",17498,"BIOTECNOLOGIA","Femenino",5001,"Antioquia","Medellín","Colombia","Urbana"
1491,2110,"COLEGIO MAYOR DE ANTIOQUIA",2025,2,"Antiguo",17498,"BIOTECNOLOGIA","Femenino",5001,"Tolima","Ibagué","Colombia","Urbana"
1492,2110,"COLEGIO MAYOR DE ANTIOQUIA",2025,2,"Antiguo",17498,"BIOTECNOLOGIA","Masculino",5001,"Antioquia","La Estrella","Colombia","Urbana"
1493,2110,"COLEGIO MAYOR DE ANTIOQUIA",2025,2,"Antiguo",17498,"BIOTECNOLOGIA","Femenino",5001,"Antioquia","Medellín","Colombia","Urbana"
1494,2110,"COLEGIO MAYOR DE ANTIOQUIA",2025,2,"Antiguo",17498,"BIOTECNOLOGIA","Femenino",5001,"Antioquia","Copacabana","Colombia","Urbana"
1495,2110,"COLEGIO MAYOR DE ANTIOQUIA",2025,2,"Antiguo",17498,"BIOTECNOLOGIA","Femenino",5001,"Huila","Neiva","Colombia","Urbana"
1496,2110,"COLEGIO MAYOR DE ANTIOQUIA",2025,2,"Antiguo",17498,"BIOTECNOLOGIA","Masculino",5001,"Antioquia","Medellín","Colombia","Urbana"
1497,2110,"COLEGIO MAYOR DE ANTIOQUIA",2025,2,"Antiguo",17498,"BIOTECNOLOGIA","Masculino",5001,"Antioquia","Medellín","Colombia","Urbana"
1498,2110,"COLEGIO MAYOR DE ANTIOQUIA",2025,2,"Antiguo",17498,"BIOTECNOLOGIA","Femenino",5001,"Antioquia","Medellín","Colombia","Urbana"
1499,2110,"COLEGIO MAYOR DE ANTIOQUIA",2025,2,"Antiguo",17498,"BIOTECNOLOGIA","Femenino",5001,"Antioquia","Medellín","Colombia","Urbana"
1500,2110,"COLEGIO MAYOR DE ANTIOQUIA",2025,2,"Antiguo",17498,"BIOTECNOLOGIA","Femenino",5001,"Antioquia","Medellín","Colombia","Urbana"
1501,2110,"COLEGIO MAYOR DE ANTIOQUIA",2025,2,"Antiguo",17498,"BIOTECNOLOGIA","Masculino",5001,"Antioquia","Bello","Colombia","Urbana"
1502,2110,"COLEGIO MAYOR DE ANTIOQUIA",2025,2,"Antiguo",17498,"BIOTECNOLOGIA","Femenino",5001,"Antioquia","Medellín","Colombia","Urbana"
1503,2110,"COLEGIO MAYOR DE ANTIOQUIA",2025,2,"Antiguo",17498,"BIOTECNOLOGIA","Femenino",5001,"Antioquia","Medellín","Colombia","Urbana"
1504,2110,"COLEGIO MAYOR DE ANTIOQUIA",2025,2,"Antiguo",17498,"BIOTECNOLOGIA","Masculino",5001,"Antioquia","Yolombó","Colombia","Urbana"
1505,2110,"COLEGIO MAYOR DE ANTIOQUIA",2025,2,"Antiguo",17498,"BIOTECNOLOGIA","Masculino",5001,"Antioquia","Medellín","Colombia","Urbana"
1506,2110,"COLEGIO MAYOR DE ANTIOQUIA",2025,2,"Antiguo",17498,"BIOTECNOLOGIA","Femenino",5001,"Antioquia","Medellín","Colombia","Urbana"
1507,2110,"COLEGIO MAYOR DE ANTIOQUIA",2025,2,"Antiguo",17498,"BIOTECNOLOGIA","Femenino",5001,"Antioquia","Medellín","Colombia","Urbana"
1508,2110,"COLEGIO MAYOR DE ANTIOQUIA",2025,2,"Antiguo",17498,"BIOTECNOLOGIA","Masculino",5001,"Antioquia","Bello","Colombia","Urbana"
1509,2110,"COLEGIO MAYOR DE ANTIOQUIA",2025,2,"Antiguo",17498,"BIOTECNOLOGIA","Masculino",5001,"Antioquia","Medellín","Colombia","Urbana"
1510,2110,"COLEGIO MAYOR DE ANTIOQUIA",2025,2,"Antiguo",17498,"BIOTECNOLOGIA","Masculino",5001,"Antioquia","Copacabana","Colombia","Urbana"
1511,2110,"COLEGIO MAYOR DE ANTIOQUIA",2025,2,"Antiguo",17498,"BIOTECNOLOGIA","Masculino",5001,"Antioquia","Medellín","Colombia","Urbana"
1512,2110,"COLEGIO MAYOR DE ANTIOQUIA",2025,2,"Antiguo",17498,"BIOTECNOLOGIA","Femenino",5001,"Antioquia","Medellín","Colombia","Urbana"
1513,2110,"COLEGIO MAYOR DE ANTIOQUIA",2025,2,"Antiguo",17498,"BIOTECNOLOGIA","Femenino",5001,"Antioquia","Medellín","Colombia","Urbana"
1514,2110,"COLEGIO MAYOR DE ANTIOQUIA",2025,2,"Antiguo",17498,"BIOTECNOLOGIA","Femenino",5001,"Antioquia","Medellín","Colombia","Urbana"
1515,2110,"COLEGIO MAYOR DE ANTIOQUIA",2025,2,"Antiguo",17498,"BIOTECNOLOGIA","Femenino",5001,"Antioquia","Medellín","Colombia","Urbana"
1516,2110,"COLEGIO MAYOR DE ANTIOQUIA",2025,2,"Antiguo",17498,"BIOTECNOLOGIA","Femenino",5001,"Antioquia","Medellín","Colombia","Urbana"
1517,2110,"COLEGIO MAYOR DE ANTIOQUIA",2025,2,"Antiguo",17498,"BIOTECNOLOGIA","Femenino",5001,"Antioquia","Medellín","Colombia","Urbana"
1518,2110,"COLEGIO MAYOR DE ANTIOQUIA",2025,2,"Antiguo",17498,"BIOTECNOLOGIA","Femenino",5001,"Antioquia","Medellín","Colombia","Urbana"
1519,2110,"COLEGIO MAYOR DE ANTIOQUIA",2025,2,"Antiguo",17498,"BIOTECNOLOGIA","Femenino",5001,"Antioquia","Medellín","Colombia","Urbana"
1520,2110,"COLEGIO MAYOR DE ANTIOQUIA",2025,2,"Antiguo",17498,"BIOTECNOLOGIA","Femenino",5001,"Antioquia","Medellín","Colombia","Urbana"
1521,2110,"COLEGIO MAYOR DE ANTIOQUIA",2025,2,"Antiguo",17498,"BIOTECNOLOGIA","Femenino",5001,"Antioquia","Medellín","Colombia","Urbana"
1522,2110,"COLEGIO MAYOR DE ANTIOQUIA",2025,2,"Antiguo",17498,"BIOTECNOLOGIA","Femenino",5001,"Antioquia","Medellín","Colombia","Urbana"
1523,2110,"COLEGIO MAYOR DE ANTIOQUIA",2025,2,"Antiguo",17498,"BIOTECNOLOGIA","Femenino",5001,"Antioquia","Medellín","Colombia","Urbana"
1524,2110,"COLEGIO MAYOR DE ANTIOQUIA",2025,2,"Antiguo",17498,"BIOTECNOLOGIA","Femenino",5001,"Antioquia","Medellín","Colombia","Urbana"
1525,2110,"COLEGIO MAYOR DE ANTIOQUIA",2025,2,"Antiguo",17498,"BIOTECNOLOGIA","Femenino",5001,"Antioquia","Medellín","Colombia","Urbana"
1526,2110,"COLEGIO MAYOR DE ANTIOQUIA",2025,2,"Antiguo",17498,"BIOTECNOLOGIA","Masculino",5001,"Antioquia","Medellín","Colombia","Urbana"
1527,2110,"COLEGIO MAYOR DE ANTIOQUIA",2025,2,"Antiguo",17498,"BIOTECNOLOGIA","Femenino",5001,"Antioquia","Medellín","Colombia","Urbana"
1528,2110,"COLEGIO MAYOR DE ANTIOQUIA",2025,2,"Antiguo",17498,"BIOTECNOLOGIA","Masculino",5001,"Antioquia","Medellín","Colombia","Urbana"
1529,2110,"COLEGIO MAYOR DE ANTIOQUIA",2025,2,"Antiguo",17498,"BIOTECNOLOGIA","Femenino",5001,"Antioquia","Medellín","Colombia","Urbana"
1530,2110,"COLEGIO MAYOR DE ANTIOQUIA",2025,2,"Antiguo",17498,"BIOTECNOLOGIA","Femenino",5001,"Antioquia","Medellín","Colombia","Urbana"
1531,2110,"COLEGIO MAYOR DE ANTIOQUIA",2025,2,"Antiguo",17498,"BIOTECNOLOGIA","Femenino",5001,"Antioquia","Medellín","Colombia","Urbana"
1532,2110,"COLEGIO MAYOR DE ANTIOQUIA",2025,2,"Antiguo",17498,"BIOTECNOLOGIA","Femenino",5001,"Antioquia","Medellín","Colombia","Urbana"
1533,2110,"COLEGIO MAYOR DE ANTIOQUIA",2025,2,"Antiguo",17498,"BIOTECNOLOGIA","Femenino",5001,"Antioquia","Medellín","Colombia","Urbana"
1534,2110,"COLEGIO MAYOR DE ANTIOQUIA",2025,2,"Antiguo",17498,"BIOTECNOLOGIA","Masculino",5001,"Antioquia","Medellín","Colombia","Urbana"
1535,2110,"COLEGIO MAYOR DE ANTIOQUIA",2025,2,"Antiguo",17498,"BIOTECNOLOGIA","Masculino",5001,"Antioquia","Medellín","Colombia","Urbana"
1536,2110,"COLEGIO MAYOR DE ANTIOQUIA",2025,2,"Antiguo",17498,"BIOTECNOLOGIA","Femenino",5001,"Antioquia","Medellín","Colombia","Urbana"
1537,2110,"COLEGIO MAYOR DE ANTIOQUIA",2025,2,"Antiguo",17498,"BIOTECNOLOGIA","Masculino",5001,"Antioquia","Itagüí","Colombia","Urbana"
1538,2110,"COLEGIO MAYOR DE ANTIOQUIA",2025,2,"Antiguo",17498,"BIOTECNOLOGIA","Femenino",5001,"Antioquia","Medellín","Colombia","Urbana"
1539,2110,"COLEGIO MAYOR DE ANTIOQUIA",2025,2,"Antiguo",17498,"BIOTECNOLOGIA","Femenino",5001,"Antioquia","Bello","Colombia","Urbana"
1540,2110,"COLEGIO MAYOR DE ANTIOQUIA",2025,2,"Antiguo",17498,"BIOTECNOLOGIA","Femenino",5001,"Antioquia","Medellín","Colombia","Urbana"
1541,2110,"COLEGIO MAYOR DE ANTIOQUIA",2025,2,"Antiguo",17498,"BIOTECNOLOGIA","Femenino",5001,"Antioquia","Medellín","Colombia","Urbana"
1542,2110,"COLEGIO MAYOR DE ANTIOQUIA",2025,2,"Antiguo",17498,"BIOTECNOLOGIA","Masculino",5001,"Antioquia","Medellín","Colombia","Urbana"
1543,2110,"COLEGIO MAYOR DE ANTIOQUIA",2025,2,"Antiguo",17498,"BIOTECNOLOGIA","Femenino",5001,"Antioquia","Puerto Berrío","Colombia","Urbana"
1544,2110,"COLEGIO MAYOR DE ANTIOQUIA",2025,2,"Antiguo",17498,"BIOTECNOLOGIA","Femenino",5001,"Antioquia","Medellín","Colombia","Urbana"
1545,2110,"COLEGIO MAYOR DE ANTIOQUIA",2025,2,"Antiguo",17498,"BIOTECNOLOGIA","Masculino",5001,"Putumayo","Villagarzón","Colombia","Urbana"
1546,2110,"COLEGIO MAYOR DE ANTIOQUIA",2025,2,"Antiguo",17498,"BIOTECNOLOGIA","Masculino",5001,"Antioquia","Medellín","Colombia","Urbana"
1547,2110,"COLEGIO MAYOR DE ANTIOQUIA",2025,2,"Antiguo",17498,"BIOTECNOLOGIA","Masculino",5001,"Antioquia","Medellín","Colombia","Urbana"
1548,2110,"COLEGIO MAYOR DE ANTIOQUIA",2025,2,"Antiguo",17498,"BIOTECNOLOGIA","Femenino",5001,"Antioquia","Itagüí","Colombia","Urbana"
1549,2110,"COLEGIO MAYOR DE ANTIOQUIA",2025,2,"Antiguo",17498,"BIOTECNOLOGIA","Masculino",5001,"Antioquia","Bello","Colombia","Urbana"
1550,2110,"COLEGIO MAYOR DE ANTIOQUIA",2025,2,"Antiguo",17498,"BIOTECNOLOGIA","Femenino",5001,"Tolima","Ibagué","Colombia","Urbana"
1551,2110,"COLEGIO MAYOR DE ANTIOQUIA",2025,2,"Antiguo",17498,"BIOTECNOLOGIA","Femenino",5001,"Antioquia","Medellín","Colombia","Urbana"
1552,2110,"COLEGIO MAYOR DE ANTIOQUIA",2025,2,"Antiguo",17498,"BIOTECNOLOGIA","Masculino",5001,"Antioquia","Bello","Colombia","Urbana"
1553,2110,"COLEGIO MAYOR DE ANTIOQUIA",2025,2,"Antiguo",17498,"BIOTECNOLOGIA","Femenino",5001,"Antioquia","Medellín","Colombia","Urbana"
1554,2110,"COLEGIO MAYOR DE ANTIOQUIA",2025,2,"Antiguo",17498,"BIOTECNOLOGIA","Masculino",5001,"Antioquia","Copacabana","Colombia","Urbana"
1555,2110,"COLEGIO MAYOR DE ANTIOQUIA",2025,2,"Antiguo",17498,"BIOTECNOLOGIA","Masculino",5001,"Antioquia","Medellín","Colombia","Urbana"
1556,2110,"COLEGIO MAYOR DE ANTIOQUIA",2025,2,"Antiguo",17498,"BIOTECNOLOGIA","Femenino",5001,"Antioquia","Medellín","Colombia","Urbana"
1557,2110,"COLEGIO MAYOR DE ANTIOQUIA",2025,2,"Antiguo",17498,"BIOTECNOLOGIA","Masculino",5001,"Antioquia","Medellín","Colombia","Urbana"
1558,2110,"COLEGIO MAYOR DE ANTIOQUIA",2025,2,"Antiguo",17498,"BIOTECNOLOGIA","Femenino",5001,"Antioquia","Bello","Colombia","Urbana"
1559,2110,"COLEGIO MAYOR DE ANTIOQUIA",2025,2,"Antiguo",17498,"BIOTECNOLOGIA","Femenino",5001,"Antioquia","Medellín","Colombia","Urbana"
1560,2110,"COLEGIO MAYOR DE ANTIOQUIA",2025,2,"Antiguo",17498,"BIOTECNOLOGIA","Masculino",5001,"Antioquia","Medellín","Colombia","Urbana"
1561,2110,"COLEGIO MAYOR DE ANTIOQUIA",2025,2,"Antiguo",17498,"BIOTECNOLOGIA","Masculino",5001,"Antioquia","Envigado","Colombia","Urbana"
1562,2110,"COLEGIO MAYOR DE ANTIOQUIA",2025,2,"Antiguo",17498,"BIOTECNOLOGIA","Masculino",5001,"Antioquia","Medellín","Colombia","Urbana"
1563,2110,"COLEGIO MAYOR DE ANTIOQUIA",2025,2,"Antiguo",17498,"BIOTECNOLOGIA","Femenino",5001,"Antioquia","Medellín","Colombia","Urbana"
1564,2110,"COLEGIO MAYOR DE ANTIOQUIA",2025,2,"Antiguo",17498,"BIOTECNOLOGIA","Masculino",5001,"Antioquia","Medellín","Colombia","Urbana"
1565,2110,"COLEGIO MAYOR DE ANTIOQUIA",2025,2,"Antiguo",17498,"BIOTECNOLOGIA","Femenino",5001,"Antioquia","Yarumal","Colombia","Urbana"
1566,2110,"COLEGIO MAYOR DE ANTIOQUIA",2025,2,"Antiguo",17498,"BIOTECNOLOGIA","Femenino",5001,"Antioquia","Medellín","Colombia","Urbana"
1567,2110,"COLEGIO MAYOR DE ANTIOQUIA",2025,2,"Antiguo",17498,"BIOTECNOLOGIA","Femenino",5001,"Antioquia","Medellín","Colombia","Urbana"
1568,2110,"COLEGIO MAYOR DE ANTIOQUIA",2025,2,"Antiguo",17498,"BIOTECNOLOGIA","Femenino",5001,"Antioquia","Bello","Colombia","Urbana"
1569,2110,"COLEGIO MAYOR DE ANTIOQUIA",2025,2,"Antiguo",17498,"BIOTECNOLOGIA","Femenino",5001,"Antioquia","Medellín","Colombia","Urbana"
1570,2110,"COLEGIO MAYOR DE ANTIOQUIA",2025,2,"Antiguo",17498,"BIOTECNOLOGIA","Masculino",5001,"Antioquia","Envigado","Colombia","Urbana"
1571,2110,"COLEGIO MAYOR DE ANTIOQUIA",2025,2,"Antiguo",17498,"BIOTECNOLOGIA","Femenino",5001,"Antioquia","Santa Rosa de Osos","Colombia","Urbana"
1572,2110,"COLEGIO MAYOR DE ANTIOQUIA",2025,2,"Antiguo",17498,"BIOTECNOLOGIA","Femenino",5001,"Antioquia","Medellín","Colombia","Urbana"
1573,2110,"COLEGIO MAYOR DE ANTIOQUIA",2025,2,"Antiguo",17498,"BIOTECNOLOGIA","Femenino",5001,"Antioquia","El Carmen de Viboral","Colombia","Urbana"
1574,2110,"COLEGIO MAYOR DE ANTIOQUIA",2025,2,"Antiguo",17498,"BIOTECNOLOGIA","Masculino",5001,"Antioquia","Medellín","Colombia","Urbana"
1575,2110,"COLEGIO MAYOR DE ANTIOQUIA",2025,2,"Antiguo",17498,"BIOTECNOLOGIA","Femenino",5001,"Antioquia","Medellín","Colombia","Urbana"
1576,2110,"COLEGIO MAYOR DE ANTIOQUIA",2025,2,"Antiguo",17498,"BIOTECNOLOGIA","Masculino",5001,"Putumayo","Mocoa","Colombia","Urbana"
1577,2110,"COLEGIO MAYOR DE ANTIOQUIA",2025,2,"Antiguo",17498,"BIOTECNOLOGIA","Femenino",5001,"Antioquia","Medellín","Colombia","Urbana"
1578,2110,"COLEGIO MAYOR DE ANTIOQUIA",2025,2,"Antiguo",17498,"BIOTECNOLOGIA","Femenino",5001,"Antioquia","Bello","Colombia","Urbana"
1579,2110,"COLEGIO MAYOR DE ANTIOQUIA",2025,2,"Antiguo",17498,"BIOTECNOLOGIA","Masculino",5001,"Antioquia","Medellín","Colombia","Urbana"
1580,2110,"COLEGIO MAYOR DE ANTIOQUIA",2025,2,"Antiguo",17498,"BIOTECNOLOGIA","Masculino",5001,"Antioquia","Medellín","Colombia","Urbana"
1581,2110,"COLEGIO MAYOR DE ANTIOQUIA",2025,2,"Antiguo",17498,"BIOTECNOLOGIA","Femenino",5001,"Antioquia","Medellín","Colombia","Urbana"
1582,2110,"COLEGIO MAYOR DE ANTIOQUIA",2025,2,"Antiguo",17498,"BIOTECNOLOGIA","Masculino",5001,"Antioquia","Medellín","Colombia","Urbana"
1583,2110,"COLEGIO MAYOR DE ANTIOQUIA",2025,2,"Antiguo",17498,"BIOTECNOLOGIA","Femenino",5001,"Antioquia","Medellín","Colombia","Urbana"
1584,2110,"COLEGIO MAYOR DE ANTIOQUIA",2025,2,"Antiguo",17498,"BIOTECNOLOGIA","Masculino",5001,"Antioquia","Medellín","Colombia","Urbana"
1585,2110,"COLEGIO MAYOR DE ANTIOQUIA",2025,2,"Antiguo",17498,"BIOTECNOLOGIA","Femenino",5001,"Antioquia","Barbosa","Colombia","Urbana"
1586,2110,"COLEGIO MAYOR DE ANTIOQUIA",2025,2,"Antiguo",17498,"BIOTECNOLOGIA","Masculino",5001,"Antioquia","Medellín","Colombia","Urbana"
1587,2110,"COLEGIO MAYOR DE ANTIOQUIA",2025,2,"Antiguo",17498,"BIOTECNOLOGIA","Femenino",5001,"Antioquia","Bello","Colombia","Urbana"
1588,2110,"COLEGIO MAYOR DE ANTIOQUIA",2025,2,"Antiguo",17498,"BIOTECNOLOGIA","Masculino",5001,"Antioquia","Tarso","Colombia","Urbana"
1589,2110,"COLEGIO MAYOR DE ANTIOQUIA",2025,2,"Antiguo",17498,"BIOTECNOLOGIA","Femenino",5001,"Antioquia","Medellín","Colombia","Urbana"
1590,2110,"COLEGIO MAYOR DE ANTIOQUIA",2025,2,"Antiguo",17498,"BIOTECNOLOGIA","Masculino",5001,"Antioquia","Medellín","Colombia","Urbana"
1591,2110,"COLEGIO MAYOR DE ANTIOQUIA",2025,2,"Antiguo",17498,"BIOTECNOLOGIA","Masculino",5001,"Antioquia","Medellín","Colombia","Urbana"
1592,2110,"COLEGIO MAYOR DE ANTIOQUIA",2025,2,"Antiguo",17498,"BIOTECNOLOGIA","Femenino",5001,"Antioquia","Medellín","Colombia","Urbana"
1593,2110,"COLEGIO MAYOR DE ANTIOQUIA",2025,2,"Antiguo",17498,"BIOTECNOLOGIA","Femenino",5001,"Antioquia","Bello","Colombia","Urbana"
1594,2110,"COLEGIO MAYOR DE ANTIOQUIA",2025,2,"Antiguo",17498,"BIOTECNOLOGIA","Femenino",5001,"Antioquia","Medellín","Colombia","Urbana"
1595,2110,"COLEGIO MAYOR DE ANTIOQUIA",2025,2,"Antiguo",17498,"BIOTECNOLOGIA","Femenino",5001,"Antioquia","Bello","Colombia","Urbana"
1596,2110,"COLEGIO MAYOR DE ANTIOQUIA",2025,2,"Antiguo",17498,"BIOTECNOLOGIA","Femenino",5001,"Antioquia","Bello","Colombia","Urbana"
1597,2110,"COLEGIO MAYOR DE ANTIOQUIA",2025,2,"Antiguo",17498,"BIOTECNOLOGIA","Femenino",5001,"Antioquia","Medellín","Colombia","Urbana"
1598,2110,"COLEGIO MAYOR DE ANTIOQUIA",2025,2,"Antiguo",17498,"BIOTECNOLOGIA","Femenino",5001,"Antioquia","Medellín","Colombia","Urbana"
1599,2110,"COLEGIO MAYOR DE ANTIOQUIA",2025,2,"Antiguo",17498,"BIOTECNOLOGIA","Masculino",5001,"Antioquia","Medellín","Colombia","Urbana"
1600,2110,"COLEGIO MAYOR DE ANTIOQUIA",2025,2,"Antiguo",17498,"BIOTECNOLOGIA","Femenino",5001,"Antioquia","Medellín","Colombia","Urbana"
1601,2110,"COLEGIO MAYOR DE ANTIOQUIA",2025,2,"Antiguo",17498,"BIOTECNOLOGIA","Femenino",5001,"Antioquia","Medellín","Colombia","Urbana"
1602,2110,"COLEGIO MAYOR DE ANTIOQUIA",2025,2,"Antiguo",17498,"BIOTECNOLOGIA","Masculino",5001,"Antioquia","Bello","Colombia","Urbana"
1603,2110,"COLEGIO MAYOR DE ANTIOQUIA",2025,2,"Antiguo",17498,"BIOTECNOLOGIA","Femenino",5001,"Antioquia","Medellín","Colombia","Urbana"
1604,2110,"COLEGIO MAYOR DE ANTIOQUIA",2025,2,"Antiguo",17498,"BIOTECNOLOGIA","Masculino",5001,"Antioquia","Medellín","Colombia","Urbana"
1605,2110,"COLEGIO MAYOR DE ANTIOQUIA",2025,2,"Antiguo",17498,"BIOTECNOLOGIA","Femenino",5001,"Antioquia","Medellín","Colombia","Urbana"
1606,2110,"COLEGIO MAYOR DE ANTIOQUIA",2025,2,"Antiguo",17498,"BIOTECNOLOGIA","Femenino",5001,"Antioquia","Medellín","Colombia","Urbana"
1607,2110,"COLEGIO MAYOR DE ANTIOQUIA",2025,2,"Antiguo",17498,"BIOTECNOLOGIA","Masculino",5001,"Antioquia","Medellín","Colombia","Urbana"
1608,2110,"COLEGIO MAYOR DE ANTIOQUIA",2025,2,"Antiguo",17498,"BIOTECNOLOGIA","Femenino",5001,"Nariño","La Unión","Colombia","Urbana"
1609,2110,"COLEGIO MAYOR DE ANTIOQUIA",2025,2,"Antiguo",17498,"BIOTECNOLOGIA","Femenino",5001,"Antioquia","Medellín","Colombia","Urbana"
1610,2110,"COLEGIO MAYOR DE ANTIOQUIA",2025,2,"Antiguo",17498,"BIOTECNOLOGIA","Masculino",5001,"Antioquia","Medellín","Colombia","Urbana"
1611,2110,"COLEGIO MAYOR DE ANTIOQUIA",2025,2,"Antiguo",17498,"BIOTECNOLOGIA","Masculino",5001,"Antioquia","San Pedro","Colombia","Urbana"
1612,2110,"COLEGIO MAYOR DE ANTIOQUIA",2025,2,"Antiguo",17498,"BIOTECNOLOGIA","Femenino",5001,"Antioquia","Medellín","Colombia","Urbana"
1613,2110,"COLEGIO MAYOR DE ANTIOQUIA",2025,2,"Antiguo",17498,"BIOTECNOLOGIA","Femenino",5001,"Antioquia","La Ceja","Colombia","Urbana"
1614,2110,"COLEGIO MAYOR DE ANTIOQUIA",2025,2,"Antiguo",17498,"BIOTECNOLOGIA","Femenino",5001,"Antioquia","Medellín","Colombia","Urbana"
1615,2110,"COLEGIO MAYOR DE ANTIOQUIA",2025,2,"Antiguo",17498,"BIOTECNOLOGIA","Femenino",5001,"Antioquia","Medellín","Colombia","Urbana"
1616,2110,"COLEGIO MAYOR DE ANTIOQUIA",2025,2,"Antiguo",17498,"BIOTECNOLOGIA","Femenino",5001,"Antioquia","Medellín","Colombia","Urbana"
1617,2110,"COLEGIO MAYOR DE ANTIOQUIA",2025,2,"Antiguo",17498,"BIOTECNOLOGIA","Femenino",5001,"Antioquia","Medellín","Colombia","Urbana"
1618,2110,"COLEGIO MAYOR DE ANTIOQUIA",2025,2,"Antiguo",17498,"BIOTECNOLOGIA","Femenino",5001,"Antioquia","Medellín","Colombia","Urbana"
1619,2110,"COLEGIO MAYOR DE ANTIOQUIA",2025,2,"Antiguo",17498,"BIOTECNOLOGIA","Femenino",5001,"Antioquia","Medellín","Colombia","Urbana"
1620,2110,"COLEGIO MAYOR DE ANTIOQUIA",2025,2,"Antiguo",17498,"BIOTECNOLOGIA","Femenino",5001,"Cundinamarca","Guaduas","Colombia","Urbana"
1621,2110,"COLEGIO MAYOR DE ANTIOQUIA",2025,2,"Antiguo",17498,"BIOTECNOLOGIA","Masculino",5001,"Antioquia","Itagüí","Colombia","Urbana"
1622,2110,"COLEGIO MAYOR DE ANTIOQUIA",2025,2,"Antiguo",17498,"BIOTECNOLOGIA","Femenino",5001,"Antioquia","Medellín","Colombia","Urbana"
1623,2110,"COLEGIO MAYOR DE ANTIOQUIA",2025,2,"Antiguo",17498,"BIOTECNOLOGIA","Masculino",5001,"Antioquia","Medellín","Colombia","Urbana"
1624,2110,"COLEGIO MAYOR DE ANTIOQUIA",2025,2,"Antiguo",17498,"BIOTECNOLOGIA","Femenino",5001,"Antioquia","Medellín","Colombia","Urbana"
1625,2110,"COLEGIO MAYOR DE ANTIOQUIA",2025,2,"Antiguo",17498,"BIOTECNOLOGIA","Femenino",5001,"Antioquia","Entrerríos","Colombia","Urbana"
1626,2110,"COLEGIO MAYOR DE ANTIOQUIA",2025,2,"Antiguo",17498,"BIOTECNOLOGIA","Masculino",5001,"Huila","San Agustín","Colombia","Urbana"
1627,2110,"COLEGIO MAYOR DE ANTIOQUIA",2025,2,"Antiguo",17498,"BIOTECNOLOGIA","Femenino",5001,"Antioquia","Medellín","Colombia","Urbana"
1628,2110,"COLEGIO MAYOR DE ANTIOQUIA",2025,2,"Antiguo",17498,"BIOTECNOLOGIA","Femenino",5001,"Antioquia","Medellín","Colombia","Urbana"
1629,2110,"COLEGIO MAYOR DE ANTIOQUIA",2025,2,"Antiguo",17498,"BIOTECNOLOGIA","Masculino",5001,"Antioquia","Medellín","Colombia","Urbana"
1630,2110,"COLEGIO MAYOR DE ANTIOQUIA",2025,2,"Antiguo",17498,"BIOTECNOLOGIA","Femenino",5001,"Antioquia","Medellín","Colombia","Urbana"
1631,2110,"COLEGIO MAYOR DE ANTIOQUIA",2025,2,"Antiguo",17498,"BIOTECNOLOGIA","Femenino",5001,"Antioquia","Yarumal","Colombia","Urbana"
1632,2110,"COLEGIO MAYOR DE ANTIOQUIA",2025,2,"Antiguo",17498,"BIOTECNOLOGIA","Femenino",5001,"Antioquia","Medellín","Colombia","Urbana"
1633,2110,"COLEGIO MAYOR DE ANTIOQUIA",2025,2,"Antiguo",17498,"BIOTECNOLOGIA","Masculino",5001,"Antioquia","Medellín","Colombia","Urbana"
1634,2110,"COLEGIO MAYOR DE ANTIOQUIA",2025,2,"Antiguo",17498,"BIOTECNOLOGIA","Femenino",5001,"Antioquia","Medellín","Colombia","Urbana"
1635,2110,"COLEGIO MAYOR DE ANTIOQUIA",2025,2,"Antiguo",17498,"BIOTECNOLOGIA","Masculino",5001,"Antioquia","Medellín","Colombia","Urbana"
1636,2110,"COLEGIO MAYOR DE ANTIOQUIA",2025,2,"Antiguo",17498,"BIOTECNOLOGIA","Femenino",5001,"Antioquia","San Pedro","Colombia","Urbana"
1637,2110,"COLEGIO MAYOR DE ANTIOQUIA",2025,2,"Antiguo",17498,"BIOTECNOLOGIA","Masculino",5001,"Antioquia","Medellín","Colombia","Urbana"
1638,2110,"COLEGIO MAYOR DE ANTIOQUIA",2025,2,"Antiguo",17498,"BIOTECNOLOGIA","Femenino",5001,"Antioquia","Bello","Colombia","Urbana"
1639,2110,"COLEGIO MAYOR DE ANTIOQUIA",2025,2,"Antiguo",17498,"BIOTECNOLOGIA","Femenino",5001,"Antioquia","Medellín","Colombia","Urbana"
1640,2110,"COLEGIO MAYOR DE ANTIOQUIA",2025,2,"Antiguo",17498,"BIOTECNOLOGIA","Masculino",5001,"Antioquia","Envigado","Colombia","Urbana"
1641,2110,"COLEGIO MAYOR DE ANTIOQUIA",2025,2,"Antiguo",17498,"BIOTECNOLOGIA","Femenino",5001,"Antioquia","Medellín","Colombia","Urbana"
1642,2110,"COLEGIO MAYOR DE ANTIOQUIA",2025,2,"Antiguo",17498,"BIOTECNOLOGIA","Femenino",5001,"Antioquia","Medellín","Colombia","Urbana"
1643,2110,"COLEGIO MAYOR DE ANTIOQUIA",2025,2,"Antiguo",17498,"BIOTECNOLOGIA","Masculino",5001,"Antioquia","Medellín","Colombia","Urbana"
1644,2110,"COLEGIO MAYOR DE ANTIOQUIA",2025,2,"Antiguo",17498,"BIOTECNOLOGIA","Femenino",5001,"Antioquia","Medellín","Colombia","Urbana"
1645,2110,"COLEGIO MAYOR DE ANTIOQUIA",2025,2,"Antiguo",17498,"BIOTECNOLOGIA","Masculino",5001,"Antioquia","Medellín","Colombia","Urbana"
1646,2110,"COLEGIO MAYOR DE ANTIOQUIA",2025,2,"Antiguo",17498,"BIOTECNOLOGIA","Femenino",5001,"Antioquia","Medellín","Colombia","Urbana"
1647,2110,"COLEGIO MAYOR DE ANTIOQUIA",2025,2,"Antiguo",17498,"BIOTECNOLOGIA","Femenino",5001,"Cauca","Popayán","Colombia","Urbana"
1648,2110,"COLEGIO MAYOR DE ANTIOQUIA",2025,2,"Antiguo",17498,"BIOTECNOLOGIA","Femenino",5001,"Antioquia","Medellín","Colombia","Urbana"
1649,2110,"COLEGIO MAYOR DE ANTIOQUIA",2025,2,"Antiguo",17498,"BIOTECNOLOGIA","Masculino",5001,"Antioquia","Bello","Colombia","Urbana"
1650,2110,"COLEGIO MAYOR DE ANTIOQUIA",2025,2,"Antiguo",17498,"BIOTECNOLOGIA","Femenino",5001,"Antioquia","Medellín","Colombia","Urbana"
1651,2110,"COLEGIO MAYOR DE ANTIOQUIA",2025,2,"Antiguo",17498,"BIOTECNOLOGIA","Femenino",5001,"Antioquia","Medellín","Colombia","Urbana"
1652,2110,"COLEGIO MAYOR DE ANTIOQUIA",2025,2,"Antiguo",17498,"BIOTECNOLOGIA","Masculino",5001,"Antioquia","Medellín","Colombia","Urbana"
1653,2110,"COLEGIO MAYOR DE ANTIOQUIA",2025,2,"Antiguo",17498,"BIOTECNOLOGIA","Masculino",5001,"Antioquia","San Jerónimo","Colombia","Urbana"
1654,2110,"COLEGIO MAYOR DE ANTIOQUIA",2025,2,"Antiguo",17498,"BIOTECNOLOGIA","Femenino",5001,"Antioquia","Medellín","Colombia","Urbana"
1655,2110,"COLEGIO MAYOR DE ANTIOQUIA",2025,2,"Antiguo",17498,"BIOTECNOLOGIA","Masculino",5001,"Boyacá","San Pablo de Borbur","Colombia","Urbana"
1656,2110,"COLEGIO MAYOR DE ANTIOQUIA",2025,2,"Antiguo",17498,"BIOTECNOLOGIA","Femenino",5001,"Antioquia","Medellín","Colombia","Urbana"
1657,2110,"COLEGIO MAYOR DE ANTIOQUIA",2025,2,"Antiguo",17498,"BIOTECNOLOGIA","Femenino",5001,"Antioquia","San Pedro","Colombia","Urbana"
1658,2110,"COLEGIO MAYOR DE ANTIOQUIA",2025,2,"Antiguo",17498,"BIOTECNOLOGIA","Femenino",5001,"Antioquia","Medellín","Colombia","Urbana"
1659,2110,"COLEGIO MAYOR DE ANTIOQUIA",2025,2,"Antiguo",17498,"BIOTECNOLOGIA","Femenino",5001,"Antioquia","Medellín","Colombia","Urbana"
1660,2110,"COLEGIO MAYOR DE ANTIOQUIA",2025,2,"Antiguo",17498,"BIOTECNOLOGIA","Masculino",5001,"Antioquia","Medellín","Colombia","Urbana"
1661,2110,"COLEGIO MAYOR DE ANTIOQUIA",2025,2,"Antiguo",17498,"BIOTECNOLOGIA","Femenino",5001,"Antioquia","Medellín","Colombia","Urbana"
1662,2110,"COLEGIO MAYOR DE ANTIOQUIA",2025,2,"Antiguo",17498,"BIOTECNOLOGIA","Femenino",5001,"Antioquia","Medellín","Colombia","Urbana"
1663,2110,"COLEGIO MAYOR DE ANTIOQUIA",2025,2,"Antiguo",17498,"BIOTECNOLOGIA","Masculino",5001,"Antioquia","Caldas","Colombia","Urbana"
1664,2110,"COLEGIO MAYOR DE ANTIOQUIA",2025,2,"Antiguo",17498,"BIOTECNOLOGIA","Femenino",5001,"Antioquia","Medellín","Colombia","Urbana"
1665,2110,"COLEGIO MAYOR DE ANTIOQUIA",2025,2,"Antiguo",17498,"BIOTECNOLOGIA","Masculino",5001,"Antioquia","Medellín","Colombia","Urbana"
1666,2110,"COLEGIO MAYOR DE ANTIOQUIA",2025,2,"Antiguo",17498,"BIOTECNOLOGIA","Femenino",5001,"Antioquia","La Ceja","Colombia","Urbana"
1667,2110,"COLEGIO MAYOR DE ANTIOQUIA",2025,2,"Antiguo",17498,"BIOTECNOLOGIA","Femenino",5001,"Antioquia","Medellín","Colombia","Urbana"
1668,2110,"COLEGIO MAYOR DE ANTIOQUIA",2025,2,"Antiguo",17498,"BIOTECNOLOGIA","Masculino",5001,"Córdoba","Ayapel","Colombia","Urbana"
1669,2110,"COLEGIO MAYOR DE ANTIOQUIA",2025,2,"Antiguo",17498,"BIOTECNOLOGIA","Femenino",5001,"Antioquia","El Bagre","Colombia","Urbana"
1670,2110,"COLEGIO MAYOR DE ANTIOQUIA",2025,2,"Antiguo",17498,"BIOTECNOLOGIA","Femenino",5001,"Antioquia","Medellín","Colombia","Urbana"
1671,2110,"COLEGIO MAYOR DE ANTIOQUIA",2025,2,"Antiguo",17498,"BIOTECNOLOGIA","Femenino",5001,"Antioquia","Medellín","Colombia","Urbana"
1672,2110,"COLEGIO MAYOR DE ANTIOQUIA",2025,2,"Antiguo",17498,"BIOTECNOLOGIA","Femenino",5001,"Antioquia","Medellín","Colombia","Urbana"
1673,2110,"COLEGIO MAYOR DE ANTIOQUIA",2025,2,"Antiguo",17498,"BIOTECNOLOGIA","Femenino",5001,"Antioquia","Argelia","Colombia","Urbana"
1674,2110,"COLEGIO MAYOR DE ANTIOQUIA",2025,2,"Antiguo",17498,"BIOTECNOLOGIA","Femenino",5001,"Antioquia","La Estrella","Colombia","Urbana"
1675,2110,"COLEGIO MAYOR DE ANTIOQUIA",2025,2,"Antiguo",17498,"BIOTECNOLOGIA","Femenino",5001,"Meta","Villavicencio","Colombia","Urbana"
1676,2110,"COLEGIO MAYOR DE ANTIOQUIA",2025,2,"Antiguo",17498,"BIOTECNOLOGIA","Femenino",5001,"Antioquia","Medellín","Colombia","Urbana"
1677,2110,"COLEGIO MAYOR DE ANTIOQUIA",2025,2,"Antiguo",17498,"BIOTECNOLOGIA","Femenino",5001,"Antioquia","Medellín","Colombia","Urbana"
1678,2110,"COLEGIO MAYOR DE ANTIOQUIA",2025,2,"Antiguo",17498,"BIOTECNOLOGIA","Femenino",5001,"Antioquia","Medellín","Colombia","Urbana"
1679,2110,"COLEGIO MAYOR DE ANTIOQUIA",2025,2,"Antiguo",17498,"BIOTECNOLOGIA","Femenino",5001,"Antioquia","Medellín","Colombia","Urbana"
1680,2110,"COLEGIO MAYOR DE ANTIOQUIA",2025,2,"Antiguo",17498,"BIOTECNOLOGIA","Femenino",5001,"Antioquia","Barbosa","Colombia","Urbana"
1681,2110,"COLEGIO MAYOR DE ANTIOQUIA",2025,2,"Antiguo",17498,"BIOTECNOLOGIA","Femenino",5001,"Antioquia","Guarne","Colombia","Urbana"
1682,2110,"COLEGIO MAYOR DE ANTIOQUIA",2025,2,"Antiguo",17498,"BIOTECNOLOGIA","Masculino",5001,"Antioquia","Medellín","Colombia","Urbana"
1683,2110,"COLEGIO MAYOR DE ANTIOQUIA",2025,2,"Antiguo",17498,"BIOTECNOLOGIA","Femenino",5001,"Antioquia","Medellín","Colombia","Urbana"
1684,2110,"COLEGIO MAYOR DE ANTIOQUIA",2025,2,"Antiguo",17498,"BIOTECNOLOGIA","Masculino",5001,"Antioquia","Medellín","Colombia","Urbana"
1685,2110,"COLEGIO MAYOR DE ANTIOQUIA",2025,2,"Antiguo",17498,"BIOTECNOLOGIA","Masculino",5001,"Antioquia","Medellín","Colombia","Urbana"
1686,2110,"COLEGIO MAYOR DE ANTIOQUIA",2025,2,"Antiguo",17498,"BIOTECNOLOGIA","Masculino",5001,"Risaralda","Santa Rosa de Cabal","Colombia","Urbana"
1687,2110,"COLEGIO MAYOR DE ANTIOQUIA",2025,2,"Antiguo",17498,"BIOTECNOLOGIA","Femenino",5001,"Antioquia","La Ceja","Colombia","Urbana"
1688,2110,"COLEGIO MAYOR DE ANTIOQUIA",2025,2,"Antiguo",17498,"BIOTECNOLOGIA","Femenino",5001,"Antioquia","Medellín","Colombia","Urbana"
1689,2110,"COLEGIO MAYOR DE ANTIOQUIA",2025,2,"Antiguo",17498,"BIOTECNOLOGIA","Femenino",5001,"Antioquia","Amalfi","Colombia","Urbana"
1690,2110,"COLEGIO MAYOR DE ANTIOQUIA",2025,2,"Antiguo",17498,"BIOTECNOLOGIA","Femenino",5001,"Antioquia","Medellín","Colombia","Urbana"
1691,2110,"COLEGIO MAYOR DE ANTIOQUIA",2025,2,"Antiguo",17498,"BIOTECNOLOGIA","Femenino",5001,"Antioquia","Envigado","Colombia","Urbana"
1692,2110,"COLEGIO MAYOR DE ANTIOQUIA",2025,2,"Antiguo",17498,"BIOTECNOLOGIA","Femenino",5001,"Antioquia","Medellín","Colombia","Urbana"
1693,2110,"COLEGIO MAYOR DE ANTIOQUIA",2025,2,"Antiguo",17498,"BIOTECNOLOGIA","Femenino",5001,"Antioquia","Medellín","Colombia","Urbana"
1694,2110,"COLEGIO MAYOR DE ANTIOQUIA",2025,2,"Antiguo",17498,"BIOTECNOLOGIA","Masculino",5001,"Antioquia","Bello","Colombia","Urbana"
1695,2110,"COLEGIO MAYOR DE ANTIOQUIA",2025,2,"Antiguo",17498,"BIOTECNOLOGIA","Femenino",5001,"Antioquia","Envigado","Colombia","Urbana"
1696,2110,"COLEGIO MAYOR DE ANTIOQUIA",2025,2,"Antiguo",17498,"BIOTECNOLOGIA","Femenino",5001,"Antioquia","Bello","Colombia","Urbana"
1697,2110,"COLEGIO MAYOR DE ANTIOQUIA",2025,2,"Antiguo",17498,"BIOTECNOLOGIA","Femenino",5001,"Antioquia","Medellín","Colombia","Urbana"
1698,2110,"COLEGIO MAYOR DE ANTIOQUIA",2025,2,"Antiguo",17498,"BIOTECNOLOGIA","Femenino",5001,"Antioquia","Bello","Colombia","Urbana"
1699,2110,"COLEGIO MAYOR DE ANTIOQUIA",2025,2,"Antiguo",17498,"BIOTECNOLOGIA","Femenino",5001,"Antioquia","Itagüí","Colombia","Urbana"
1700,2110,"COLEGIO MAYOR DE ANTIOQUIA",2025,2,"Antiguo",17498,"BIOTECNOLOGIA","Masculino",5001,"Antioquia","Yarumal","Colombia","Urbana"
1701,2110,"COLEGIO MAYOR DE ANTIOQUIA",2025,2,"Antiguo",17498,"BIOTECNOLOGIA","Femenino",5001,"Huila","Nátaga","Colombia","Urbana"
1702,2110,"COLEGIO MAYOR DE ANTIOQUIA",2025,2,"Antiguo",17498,"BIOTECNOLOGIA","Femenino",5001,"Antioquia","Medellín","Colombia","Urbana"
1703,2110,"COLEGIO MAYOR DE ANTIOQUIA",2025,2,"Antiguo",17498,"BIOTECNOLOGIA","Femenino",5001,"Antioquia","Medellín","Colombia","Urbana"
1704,2110,"COLEGIO MAYOR DE ANTIOQUIA",2025,2,"Antiguo",17498,"BIOTECNOLOGIA","Masculino",5001,"Antioquia","Medellín","Colombia","Urbana"
1705,2110,"COLEGIO MAYOR DE ANTIOQUIA",2025,2,"Antiguo",17498,"BIOTECNOLOGIA","Femenino",5001,"Antioquia","Medellín","Colombia","Urbana"
1706,2110,"COLEGIO MAYOR DE ANTIOQUIA",2025,2,"Antiguo",17498,"BIOTECNOLOGIA","Femenino",5001,"Antioquia","Medellín","Colombia","Urbana"
1707,2110,"COLEGIO MAYOR DE ANTIOQUIA",2025,2,"Reingreso",17498,"BIOTECNOLOGIA","Femenino",5001,"Guaviare","Calamar","Colombia","Urbana"
1708,2110,"COLEGIO MAYOR DE ANTIOQUIA",2025,2,"Reingreso",17498,"BIOTECNOLOGIA","Masculino",5001,"Antioquia","Bello","Colombia","Urbana"
1709,2110,"COLEGIO MAYOR DE ANTIOQUIA",2025,2,"Reingreso",17498,"BIOTECNOLOGIA","Femenino",5001,"Antioquia","Copacabana","Colombia","Urbana"
1710,2110,"COLEGIO MAYOR DE ANTIOQUIA",2025,2,"Reingreso",17498,"BIOTECNOLOGIA","Masculino",5001,"Antioquia","Medellín","Colombia","Urbana"
1711,2110,"COLEGIO MAYOR DE ANTIOQUIA",2025,2,"Reingreso",17498,"BIOTECNOLOGIA","Femenino",5001,"Antioquia","Medellín","Colombia","Urbana"
1712,2110,"COLEGIO MAYOR DE ANTIOQUIA",2025,2,"Reingreso",17498,"BIOTECNOLOGIA","Masculino",5001,"Antioquia","Medellín","Colombia","Urbana"
1713,2110,"COLEGIO MAYOR DE ANTIOQUIA",2025,2,"Reingreso",17498,"BIOTECNOLOGIA","Masculino",5001,"Antioquia","Caucasia","Colombia","Urbana"
1714,2110,"COLEGIO MAYOR DE ANTIOQUIA",2025,2,"Reingreso",17498,"BIOTECNOLOGIA","Femenino",5001,"Antioquia","Medellín","Colombia","Urbana"
1715,2110,"COLEGIO MAYOR DE ANTIOQUIA",2025,2,"Reingreso",17498,"BIOTECNOLOGIA","Femenino",5001,"Antioquia","Bello","Colombia","Urbana"
1716,2110,"COLEGIO MAYOR DE ANTIOQUIA",2025,2,"Reingreso",17498,"BIOTECNOLOGIA","Femenino",5001,"Antioquia","Medellín","Colombia","Urbana"
1717,2110,"COLEGIO MAYOR DE ANTIOQUIA",2025,2,"Reintegro",17498,"BIOTECNOLOGIA","Masculino",5001,"Antioquia","Medellín","Colombia","Urbana"
1718,2110,"COLEGIO MAYOR DE ANTIOQUIA",2025,2,"Reintegro",17498,"BIOTECNOLOGIA","Masculino",5001,"Antioquia","Medellín","Colombia","Urbana"
1719,2110,"COLEGIO MAYOR DE ANTIOQUIA",2025,2,"Asistentes",17498,"BIOTECNOLOGIA","Femenino",5001,"Antioquia","Medellín","Colombia","Urbana"
1720,2110,"COLEGIO MAYOR DE ANTIOQUIA",2025,2,"Nuevo",107468,"TECNOLOGIA EN SEGURIDAD Y SALUD EN EL TRABAJO","Femenino",5001,"Antioquia","Medellín","Colombia","Urbana"
1721,2110,"COLEGIO MAYOR DE ANTIOQUIA",2025,2,"Nuevo",107468,"TECNOLOGIA EN SEGURIDAD Y SALUD EN EL TRABAJO","Femenino",5001,"Antioquia","Medellín","Colombia","Urbana"
1722,2110,"COLEGIO MAYOR DE ANTIOQUIA",2025,2,"Nuevo",107468,"TECNOLOGIA EN SEGURIDAD Y SALUD EN EL TRABAJO","Femenino",5001,"Antioquia","Medellín","Colombia","Urbana"
1723,2110,"COLEGIO MAYOR DE ANTIOQUIA",2025,2,"Nuevo",107468,"TECNOLOGIA EN SEGURIDAD Y SALUD EN EL TRABAJO","Masculino",5001,"Antioquia","Medellín","Colombia","Urbana"
1724,2110,"COLEGIO MAYOR DE ANTIOQUIA",2025,2,"Nuevo",107468,"TECNOLOGIA EN SEGURIDAD Y SALUD EN EL TRABAJO","Femenino",5001,"Antioquia","Medellín","Colombia","Urbana"
1725,2110,"COLEGIO MAYOR DE ANTIOQUIA",2025,2,"Nuevo",107468,"TECNOLOGIA EN SEGURIDAD Y SALUD EN EL TRABAJO","Femenino",5001,"Antioquia","Medellín","Colombia","Urbana"
1726,2110,"COLEGIO MAYOR DE ANTIOQUIA",2025,2,"Nuevo",107468,"TECNOLOGIA EN SEGURIDAD Y SALUD EN EL TRABAJO","Femenino",5001,"Antioquia","Medellín","Colombia","Urbana"
1727,2110,"COLEGIO MAYOR DE ANTIOQUIA",2025,2,"Nuevo",107468,"TECNOLOGIA EN SEGURIDAD Y SALUD EN EL TRABAJO","Femenino",5001,"Antioquia","Medellín","Colombia","Urbana"
1728,2110,"COLEGIO MAYOR DE ANTIOQUIA",2025,2,"Nuevo",107468,"TECNOLOGIA EN SEGURIDAD Y SALUD EN EL TRABAJO","Femenino",5001,"Antioquia","Medellín","Colombia","Urbana"
1729,2110,"COLEGIO MAYOR DE ANTIOQUIA",2025,2,"Nuevo",107468,"TECNOLOGIA EN SEGURIDAD Y SALUD EN EL TRABAJO","Masculino",5001,"Antioquia","Bello","Colombia","Urbana"
1730,2110,"COLEGIO MAYOR DE ANTIOQUIA",2025,2,"Nuevo",107468,"TECNOLOGIA EN SEGURIDAD Y SALUD EN EL TRABAJO","Femenino",5001,"Antioquia","Medellín","Colombia","Urbana"
1731,2110,"COLEGIO MAYOR DE ANTIOQUIA",2025,2,"Nuevo",107468,"TECNOLOGIA EN SEGURIDAD Y SALUD EN EL TRABAJO","Femenino",5001,"Antioquia","Medellín","Colombia","Urbana"
1732,2110,"COLEGIO MAYOR DE ANTIOQUIA",2025,2,"Nuevo",107468,"TECNOLOGIA EN SEGURIDAD Y SALUD EN EL TRABAJO","Femenino",5001,"Antioquia","Medellín","Colombia","Urbana"
1733,2110,"COLEGIO MAYOR DE ANTIOQUIA",2025,2,"Nuevo",107468,"TECNOLOGIA EN SEGURIDAD Y SALUD EN EL TRABAJO","Masculino",5001,"Antioquia","San Pedro","Colombia","Urbana"
1734,2110,"COLEGIO MAYOR DE ANTIOQUIA",2025,2,"Nuevo",107468,"TECNOLOGIA EN SEGURIDAD Y SALUD EN EL TRABAJO","Femenino",5001,"Antioquia","Medellín","Colombia","Urbana"
1735,2110,"COLEGIO MAYOR DE ANTIOQUIA",2025,2,"Nuevo",107468,"TECNOLOGIA EN SEGURIDAD Y SALUD EN EL TRABAJO","Femenino",5001,"Antioquia","Medellín","Colombia","Urbana"
1736,2110,"COLEGIO MAYOR DE ANTIOQUIA",2025,2,"Nuevo",107468,"TECNOLOGIA EN SEGURIDAD Y SALUD EN EL TRABAJO","Masculino",5001,"Antioquia","Medellín","Colombia","Urbana"
1737,2110,"COLEGIO MAYOR DE ANTIOQUIA",2025,2,"Nuevo",107468,"TECNOLOGIA EN SEGURIDAD Y SALUD EN EL TRABAJO","Femenino",5001,"Antioquia","Medellín","Colombia","Urbana"
1738,2110,"COLEGIO MAYOR DE ANTIOQUIA",2025,2,"Nuevo",107468,"TECNOLOGIA EN SEGURIDAD Y SALUD EN EL TRABAJO","Femenino",5001,"Antioquia","Medellín","Colombia","Urbana"
1739,2110,"COLEGIO MAYOR DE ANTIOQUIA",2025,2,"Nuevo",107468,"TECNOLOGIA EN SEGURIDAD Y SALUD EN EL TRABAJO","Masculino",5001,"Antioquia","Medellín","Colombia","Urbana"
1740,2110,"COLEGIO MAYOR DE ANTIOQUIA",2025,2,"Nuevo",107468,"TECNOLOGIA EN SEGURIDAD Y SALUD EN EL TRABAJO","Femenino",5001,"Antioquia","Medellín","Colombia","Urbana"
1741,2110,"COLEGIO MAYOR DE ANTIOQUIA",2025,2,"Nuevo",107468,"TECNOLOGIA EN SEGURIDAD Y SALUD EN EL TRABAJO","Femenino",5001,"Antioquia","Medellín","Colombia","Urbana"
1742,2110,"COLEGIO MAYOR DE ANTIOQUIA",2025,2,"Nuevo",107468,"TECNOLOGIA EN SEGURIDAD Y SALUD EN EL TRABAJO","Femenino",5001,"Antioquia","Medellín","Colombia","Urbana"
1743,2110,"COLEGIO MAYOR DE ANTIOQUIA",2025,2,"Nuevo",107468,"TECNOLOGIA EN SEGURIDAD Y SALUD EN EL TRABAJO","Femenino",5001,"Antioquia","Medellín","Colombia","Urbana"
1744,2110,"COLEGIO MAYOR DE ANTIOQUIA",2025,2,"Nuevo",107468,"TECNOLOGIA EN SEGURIDAD Y SALUD EN EL TRABAJO","Femenino",5001,"Antioquia","Medellín","Colombia","Urbana"
1745,2110,"COLEGIO MAYOR DE ANTIOQUIA",2025,2,"Nuevo",107468,"TECNOLOGIA EN SEGURIDAD Y SALUD EN EL TRABAJO","Femenino",5001,"Antioquia","Medellín","Colombia","Urbana"
1746,2110,"COLEGIO MAYOR DE ANTIOQUIA",2025,2,"Nuevo",107468,"TECNOLOGIA EN SEGURIDAD Y SALUD EN EL TRABAJO","Femenino",5001,"Antioquia","Medellín","Colombia","Urbana"
1747,2110,"COLEGIO MAYOR DE ANTIOQUIA",2025,2,"Nuevo",107468,"TECNOLOGIA EN SEGURIDAD Y SALUD EN EL TRABAJO","Femenino",5001,"Antioquia","Medellín","Colombia","Urbana"
1748,2110,"COLEGIO MAYOR DE ANTIOQUIA",2025,2,"Nuevo",107468,"TECNOLOGIA EN SEGURIDAD Y SALUD EN EL TRABAJO","Femenino",5001,"Antioquia","Bello","Colombia","Urbana"
1749,2110,"COLEGIO MAYOR DE ANTIOQUIA",2025,2,"Nuevo",107468,"TECNOLOGIA EN SEGURIDAD Y SALUD EN EL TRABAJO","Femenino",5001,"Antioquia","Medellín","Colombia","Urbana"
1750,2110,"COLEGIO MAYOR DE ANTIOQUIA",2025,2,"Nuevo",107468,"TECNOLOGIA EN SEGURIDAD Y SALUD EN EL TRABAJO","Masculino",5001,"Antioquia","Medellín","Colombia","Urbana"
1751,2110,"COLEGIO MAYOR DE ANTIOQUIA",2025,2,"Nuevo",107468,"TECNOLOGIA EN SEGURIDAD Y SALUD EN EL TRABAJO","Femenino",5001,"Antioquia","Medellín","Colombia","Urbana"
1752,2110,"COLEGIO MAYOR DE ANTIOQUIA",2025,2,"Nuevo",107468,"TECNOLOGIA EN SEGURIDAD Y SALUD EN EL TRABAJO","Femenino",5001,"Antioquia","Itagüí","Colombia","Urbana"
1753,2110,"COLEGIO MAYOR DE ANTIOQUIA",2025,2,"Nuevo",107468,"TECNOLOGIA EN SEGURIDAD Y SALUD EN EL TRABAJO","Masculino",5001,"Antioquia","Medellín","Colombia","Urbana"
1754,2110,"COLEGIO MAYOR DE ANTIOQUIA",2025,2,"Nuevo",107468,"TECNOLOGIA EN SEGURIDAD Y SALUD EN EL TRABAJO","Femenino",5001,"Antioquia","Copacabana","Colombia","Urbana"
1755,2110,"COLEGIO MAYOR DE ANTIOQUIA",2025,2,"Nuevo",107468,"TECNOLOGIA EN SEGURIDAD Y SALUD EN EL TRABAJO","Femenino",5001,"Antioquia","Medellín","Colombia","Urbana"
1756,2110,"COLEGIO MAYOR DE ANTIOQUIA",2025,2,"Nuevo",107468,"TECNOLOGIA EN SEGURIDAD Y SALUD EN EL TRABAJO","Femenino",5001,"Antioquia","Medellín","Colombia","Urbana"
1757,2110,"COLEGIO MAYOR DE ANTIOQUIA",2025,2,"Nuevo",107468,"TECNOLOGIA EN SEGURIDAD Y SALUD EN EL TRABAJO","Femenino",5001,"Antioquia","Medellín","Colombia","Urbana"
1758,2110,"COLEGIO MAYOR DE ANTIOQUIA",2025,2,"Nuevo",107468,"TECNOLOGIA EN SEGURIDAD Y SALUD EN EL TRABAJO","Masculino",5001,"Antioquia","Medellín","Colombia","Urbana"
1759,2110,"COLEGIO MAYOR DE ANTIOQUIA",2025,2,"Nuevo",107468,"TECNOLOGIA EN SEGURIDAD Y SALUD EN EL TRABAJO","Femenino",5001,"Antioquia","Medellín","Colombia","Urbana"
1760,2110,"COLEGIO MAYOR DE ANTIOQUIA",2025,2,"Nuevo",107468,"TECNOLOGIA EN SEGURIDAD Y SALUD EN EL TRABAJO","Femenino",5001,"Antioquia","Medellín","Colombia","Urbana"
1761,2110,"COLEGIO MAYOR DE ANTIOQUIA",2025,2,"Nuevo",107468,"TECNOLOGIA EN SEGURIDAD Y SALUD EN EL TRABAJO","Femenino",5001,"Antioquia","Medellín","Colombia","Urbana"
1762,2110,"COLEGIO MAYOR DE ANTIOQUIA",2025,2,"Nuevo",107468,"TECNOLOGIA EN SEGURIDAD Y SALUD EN EL TRABAJO","Femenino",5001,"Antioquia","Támesis","Colombia","Urbana"
1763,2110,"COLEGIO MAYOR DE ANTIOQUIA",2025,2,"Nuevo",107468,"TECNOLOGIA EN SEGURIDAD Y SALUD EN EL TRABAJO","Masculino",5001,"Antioquia","Medellín","Colombia","Urbana"
1764,2110,"COLEGIO MAYOR DE ANTIOQUIA",2025,2,"Nuevo",107468,"TECNOLOGIA EN SEGURIDAD Y SALUD EN EL TRABAJO","Femenino",5001,"Antioquia","Bello","Colombia","Urbana"
1765,2110,"COLEGIO MAYOR DE ANTIOQUIA",2025,2,"Nuevo",107468,"TECNOLOGIA EN SEGURIDAD Y SALUD EN EL TRABAJO","Femenino",5001,"Antioquia","Burítica","Colombia","Urbana"
1766,2110,"COLEGIO MAYOR DE ANTIOQUIA",2025,2,"Nuevo",107468,"TECNOLOGIA EN SEGURIDAD Y SALUD EN EL TRABAJO","Femenino",5001,"Antioquia","Maceo","Colombia","Urbana"
1767,2110,"COLEGIO MAYOR DE ANTIOQUIA",2025,2,"Nuevo",107468,"TECNOLOGIA EN SEGURIDAD Y SALUD EN EL TRABAJO","Femenino",5001,"Antioquia","Medellín","Colombia","Urbana"
1768,2110,"COLEGIO MAYOR DE ANTIOQUIA",2025,2,"Antiguo",107468,"TECNOLOGIA EN SEGURIDAD Y SALUD EN EL TRABAJO","Masculino",5001,"Antioquia","Medellín","Colombia","Urbana"
1769,2110,"COLEGIO MAYOR DE ANTIOQUIA",2025,2,"Antiguo",107468,"TECNOLOGIA EN SEGURIDAD Y SALUD EN EL TRABAJO","Femenino",5001,"Antioquia","Medellín","Colombia","Urbana"
1770,2110,"COLEGIO MAYOR DE ANTIOQUIA",2025,2,"Antiguo",107468,"TECNOLOGIA EN SEGURIDAD Y SALUD EN EL TRABAJO","Masculino",5001,"Antioquia","Medellín","Colombia","Urbana"
1771,2110,"COLEGIO MAYOR DE ANTIOQUIA",2025,2,"Antiguo",107468,"TECNOLOGIA EN SEGURIDAD Y SALUD EN EL TRABAJO","Femenino",5001,"Antioquia","Medellín","Colombia","Urbana"
1772,2110,"COLEGIO MAYOR DE ANTIOQUIA",2025,2,"Antiguo",107468,"TECNOLOGIA EN SEGURIDAD Y SALUD EN EL TRABAJO","Femenino",5001,"Antioquia","Medellín","Colombia","Urbana"
1773,2110,"COLEGIO MAYOR DE ANTIOQUIA",2025,2,"Antiguo",107468,"TECNOLOGIA EN SEGURIDAD Y SALUD EN EL TRABAJO","Femenino",5001,"Antioquia","Medellín","Colombia","Urbana"
1774,2110,"COLEGIO MAYOR DE ANTIOQUIA",2025,2,"Antiguo",107468,"TECNOLOGIA EN SEGURIDAD Y SALUD EN EL TRABAJO","Femenino",5001,"Antioquia","Medellín","Colombia","Urbana"
1775,2110,"COLEGIO MAYOR DE ANTIOQUIA",2025,2,"Antiguo",107468,"TECNOLOGIA EN SEGURIDAD Y SALUD EN EL TRABAJO","Masculino",5001,"Antioquia","Medellín","Colombia","Urbana"
1776,2110,"COLEGIO MAYOR DE ANTIOQUIA",2025,2,"Antiguo",107468,"TECNOLOGIA EN SEGURIDAD Y SALUD EN EL TRABAJO","Femenino",5001,"Antioquia","Medellín","Colombia","Urbana"
1777,2110,"COLEGIO MAYOR DE ANTIOQUIA",2025,2,"Antiguo",107468,"TECNOLOGIA EN SEGURIDAD Y SALUD EN EL TRABAJO","Femenino",5001,"Antioquia","Medellín","Colombia","Urbana"
1778,2110,"COLEGIO MAYOR DE ANTIOQUIA",2025,2,"Antiguo",107468,"TECNOLOGIA EN SEGURIDAD Y SALUD EN EL TRABAJO","Femenino",5001,"Antioquia","Medellín","Colombia","Urbana"
1779,2110,"COLEGIO MAYOR DE ANTIOQUIA",2025,2,"Antiguo",107468,"TECNOLOGIA EN SEGURIDAD Y SALUD EN EL TRABAJO","Femenino",5001,"Antioquia","Medellín","Colombia","Urbana"
1780,2110,"COLEGIO MAYOR DE ANTIOQUIA",2025,2,"Antiguo",107468,"TECNOLOGIA EN SEGURIDAD Y SALUD EN EL TRABAJO","Femenino",5001,"Antioquia","Medellín","Colombia","Urbana"
1781,2110,"COLEGIO MAYOR DE ANTIOQUIA",2025,2,"Antiguo",107468,"TECNOLOGIA EN SEGURIDAD Y SALUD EN EL TRABAJO","Masculino",5001,"Antioquia","Medellín","Colombia","Urbana"
1782,2110,"COLEGIO MAYOR DE ANTIOQUIA",2025,2,"Antiguo",107468,"TECNOLOGIA EN SEGURIDAD Y SALUD EN EL TRABAJO","Masculino",5001,"Antioquia","Medellín","Colombia","Urbana"
1783,2110,"COLEGIO MAYOR DE ANTIOQUIA",2025,2,"Antiguo",107468,"TECNOLOGIA EN SEGURIDAD Y SALUD EN EL TRABAJO","Femenino",5001,"Antioquia","Itagüí","Colombia","Urbana"
1784,2110,"COLEGIO MAYOR DE ANTIOQUIA",2025,2,"Antiguo",107468,"TECNOLOGIA EN SEGURIDAD Y SALUD EN EL TRABAJO","Femenino",5001,"Antioquia","Medellín","Colombia","Urbana"
1785,2110,"COLEGIO MAYOR DE ANTIOQUIA",2025,2,"Antiguo",107468,"TECNOLOGIA EN SEGURIDAD Y SALUD EN EL TRABAJO","Femenino",5001,"Antioquia","Medellín","Colombia","Urbana"
1786,2110,"COLEGIO MAYOR DE ANTIOQUIA",2025,2,"Antiguo",107468,"TECNOLOGIA EN SEGURIDAD Y SALUD EN EL TRABAJO","Femenino",5001,"Antioquia","Medellín","Colombia","Urbana"
1787,2110,"COLEGIO MAYOR DE ANTIOQUIA",2025,2,"Antiguo",107468,"TECNOLOGIA EN SEGURIDAD Y SALUD EN EL TRABAJO","Femenino",5001,"Antioquia","Medellín","Colombia","Urbana"
1788,2110,"COLEGIO MAYOR DE ANTIOQUIA",2025,2,"Antiguo",107468,"TECNOLOGIA EN SEGURIDAD Y SALUD EN EL TRABAJO","Femenino",5001,"Antioquia","Medellín","Colombia","Urbana"
1789,2110,"COLEGIO MAYOR DE ANTIOQUIA",2025,2,"Antiguo",107468,"TECNOLOGIA EN SEGURIDAD Y SALUD EN EL TRABAJO","Femenino",5001,"Antioquia","Amalfi","Colombia","Urbana"
1790,2110,"COLEGIO MAYOR DE ANTIOQUIA",2025,2,"Antiguo",107468,"TECNOLOGIA EN SEGURIDAD Y SALUD EN EL TRABAJO","Femenino",5001,"Antioquia","Medellín","Colombia","Urbana"
1791,2110,"COLEGIO MAYOR DE ANTIOQUIA",2025,2,"Antiguo",107468,"TECNOLOGIA EN SEGURIDAD Y SALUD EN EL TRABAJO","Masculino",5001,"Antioquia","Medellín","Colombia","Urbana"
1792,2110,"COLEGIO MAYOR DE ANTIOQUIA",2025,2,"Antiguo",107468,"TECNOLOGIA EN SEGURIDAD Y SALUD EN EL TRABAJO","Femenino",5001,"Antioquia","Medellín","Colombia","Urbana"
1793,2110,"COLEGIO MAYOR DE ANTIOQUIA",2025,2,"Antiguo",107468,"TECNOLOGIA EN SEGURIDAD Y SALUD EN EL TRABAJO","Femenino",5001,"Antioquia","Medellín","Colombia","Urbana"
1794,2110,"COLEGIO MAYOR DE ANTIOQUIA",2025,2,"Antiguo",107468,"TECNOLOGIA EN SEGURIDAD Y SALUD EN EL TRABAJO","Femenino",5001,"Antioquia","Medellín","Colombia","Urbana"
1795,2110,"COLEGIO MAYOR DE ANTIOQUIA",2025,2,"Antiguo",107468,"TECNOLOGIA EN SEGURIDAD Y SALUD EN EL TRABAJO","Femenino",5001,"Antioquia","Medellín","Colombia","Urbana"
1796,2110,"COLEGIO MAYOR DE ANTIOQUIA",2025,2,"Antiguo",107468,"TECNOLOGIA EN SEGURIDAD Y SALUD EN EL TRABAJO","Femenino",5001,"Antioquia","Medellín","Colombia","Urbana"
1797,2110,"COLEGIO MAYOR DE ANTIOQUIA",2025,2,"Antiguo",107468,"TECNOLOGIA EN SEGURIDAD Y SALUD EN EL TRABAJO","Femenino",5001,"Antioquia","Medellín","Colombia","Urbana"
1798,2110,"COLEGIO MAYOR DE ANTIOQUIA",2025,2,"Antiguo",107468,"TECNOLOGIA EN SEGURIDAD Y SALUD EN EL TRABAJO","Femenino",5001,"Antioquia","Medellín","Colombia","Urbana"
1799,2110,"COLEGIO MAYOR DE ANTIOQUIA",2025,2,"Antiguo",107468,"TECNOLOGIA EN SEGURIDAD Y SALUD EN EL TRABAJO","Masculino",5001,"Antioquia","Bello","Colombia","Urbana"
1800,2110,"COLEGIO MAYOR DE ANTIOQUIA",2025,2,"Antiguo",107468,"TECNOLOGIA EN SEGURIDAD Y SALUD EN EL TRABAJO","Femenino",5001,"Antioquia","Medellín","Colombia","Urbana"
1801,2110,"COLEGIO MAYOR DE ANTIOQUIA",2025,2,"Antiguo",107468,"TECNOLOGIA EN SEGURIDAD Y SALUD EN EL TRABAJO","Femenino",5001,"Antioquia","Medellín","Colombia","Urbana"
1802,2110,"COLEGIO MAYOR DE ANTIOQUIA",2025,2,"Antiguo",107468,"TECNOLOGIA EN SEGURIDAD Y SALUD EN EL TRABAJO","Femenino",5001,"Antioquia","Medellín","Colombia","Urbana"
1803,2110,"COLEGIO MAYOR DE ANTIOQUIA",2025,2,"Antiguo",107468,"TECNOLOGIA EN SEGURIDAD Y SALUD EN EL TRABAJO","Femenino",5001,"Antioquia","Medellín","Colombia","Urbana"
1804,2110,"COLEGIO MAYOR DE ANTIOQUIA",2025,2,"Antiguo",107468,"TECNOLOGIA EN SEGURIDAD Y SALUD EN EL TRABAJO","Femenino",5001,"Antioquia","Medellín","Colombia","Urbana"
1805,2110,"COLEGIO MAYOR DE ANTIOQUIA",2025,2,"Antiguo",107468,"TECNOLOGIA EN SEGURIDAD Y SALUD EN EL TRABAJO","Femenino",5001,"Antioquia","Medellín","Colombia","Urbana"
1806,2110,"COLEGIO MAYOR DE ANTIOQUIA",2025,2,"Antiguo",107468,"TECNOLOGIA EN SEGURIDAD Y SALUD EN EL TRABAJO","Femenino",5001,"Antioquia","Medellín","Colombia","Urbana"
1807,2110,"COLEGIO MAYOR DE ANTIOQUIA",2025,2,"Antiguo",107468,"TECNOLOGIA EN SEGURIDAD Y SALUD EN EL TRABAJO","Femenino",5001,"Antioquia","Medellín","Colombia","Urbana"
1808,2110,"COLEGIO MAYOR DE ANTIOQUIA",2025,2,"Antiguo",107468,"TECNOLOGIA EN SEGURIDAD Y SALUD EN EL TRABAJO","Masculino",5001,"Antioquia","Medellín","Colombia","Urbana"
1809,2110,"COLEGIO MAYOR DE ANTIOQUIA",2025,2,"Antiguo",107468,"TECNOLOGIA EN SEGURIDAD Y SALUD EN EL TRABAJO","Femenino",5001,"Antioquia","Medellín","Colombia","Urbana"
1810,2110,"COLEGIO MAYOR DE ANTIOQUIA",2025,2,"Antiguo",107468,"TECNOLOGIA EN SEGURIDAD Y SALUD EN EL TRABAJO","Femenino",5001,"Antioquia","Medellín","Colombia","Urbana"
1811,2110,"COLEGIO MAYOR DE ANTIOQUIA",2025,2,"Antiguo",107468,"TECNOLOGIA EN SEGURIDAD Y SALUD EN EL TRABAJO","Masculino",5001,"Antioquia","Medellín","Colombia","Urbana"
1812,2110,"COLEGIO MAYOR DE ANTIOQUIA",2025,2,"Antiguo",107468,"TECNOLOGIA EN SEGURIDAD Y SALUD EN EL TRABAJO","Femenino",5001,"Antioquia","Medellín","Colombia","Urbana"
1813,2110,"COLEGIO MAYOR DE ANTIOQUIA",2025,2,"Antiguo",107468,"TECNOLOGIA EN SEGURIDAD Y SALUD EN EL TRABAJO","Femenino",5001,"Antioquia","Medellín","Colombia","Urbana"
1814,2110,"COLEGIO MAYOR DE ANTIOQUIA",2025,2,"Antiguo",107468,"TECNOLOGIA EN SEGURIDAD Y SALUD EN EL TRABAJO","Masculino",5001,"Antioquia","Medellín","Colombia","Urbana"
1815,2110,"COLEGIO MAYOR DE ANTIOQUIA",2025,2,"Antiguo",107468,"TECNOLOGIA EN SEGURIDAD Y SALUD EN EL TRABAJO","Femenino",5001,"Antioquia","Medellín","Colombia","Urbana"
1816,2110,"COLEGIO MAYOR DE ANTIOQUIA",2025,2,"Antiguo",107468,"TECNOLOGIA EN SEGURIDAD Y SALUD EN EL TRABAJO","Femenino",5001,"Antioquia","Medellín","Colombia","Urbana"
1817,2110,"COLEGIO MAYOR DE ANTIOQUIA",2025,2,"Antiguo",107468,"TECNOLOGIA EN SEGURIDAD Y SALUD EN EL TRABAJO","Femenino",5001,"Antioquia","Medellín","Colombia","Urbana"
1818,2110,"COLEGIO MAYOR DE ANTIOQUIA",2025,2,"Antiguo",107468,"TECNOLOGIA EN SEGURIDAD Y SALUD EN EL TRABAJO","Femenino",5001,"Antioquia","Medellín","Colombia","Urbana"
1819,2110,"COLEGIO MAYOR DE ANTIOQUIA",2025,2,"Antiguo",107468,"TECNOLOGIA EN SEGURIDAD Y SALUD EN EL TRABAJO","Femenino",5001,"Antioquia","Medellín","Colombia","Urbana"
1820,2110,"COLEGIO MAYOR DE ANTIOQUIA",2025,2,"Antiguo",107468,"TECNOLOGIA EN SEGURIDAD Y SALUD EN EL TRABAJO","Femenino",5001,"Antioquia","Bello","Colombia","Urbana"
1821,2110,"COLEGIO MAYOR DE ANTIOQUIA",2025,2,"Antiguo",107468,"TECNOLOGIA EN SEGURIDAD Y SALUD EN EL TRABAJO","Femenino",5001,"Antioquia","Medellín","Colombia","Urbana"
1822,2110,"COLEGIO MAYOR DE ANTIOQUIA",2025,2,"Antiguo",107468,"TECNOLOGIA EN SEGURIDAD Y SALUD EN EL TRABAJO","Femenino",5001,"Antioquia","Medellín","Colombia","Urbana"
1823,2110,"COLEGIO MAYOR DE ANTIOQUIA",2025,2,"Antiguo",107468,"TECNOLOGIA EN SEGURIDAD Y SALUD EN EL TRABAJO","Masculino",5001,"Antioquia","Medellín","Colombia","Urbana"
1824,2110,"COLEGIO MAYOR DE ANTIOQUIA",2025,2,"Antiguo",107468,"TECNOLOGIA EN SEGURIDAD Y SALUD EN EL TRABAJO","Femenino",5001,"Antioquia","Medellín","Colombia","Urbana"
1825,2110,"COLEGIO MAYOR DE ANTIOQUIA",2025,2,"Antiguo",107468,"TECNOLOGIA EN SEGURIDAD Y SALUD EN EL TRABAJO","Femenino",5001,"Antioquia","Medellín","Colombia","Urbana"
1826,2110,"COLEGIO MAYOR DE ANTIOQUIA",2025,2,"Antiguo",107468,"TECNOLOGIA EN SEGURIDAD Y SALUD EN EL TRABAJO","Femenino",5001,"Antioquia","Medellín","Colombia","Urbana"
1827,2110,"COLEGIO MAYOR DE ANTIOQUIA",2025,2,"Antiguo",107468,"TECNOLOGIA EN SEGURIDAD Y SALUD EN EL TRABAJO","Femenino",5001,"Antioquia","Medellín","Colombia","Urbana"
1828,2110,"COLEGIO MAYOR DE ANTIOQUIA",2025,2,"Antiguo",107468,"TECNOLOGIA EN SEGURIDAD Y SALUD EN EL TRABAJO","Femenino",5001,"Antioquia","Medellín","Colombia","Urbana"
1829,2110,"COLEGIO MAYOR DE ANTIOQUIA",2025,2,"Antiguo",107468,"TECNOLOGIA EN SEGURIDAD Y SALUD EN EL TRABAJO","Femenino",5001,"Antioquia","Medellín","Colombia","Urbana"
1830,2110,"COLEGIO MAYOR DE ANTIOQUIA",2025,2,"Antiguo",107468,"TECNOLOGIA EN SEGURIDAD Y SALUD EN EL TRABAJO","Masculino",5001,"Antioquia","Medellín","Colombia","Urbana"
1831,2110,"COLEGIO MAYOR DE ANTIOQUIA",2025,2,"Antiguo",107468,"TECNOLOGIA EN SEGURIDAD Y SALUD EN EL TRABAJO","Masculino",5001,"Antioquia","Medellín","Colombia","Urbana"
1832,2110,"COLEGIO MAYOR DE ANTIOQUIA",2025,2,"Antiguo",107468,"TECNOLOGIA EN SEGURIDAD Y SALUD EN EL TRABAJO","Femenino",5001,"Antioquia","Amalfi","Colombia","Urbana"
1833,2110,"COLEGIO MAYOR DE ANTIOQUIA",2025,2,"Antiguo",107468,"TECNOLOGIA EN SEGURIDAD Y SALUD EN EL TRABAJO","Femenino",5001,"Antioquia","Medellín","Colombia","Urbana"
1834,2110,"COLEGIO MAYOR DE ANTIOQUIA",2025,2,"Antiguo",107468,"TECNOLOGIA EN SEGURIDAD Y SALUD EN EL TRABAJO","Femenino",5001,"Antioquia","Medellín","Colombia","Urbana"
1835,2110,"COLEGIO MAYOR DE ANTIOQUIA",2025,2,"Antiguo",107468,"TECNOLOGIA EN SEGURIDAD Y SALUD EN EL TRABAJO","Femenino",5001,"Antioquia","Medellín","Colombia","Urbana"
1836,2110,"COLEGIO MAYOR DE ANTIOQUIA",2025,2,"Antiguo",107468,"TECNOLOGIA EN SEGURIDAD Y SALUD EN EL TRABAJO","Femenino",5001,"Antioquia","Medellín","Colombia","Urbana"
1837,2110,"COLEGIO MAYOR DE ANTIOQUIA",2025,2,"Antiguo",107468,"TECNOLOGIA EN SEGURIDAD Y SALUD EN EL TRABAJO","Femenino",5001,"Antioquia","Medellín","Colombia","Urbana"
1838,2110,"COLEGIO MAYOR DE ANTIOQUIA",2025,2,"Antiguo",107468,"TECNOLOGIA EN SEGURIDAD Y SALUD EN EL TRABAJO","Femenino",5001,"Antioquia","Medellín","Colombia","Urbana"
1839,2110,"COLEGIO MAYOR DE ANTIOQUIA",2025,2,"Antiguo",107468,"TECNOLOGIA EN SEGURIDAD Y SALUD EN EL TRABAJO","Femenino",5001,"Antioquia","Medellín","Colombia","Urbana"
1840,2110,"COLEGIO MAYOR DE ANTIOQUIA",2025,2,"Antiguo",107468,"TECNOLOGIA EN SEGURIDAD Y SALUD EN EL TRABAJO","Femenino",5001,"Antioquia","Medellín","Colombia","Urbana"
1841,2110,"COLEGIO MAYOR DE ANTIOQUIA",2025,2,"Antiguo",107468,"TECNOLOGIA EN SEGURIDAD Y SALUD EN EL TRABAJO","Femenino",5001,"Antioquia","Medellín","Colombia","Urbana"
1842,2110,"COLEGIO MAYOR DE ANTIOQUIA",2025,2,"Antiguo",107468,"TECNOLOGIA EN SEGURIDAD Y SALUD EN EL TRABAJO","Femenino",5001,"Antioquia","Medellín","Colombia","Urbana"
1843,2110,"COLEGIO MAYOR DE ANTIOQUIA",2025,2,"Antiguo",107468,"TECNOLOGIA EN SEGURIDAD Y SALUD EN EL TRABAJO","Femenino",5001,"Antioquia","Medellín","Colombia","Urbana"
1844,2110,"COLEGIO MAYOR DE ANTIOQUIA",2025,2,"Antiguo",107468,"TECNOLOGIA EN SEGURIDAD Y SALUD EN EL TRABAJO","Femenino",5001,"Antioquia","Medellín","Colombia","Urbana"
1845,2110,"COLEGIO MAYOR DE ANTIOQUIA",2025,2,"Antiguo",107468,"TECNOLOGIA EN SEGURIDAD Y SALUD EN EL TRABAJO","Femenino",5001,"Antioquia","Medellín","Colombia","Urbana"
1846,2110,"COLEGIO MAYOR DE ANTIOQUIA",2025,2,"Antiguo",107468,"TECNOLOGIA EN SEGURIDAD Y SALUD EN EL TRABAJO","Femenino",5001,"Antioquia","Medellín","Colombia","Urbana"
1847,2110,"COLEGIO MAYOR DE ANTIOQUIA",2025,2,"Antiguo",107468,"TECNOLOGIA EN SEGURIDAD Y SALUD EN EL TRABAJO","Femenino",5001,"Antioquia","Medellín","Colombia","Urbana"
1848,2110,"COLEGIO MAYOR DE ANTIOQUIA",2025,2,"Antiguo",107468,"TECNOLOGIA EN SEGURIDAD Y SALUD EN EL TRABAJO","Masculino",5001,"Antioquia","Bello","Colombia","Urbana"
1849,2110,"COLEGIO MAYOR DE ANTIOQUIA",2025,2,"Antiguo",107468,"TECNOLOGIA EN SEGURIDAD Y SALUD EN EL TRABAJO","Femenino",5001,"Antioquia","Medellín","Colombia","Urbana"
1850,2110,"COLEGIO MAYOR DE ANTIOQUIA",2025,2,"Antiguo",107468,"TECNOLOGIA EN SEGURIDAD Y SALUD EN EL TRABAJO","Masculino",5001,"Antioquia","Medellín","Colombia","Urbana"
1851,2110,"COLEGIO MAYOR DE ANTIOQUIA",2025,2,"Antiguo",107468,"TECNOLOGIA EN SEGURIDAD Y SALUD EN EL TRABAJO","Femenino",5001,"Antioquia","Medellín","Colombia","Urbana"
1852,2110,"COLEGIO MAYOR DE ANTIOQUIA",2025,2,"Antiguo",107468,"TECNOLOGIA EN SEGURIDAD Y SALUD EN EL TRABAJO","Masculino",5001,"Antioquia","Medellín","Colombia","Urbana"
1853,2110,"COLEGIO MAYOR DE ANTIOQUIA",2025,2,"Antiguo",107468,"TECNOLOGIA EN SEGURIDAD Y SALUD EN EL TRABAJO","Femenino",5001,"Antioquia","Medellín","Colombia","Urbana"
1854,2110,"COLEGIO MAYOR DE ANTIOQUIA",2025,2,"Antiguo",107468,"TECNOLOGIA EN SEGURIDAD Y SALUD EN EL TRABAJO","Femenino",5001,"Antioquia","Medellín","Colombia","Urbana"
1855,2110,"COLEGIO MAYOR DE ANTIOQUIA",2025,2,"Antiguo",107468,"TECNOLOGIA EN SEGURIDAD Y SALUD EN EL TRABAJO","Femenino",5001,"Antioquia","Medellín","Colombia","Urbana"
1856,2110,"COLEGIO MAYOR DE ANTIOQUIA",2025,2,"Antiguo",107468,"TECNOLOGIA EN SEGURIDAD Y SALUD EN EL TRABAJO","Femenino",5001,"Antioquia","Medellín","Colombia","Urbana"
1857,2110,"COLEGIO MAYOR DE ANTIOQUIA",2025,2,"Antiguo",107468,"TECNOLOGIA EN SEGURIDAD Y SALUD EN EL TRABAJO","Femenino",5001,"Antioquia","Medellín","Colombia","Urbana"
1858,2110,"COLEGIO MAYOR DE ANTIOQUIA",2025,2,"Antiguo",107468,"TECNOLOGIA EN SEGURIDAD Y SALUD EN EL TRABAJO","Femenino",5001,"Antioquia","Medellín","Colombia","Urbana"
1859,2110,"COLEGIO MAYOR DE ANTIOQUIA",2025,2,"Antiguo",107468,"TECNOLOGIA EN SEGURIDAD Y SALUD EN EL TRABAJO","Femenino",5001,"Antioquia","Medellín","Colombia","Urbana"
1860,2110,"COLEGIO MAYOR DE ANTIOQUIA",2025,2,"Antiguo",107468,"TECNOLOGIA EN SEGURIDAD Y SALUD EN EL TRABAJO","Femenino",5001,"Antioquia","Medellín","Colombia","Urbana"
1861,2110,"COLEGIO MAYOR DE ANTIOQUIA",2025,2,"Antiguo",107468,"TECNOLOGIA EN SEGURIDAD Y SALUD EN EL TRABAJO","Masculino",5001,"Antioquia","Medellín","Colombia","Urbana"
1862,2110,"COLEGIO MAYOR DE ANTIOQUIA",2025,2,"Antiguo",107468,"TECNOLOGIA EN SEGURIDAD Y SALUD EN EL TRABAJO","Femenino",5001,"Antioquia","Medellín","Colombia","Urbana"
1863,2110,"COLEGIO MAYOR DE ANTIOQUIA",2025,2,"Antiguo",107468,"TECNOLOGIA EN SEGURIDAD Y SALUD EN EL TRABAJO","Femenino",5001,"Antioquia","Medellín","Colombia","Urbana"
1864,2110,"COLEGIO MAYOR DE ANTIOQUIA",2025,2,"Antiguo",107468,"TECNOLOGIA EN SEGURIDAD Y SALUD EN EL TRABAJO","Femenino",5001,"Antioquia","Medellín","Colombia","Urbana"
1865,2110,"COLEGIO MAYOR DE ANTIOQUIA",2025,2,"Antiguo",107468,"TECNOLOGIA EN SEGURIDAD Y SALUD EN EL TRABAJO","Femenino",5001,"Antioquia","Copacabana","Colombia","Urbana"
1866,2110,"COLEGIO MAYOR DE ANTIOQUIA",2025,2,"Antiguo",107468,"TECNOLOGIA EN SEGURIDAD Y SALUD EN EL TRABAJO","Femenino",5001,"Antioquia","Medellín","Colombia","Urbana"
1867,2110,"COLEGIO MAYOR DE ANTIOQUIA",2025,2,"Antiguo",107468,"TECNOLOGIA EN SEGURIDAD Y SALUD EN EL TRABAJO","Femenino",5001,"Antioquia","Medellín","Colombia","Urbana"
1868,2110,"COLEGIO MAYOR DE ANTIOQUIA",2025,2,"Antiguo",107468,"TECNOLOGIA EN SEGURIDAD Y SALUD EN EL TRABAJO","Femenino",5001,"Antioquia","Medellín","Colombia","Urbana"
1869,2110,"COLEGIO MAYOR DE ANTIOQUIA",2025,2,"Antiguo",107468,"TECNOLOGIA EN SEGURIDAD Y SALUD EN EL TRABAJO","Femenino",5001,"Antioquia","Medellín","Colombia","Urbana"
1870,2110,"COLEGIO MAYOR DE ANTIOQUIA",2025,2,"Antiguo",107468,"TECNOLOGIA EN SEGURIDAD Y SALUD EN EL TRABAJO","Masculino",5001,"Antioquia","Medellín","Colombia","Urbana"
1871,2110,"COLEGIO MAYOR DE ANTIOQUIA",2025,2,"Antiguo",107468,"TECNOLOGIA EN SEGURIDAD Y SALUD EN EL TRABAJO","Femenino",5001,"Antioquia","Medellín","Colombia","Urbana"
1872,2110,"COLEGIO MAYOR DE ANTIOQUIA",2025,2,"Antiguo",107468,"TECNOLOGIA EN SEGURIDAD Y SALUD EN EL TRABAJO","Femenino",5001,"Antioquia","Bello","Colombia","Urbana"
1873,2110,"COLEGIO MAYOR DE ANTIOQUIA",2025,2,"Antiguo",107468,"TECNOLOGIA EN SEGURIDAD Y SALUD EN EL TRABAJO","Femenino",5001,"Antioquia","Medellín","Colombia","Urbana"
1874,2110,"COLEGIO MAYOR DE ANTIOQUIA",2025,2,"Antiguo",107468,"TECNOLOGIA EN SEGURIDAD Y SALUD EN EL TRABAJO","Femenino",5001,"Antioquia","Medellín","Colombia","Urbana"
1875,2110,"COLEGIO MAYOR DE ANTIOQUIA",2025,2,"Antiguo",107468,"TECNOLOGIA EN SEGURIDAD Y SALUD EN EL TRABAJO","Masculino",5001,"Antioquia","Medellín","Colombia","Urbana"
1876,2110,"COLEGIO MAYOR DE ANTIOQUIA",2025,2,"Antiguo",107468,"TECNOLOGIA EN SEGURIDAD Y SALUD EN EL TRABAJO","Masculino",5001,"Antioquia","Medellín","Colombia","Urbana"
1877,2110,"COLEGIO MAYOR DE ANTIOQUIA",2025,2,"Antiguo",107468,"TECNOLOGIA EN SEGURIDAD Y SALUD EN EL TRABAJO","Masculino",5001,"Antioquia","Medellín","Colombia","Urbana"
1878,2110,"COLEGIO MAYOR DE ANTIOQUIA",2025,2,"Antiguo",107468,"TECNOLOGIA EN SEGURIDAD Y SALUD EN EL TRABAJO","Femenino",5001,"Antioquia","Medellín","Colombia","Urbana"
1879,2110,"COLEGIO MAYOR DE ANTIOQUIA",2025,2,"Antiguo",107468,"TECNOLOGIA EN SEGURIDAD Y SALUD EN EL TRABAJO","Femenino",5001,"Antioquia","Medellín","Colombia","Urbana"
1880,2110,"COLEGIO MAYOR DE ANTIOQUIA",2025,2,"Antiguo",107468,"TECNOLOGIA EN SEGURIDAD Y SALUD EN EL TRABAJO","Femenino",5001,"Antioquia","Medellín","Colombia","Urbana"
1881,2110,"COLEGIO MAYOR DE ANTIOQUIA",2025,2,"Antiguo",107468,"TECNOLOGIA EN SEGURIDAD Y SALUD EN EL TRABAJO","Femenino",5001,"Antioquia","Medellín","Colombia","Urbana"
1882,2110,"COLEGIO MAYOR DE ANTIOQUIA",2025,2,"Antiguo",107468,"TECNOLOGIA EN SEGURIDAD Y SALUD EN EL TRABAJO","Femenino",5001,"Antioquia","Medellín","Colombia","Urbana"
1883,2110,"COLEGIO MAYOR DE ANTIOQUIA",2025,2,"Antiguo",107468,"TECNOLOGIA EN SEGURIDAD Y SALUD EN EL TRABAJO","Femenino",5001,"Antioquia","Medellín","Colombia","Urbana"
1884,2110,"COLEGIO MAYOR DE ANTIOQUIA",2025,2,"Antiguo",107468,"TECNOLOGIA EN SEGURIDAD Y SALUD EN EL TRABAJO","Femenino",5001,"Antioquia","Medellín","Colombia","Urbana"
1885,2110,"COLEGIO MAYOR DE ANTIOQUIA",2025,2,"Antiguo",107468,"TECNOLOGIA EN SEGURIDAD Y SALUD EN EL TRABAJO","Femenino",5001,"Antioquia","Medellín","Colombia","Urbana"
1886,2110,"COLEGIO MAYOR DE ANTIOQUIA",2025,2,"Antiguo",107468,"TECNOLOGIA EN SEGURIDAD Y SALUD EN EL TRABAJO","Femenino",5001,"Antioquia","Medellín","Colombia","Urbana"
1887,2110,"COLEGIO MAYOR DE ANTIOQUIA",2025,2,"Antiguo",107468,"TECNOLOGIA EN SEGURIDAD Y SALUD EN EL TRABAJO","Femenino",5001,"Antioquia","Bello","Colombia","Urbana"
1888,2110,"COLEGIO MAYOR DE ANTIOQUIA",2025,2,"Antiguo",107468,"TECNOLOGIA EN SEGURIDAD Y SALUD EN EL TRABAJO","Femenino",5001,"Antioquia","Medellín","Colombia","Urbana"
1889,2110,"COLEGIO MAYOR DE ANTIOQUIA",2025,2,"Antiguo",107468,"TECNOLOGIA EN SEGURIDAD Y SALUD EN EL TRABAJO","Femenino",5001,"Antioquia","Medellín","Colombia","Urbana"
1890,2110,"COLEGIO MAYOR DE ANTIOQUIA",2025,2,"Antiguo",107468,"TECNOLOGIA EN SEGURIDAD Y SALUD EN EL TRABAJO","Femenino",5001,"Antioquia","Medellín","Colombia","Urbana"
1891,2110,"COLEGIO MAYOR DE ANTIOQUIA",2025,2,"Antiguo",107468,"TECNOLOGIA EN SEGURIDAD Y SALUD EN EL TRABAJO","Femenino",5001,"Antioquia","Medellín","Colombia","Urbana"
1892,2110,"COLEGIO MAYOR DE ANTIOQUIA",2025,2,"Antiguo",107468,"TECNOLOGIA EN SEGURIDAD Y SALUD EN EL TRABAJO","Femenino",5001,"Antioquia","San Pedro","Colombia","Urbana"
1893,2110,"COLEGIO MAYOR DE ANTIOQUIA",2025,2,"Antiguo",107468,"TECNOLOGIA EN SEGURIDAD Y SALUD EN EL TRABAJO","Femenino",5001,"Antioquia","Medellín","Colombia","Urbana"
1894,2110,"COLEGIO MAYOR DE ANTIOQUIA",2025,2,"Antiguo",107468,"TECNOLOGIA EN SEGURIDAD Y SALUD EN EL TRABAJO","Masculino",5001,"Antioquia","Barbosa","Colombia","Urbana"
1895,2110,"COLEGIO MAYOR DE ANTIOQUIA",2025,2,"Antiguo",107468,"TECNOLOGIA EN SEGURIDAD Y SALUD EN EL TRABAJO","Femenino",5001,"Antioquia","Entrerríos","Colombia","Urbana"
1896,2110,"COLEGIO MAYOR DE ANTIOQUIA",2025,2,"Antiguo",107468,"TECNOLOGIA EN SEGURIDAD Y SALUD EN EL TRABAJO","Femenino",5001,"Antioquia","Barbosa","Colombia","Urbana"
1897,2110,"COLEGIO MAYOR DE ANTIOQUIA",2025,2,"Antiguo",107468,"TECNOLOGIA EN SEGURIDAD Y SALUD EN EL TRABAJO","Femenino",5001,"Antioquia","Medellín","Colombia","Urbana"
1898,2110,"COLEGIO MAYOR DE ANTIOQUIA",2025,2,"Antiguo",107468,"TECNOLOGIA EN SEGURIDAD Y SALUD EN EL TRABAJO","Masculino",5001,"Antioquia","Medellín","Colombia","Urbana"
1899,2110,"COLEGIO MAYOR DE ANTIOQUIA",2025,2,"Antiguo",107468,"TECNOLOGIA EN SEGURIDAD Y SALUD EN EL TRABAJO","Femenino",5001,"Antioquia","Medellín","Colombia","Urbana"
1900,2110,"COLEGIO MAYOR DE ANTIOQUIA",2025,2,"Antiguo",107468,"TECNOLOGIA EN SEGURIDAD Y SALUD EN EL TRABAJO","Femenino",5001,"Antioquia","Medellín","Colombia","Urbana"
1901,2110,"COLEGIO MAYOR DE ANTIOQUIA",2025,2,"Antiguo",107468,"TECNOLOGIA EN SEGURIDAD Y SALUD EN EL TRABAJO","Femenino",5001,"Antioquia","Medellín","Colombia","Urbana"
1902,2110,"COLEGIO MAYOR DE ANTIOQUIA",2025,2,"Antiguo",107468,"TECNOLOGIA EN SEGURIDAD Y SALUD EN EL TRABAJO","Femenino",5001,"Antioquia","Medellín","Colombia","Urbana"
1903,2110,"COLEGIO MAYOR DE ANTIOQUIA",2025,2,"Antiguo",107468,"TECNOLOGIA EN SEGURIDAD Y SALUD EN EL TRABAJO","Masculino",5001,"Antioquia","Medellín","Colombia","Urbana"
1904,2110,"COLEGIO MAYOR DE ANTIOQUIA",2025,2,"Antiguo",107468,"TECNOLOGIA EN SEGURIDAD Y SALUD EN EL TRABAJO","Femenino",5001,"Antioquia","Medellín","Colombia","Urbana"
1905,2110,"COLEGIO MAYOR DE ANTIOQUIA",2025,2,"Antiguo",107468,"TECNOLOGIA EN SEGURIDAD Y SALUD EN EL TRABAJO","Femenino",5001,"Antioquia","Itagüí","Colombia","Urbana"
1906,2110,"COLEGIO MAYOR DE ANTIOQUIA",2025,2,"Antiguo",107468,"TECNOLOGIA EN SEGURIDAD Y SALUD EN EL TRABAJO","Femenino",5001,"Antioquia","Medellín","Colombia","Urbana"
1907,2110,"COLEGIO MAYOR DE ANTIOQUIA",2025,2,"Antiguo",107468,"TECNOLOGIA EN SEGURIDAD Y SALUD EN EL TRABAJO","Masculino",5001,"Antioquia","Medellín","Colombia","Urbana"
1908,2110,"COLEGIO MAYOR DE ANTIOQUIA",2025,2,"Antiguo",107468,"TECNOLOGIA EN SEGURIDAD Y SALUD EN EL TRABAJO","Femenino",5001,"Antioquia","Medellín","Colombia","Urbana"
1909,2110,"COLEGIO MAYOR DE ANTIOQUIA",2025,2,"Antiguo",107468,"TECNOLOGIA EN SEGURIDAD Y SALUD EN EL TRABAJO","Femenino",5001,"Antioquia","Medellín","Colombia","Urbana"
1910,2110,"COLEGIO MAYOR DE ANTIOQUIA",2025,2,"Antiguo",107468,"TECNOLOGIA EN SEGURIDAD Y SALUD EN EL TRABAJO","Masculino",5001,"Antioquia","Medellín","Colombia","Urbana"
1911,2110,"COLEGIO MAYOR DE ANTIOQUIA",2025,2,"Antiguo",107468,"TECNOLOGIA EN SEGURIDAD Y SALUD EN EL TRABAJO","Femenino",5001,"Antioquia","Medellín","Colombia","Urbana"
1912,2110,"COLEGIO MAYOR DE ANTIOQUIA",2025,2,"Antiguo",107468,"TECNOLOGIA EN SEGURIDAD Y SALUD EN EL TRABAJO","Masculino",5001,"Antioquia","Medellín","Colombia","Urbana"
1913,2110,"COLEGIO MAYOR DE ANTIOQUIA",2025,2,"Antiguo",107468,"TECNOLOGIA EN SEGURIDAD Y SALUD EN EL TRABAJO","Femenino",5001,"Antioquia","Medellín","Colombia","Urbana"
1914,2110,"COLEGIO MAYOR DE ANTIOQUIA",2025,2,"Antiguo",107468,"TECNOLOGIA EN SEGURIDAD Y SALUD EN EL TRABAJO","Femenino",5001,"Antioquia","Medellín","Colombia","Urbana"
1915,2110,"COLEGIO MAYOR DE ANTIOQUIA",2025,2,"Antiguo",107468,"TECNOLOGIA EN SEGURIDAD Y SALUD EN EL TRABAJO","Femenino",5001,"Antioquia","Medellín","Colombia","Urbana"
1916,2110,"COLEGIO MAYOR DE ANTIOQUIA",2025,2,"Antiguo",107468,"TECNOLOGIA EN SEGURIDAD Y SALUD EN EL TRABAJO","Femenino",5001,"Antioquia","Medellín","Colombia","Urbana"
1917,2110,"COLEGIO MAYOR DE ANTIOQUIA",2025,2,"Antiguo",107468,"TECNOLOGIA EN SEGURIDAD Y SALUD EN EL TRABAJO","Femenino",5001,"Antioquia","Medellín","Colombia","Urbana"
1918,2110,"COLEGIO MAYOR DE ANTIOQUIA",2025,2,"Antiguo",107468,"TECNOLOGIA EN SEGURIDAD Y SALUD EN EL TRABAJO","Femenino",5001,"Antioquia","Copacabana","Colombia","Urbana"
1919,2110,"COLEGIO MAYOR DE ANTIOQUIA",2025,2,"Antiguo",107468,"TECNOLOGIA EN SEGURIDAD Y SALUD EN EL TRABAJO","Masculino",5001,"Antioquia","Medellín","Colombia","Urbana"
1920,2110,"COLEGIO MAYOR DE ANTIOQUIA",2025,2,"Antiguo",107468,"TECNOLOGIA EN SEGURIDAD Y SALUD EN EL TRABAJO","Femenino",5001,"Antioquia","Medellín","Colombia","Urbana"
1921,2110,"COLEGIO MAYOR DE ANTIOQUIA",2025,2,"Antiguo",107468,"TECNOLOGIA EN SEGURIDAD Y SALUD EN EL TRABAJO","Femenino",5001,"Antioquia","Bello","Colombia","Urbana"
1922,2110,"COLEGIO MAYOR DE ANTIOQUIA",2025,2,"Antiguo",107468,"TECNOLOGIA EN SEGURIDAD Y SALUD EN EL TRABAJO","Masculino",5001,"Antioquia","Medellín","Colombia","Urbana"
1923,2110,"COLEGIO MAYOR DE ANTIOQUIA",2025,2,"Antiguo",107468,"TECNOLOGIA EN SEGURIDAD Y SALUD EN EL TRABAJO","Femenino",5001,"Antioquia","Medellín","Colombia","Urbana"
1924,2110,"COLEGIO MAYOR DE ANTIOQUIA",2025,2,"Antiguo",107468,"TECNOLOGIA EN SEGURIDAD Y SALUD EN EL TRABAJO","Femenino",5001,"Antioquia","Medellín","Colombia","Urbana"
1925,2110,"COLEGIO MAYOR DE ANTIOQUIA",2025,2,"Antiguo",107468,"TECNOLOGIA EN SEGURIDAD Y SALUD EN EL TRABAJO","Femenino",5001,"Antioquia","Medellín","Colombia","Urbana"
1926,2110,"COLEGIO MAYOR DE ANTIOQUIA",2025,2,"Antiguo",107468,"TECNOLOGIA EN SEGURIDAD Y SALUD EN EL TRABAJO","Femenino",5001,"Antioquia","Medellín","Colombia","Urbana"
1927,2110,"COLEGIO MAYOR DE ANTIOQUIA",2025,2,"Antiguo",107468,"TECNOLOGIA EN SEGURIDAD Y SALUD EN EL TRABAJO","Femenino",5001,"Antioquia","Medellín","Colombia","Urbana"
1928,2110,"COLEGIO MAYOR DE ANTIOQUIA",2025,2,"Antiguo",107468,"TECNOLOGIA EN SEGURIDAD Y SALUD EN EL TRABAJO","Femenino",5001,"Antioquia","Medellín","Colombia","Urbana"
1929,2110,"COLEGIO MAYOR DE ANTIOQUIA",2025,2,"Antiguo",107468,"TECNOLOGIA EN SEGURIDAD Y SALUD EN EL TRABAJO","Femenino",5001,"Antioquia","Sabaneta","Colombia","Urbana"
1930,2110,"COLEGIO MAYOR DE ANTIOQUIA",2025,2,"Antiguo",107468,"TECNOLOGIA EN SEGURIDAD Y SALUD EN EL TRABAJO","Femenino",5001,"Antioquia","Medellín","Colombia","Urbana"
1931,2110,"COLEGIO MAYOR DE ANTIOQUIA",2025,2,"Reingreso",107468,"TECNOLOGIA EN SEGURIDAD Y SALUD EN EL TRABAJO","Femenino",5001,"Antioquia","Medellín","Colombia","Urbana"
1932,2110,"COLEGIO MAYOR DE ANTIOQUIA",2025,2,"Reingreso",107468,"TECNOLOGIA EN SEGURIDAD Y SALUD EN EL TRABAJO","Femenino",5001,"Antioquia","Medellín","Colombia","Urbana"
1933,2110,"COLEGIO MAYOR DE ANTIOQUIA",2025,2,"Reingreso",107468,"TECNOLOGIA EN SEGURIDAD Y SALUD EN EL TRABAJO","Femenino",5001,"Antioquia","Medellín","Colombia","Urbana"
1934,2110,"COLEGIO MAYOR DE ANTIOQUIA",2025,2,"Reingreso",107468,"TECNOLOGIA EN SEGURIDAD Y SALUD EN EL TRABAJO","Masculino",5001,"Antioquia","Medellín","Colombia","Urbana"
1935,2110,"COLEGIO MAYOR DE ANTIOQUIA",2025,2,"Reintegro",107468,"TECNOLOGIA EN SEGURIDAD Y SALUD EN EL TRABAJO","Femenino",5001,"Antioquia","Medellín","Colombia","Urbana"
1936,2110,"COLEGIO MAYOR DE ANTIOQUIA",2025,2,"Nuevo",116074,"MAESTRÍA EN BIOTECNOLOGÍA Y BIOECONOMÍA","Masculino",5001,"Antioquia","Medellín","Colombia","Urbana"
1937,2110,"COLEGIO MAYOR DE ANTIOQUIA",2025,2,"Nuevo",116074,"MAESTRÍA EN BIOTECNOLOGÍA Y BIOECONOMÍA","Masculino",5001,"Caldas","Manizales","Colombia","Urbana"
1938,2110,"COLEGIO MAYOR DE ANTIOQUIA",2025,2,"Nuevo",116074,"MAESTRÍA EN BIOTECNOLOGÍA Y BIOECONOMÍA","Femenino",5001,"Antioquia","Medellín","Colombia","Urbana"
1939,2110,"COLEGIO MAYOR DE ANTIOQUIA",2025,2,"Nuevo",116074,"MAESTRÍA EN BIOTECNOLOGÍA Y BIOECONOMÍA","Masculino",5001,"Antioquia","Medellín","Colombia","Urbana"
1940,2110,"COLEGIO MAYOR DE ANTIOQUIA",2025,2,"Nuevo",116074,"MAESTRÍA EN BIOTECNOLOGÍA Y BIOECONOMÍA","Femenino",5001,"Antioquia","Medellín","Colombia","Urbana"
1941,2110,"COLEGIO MAYOR DE ANTIOQUIA",2025,2,"Antiguo",116074,"MAESTRÍA EN BIOTECNOLOGÍA Y BIOECONOMÍA","Femenino",5001,"Antioquia","Medellín","Colombia","Urbana"
1942,2110,"COLEGIO MAYOR DE ANTIOQUIA",2025,2,"Antiguo",116074,"MAESTRÍA EN BIOTECNOLOGÍA Y BIOECONOMÍA","Femenino",5001,"Antioquia","Medellín","Colombia","Urbana"
1943,2110,"COLEGIO MAYOR DE ANTIOQUIA",2025,2,"Antiguo",116074,"MAESTRÍA EN BIOTECNOLOGÍA Y BIOECONOMÍA","Femenino",5001,"Antioquia","Medellín","Colombia","Urbana"
1944,2110,"COLEGIO MAYOR DE ANTIOQUIA",2025,2,"Antiguo",116074,"MAESTRÍA EN BIOTECNOLOGÍA Y BIOECONOMÍA","Femenino",5001,"Antioquia","Medellín","Colombia","Urbana"
1945,2110,"COLEGIO MAYOR DE ANTIOQUIA",2025,2,"Antiguo",116074,"MAESTRÍA EN BIOTECNOLOGÍA Y BIOECONOMÍA","Masculino",5001,"Antioquia","Medellín","Colombia","Urbana"
1946,2110,"COLEGIO MAYOR DE ANTIOQUIA",2025,2,"Antiguo",116074,"MAESTRÍA EN BIOTECNOLOGÍA Y BIOECONOMÍA","Masculino",5001,"Antioquia","Medellín","Colombia","Urbana"
1947,2110,"COLEGIO MAYOR DE ANTIOQUIA",2025,2,"Antiguo",116074,"MAESTRÍA EN BIOTECNOLOGÍA Y BIOECONOMÍA","Masculino",5001,"Antioquia","Medellín","Colombia","Urbana"
1948,2110,"COLEGIO MAYOR DE ANTIOQUIA",2025,2,"Antiguo",116074,"MAESTRÍA EN BIOTECNOLOGÍA Y BIOECONOMÍA","Femenino",5001,"Antioquia","Medellín","Colombia","Urbana"
1949,2110,"COLEGIO MAYOR DE ANTIOQUIA",2025,2,"Antiguo",116074,"MAESTRÍA EN BIOTECNOLOGÍA Y BIOECONOMÍA","Femenino",5001,"Antioquia","Medellín","Colombia","Urbana"
1950,2110,"COLEGIO MAYOR DE ANTIOQUIA",2025,2,"Antiguo",116074,"MAESTRÍA EN BIOTECNOLOGÍA Y BIOECONOMÍA","Femenino",5001,"Antioquia","Medellín","Colombia","Urbana"
1951,2110,"COLEGIO MAYOR DE ANTIOQUIA",2025,2,"Antiguo",116074,"MAESTRÍA EN BIOTECNOLOGÍA Y BIOECONOMÍA","Femenino",5001,"Antioquia","Medellín","Colombia","Urbana"
1952,2110,"COLEGIO MAYOR DE ANTIOQUIA",2025,2,"Nuevo",117472,"MAESTRÍA EN MICROBIOLOGÍA CLÍNICA - ÉNFASIS EN PROFUNDIZACIÓN","Masculino",5001,"Antioquia","Medellín","Colombia","Urbana"
1953,2110,"COLEGIO MAYOR DE ANTIOQUIA",2025,2,"Nuevo",117472,"MAESTRÍA EN MICROBIOLOGÍA CLÍNICA - ÉNFASIS EN PROFUNDIZACIÓN","Femenino",5001,"Antioquia","Medellín","Colombia","Urbana"
1954,2110,"COLEGIO MAYOR DE ANTIOQUIA",2025,2,"Nuevo",117472,"MAESTRÍA EN MICROBIOLOGÍA CLÍNICA - ÉNFASIS EN PROFUNDIZACIÓN","Femenino",5001,"Antioquia","Bello","Colombia","Urbana"
1955,2110,"COLEGIO MAYOR DE ANTIOQUIA",2025,2,"Nuevo",117472,"MAESTRÍA EN MICROBIOLOGÍA CLÍNICA - ÉNFASIS EN PROFUNDIZACIÓN","Masculino",5001,"Antioquia","Medellín","Colombia","Urbana"
1956,2110,"COLEGIO MAYOR DE ANTIOQUIA",2025,2,"Nuevo",117472,"MAESTRÍA EN MICROBIOLOGÍA CLÍNICA - ÉNFASIS EN PROFUNDIZACIÓN","Femenino",5001,"Antioquia","Medellín","Colombia","Urbana"
1957,2110,"COLEGIO MAYOR DE ANTIOQUIA",2025,2,"Nuevo",117472,"MAESTRÍA EN MICROBIOLOGÍA CLÍNICA - ÉNFASIS EN PROFUNDIZACIÓN","Femenino",5001,"Antioquia","Medellín","Colombia","Urbana"
1958,2110,"COLEGIO MAYOR DE ANTIOQUIA",2025,2,"Nuevo",117472,"MAESTRÍA EN MICROBIOLOGÍA CLÍNICA - ÉNFASIS EN PROFUNDIZACIÓN","Femenino",5001,"Antioquia","Ríonegro","Colombia","Urbana"
1959,2110,"COLEGIO MAYOR DE ANTIOQUIA",2025,2,"Nuevo",117472,"MAESTRÍA EN MICROBIOLOGÍA CLÍNICA - ÉNFASIS EN PROFUNDIZACIÓN","Masculino",5001,"Antioquia","Medellín","Colombia","Urbana"
1960,2110,"COLEGIO MAYOR DE ANTIOQUIA",2025,2,"Nuevo",117665,"MAESTRÍA EN MICROBIOLOGÍA CLÍNICA - ÉNFASIS EN INVESTIGACIÓN","Femenino",5001,"Antioquia","Medellín","Colombia","Urbana"
1961,2110,"COLEGIO MAYOR DE ANTIOQUIA",2025,2,"Nuevo",117665,"MAESTRÍA EN MICROBIOLOGÍA CLÍNICA - ÉNFASIS EN INVESTIGACIÓN","Masculino",5001,"Antioquia","Medellín","Colombia","Urbana"
1962,2110,"COLEGIO MAYOR DE ANTIOQUIA",2025,2,"Nuevo",117665,"MAESTRÍA EN MICROBIOLOGÍA CLÍNICA - ÉNFASIS EN INVESTIGACIÓN","Femenino",5001,"Antioquia","Medellín","Colombia","Urbana"
1963,2110,"COLEGIO MAYOR DE ANTIOQUIA",2025,2,"Nuevo",117665,"MAESTRÍA EN MICROBIOLOGÍA CLÍNICA - ÉNFASIS EN INVESTIGACIÓN","Masculino",5001,"Antioquia","Medellín","Colombia","Urbana"
1964,2110,"COLEGIO MAYOR DE ANTIOQUIA",2025,2,"Nuevo",117539,"MAESTRÍA EN HEMATOLOGÍA EN EL LABORATORIO CLÍNICO Y BANCO DE SANGRE","Femenino",5001,"Antioquia","Bello","Colombia","Urbana"
1965,2110,"COLEGIO MAYOR DE ANTIOQUIA",2025,2,"Nuevo",117539,"MAESTRÍA EN HEMATOLOGÍA EN EL LABORATORIO CLÍNICO Y BANCO DE SANGRE","Masculino",5001,"Antioquia","Medellín","Colombia","Urbana"
1966,2110,"COLEGIO MAYOR DE ANTIOQUIA",2025,2,"Nuevo",117539,"MAESTRÍA EN HEMATOLOGÍA EN EL LABORATORIO CLÍNICO Y BANCO DE SANGRE","Masculino",5001,"Antioquia","Medellín","Colombia","Urbana"
1967,2110,"COLEGIO MAYOR DE ANTIOQUIA",2025,2,"Nuevo",117539,"MAESTRÍA EN HEMATOLOGÍA EN EL LABORATORIO CLÍNICO Y BANCO DE SANGRE","Femenino",5001,"Antioquia","Medellín","Colombia","Urbana"
1968,2110,"COLEGIO MAYOR DE ANTIOQUIA",2025,2,"Nuevo",117539,"MAESTRÍA EN HEMATOLOGÍA EN EL LABORATORIO CLÍNICO Y BANCO DE SANGRE","Femenino",5001,"Santander","Floridablanca","Colombia","Urbana"
1969,2110,"COLEGIO MAYOR DE ANTIOQUIA",2025,2,"Nuevo",117539,"MAESTRÍA EN HEMATOLOGÍA EN EL LABORATORIO CLÍNICO Y BANCO DE SANGRE","Femenino",5001,"Antioquia","Medellín","Colombia","Urbana"
1970,2110,"COLEGIO MAYOR DE ANTIOQUIA",2025,2,"Nuevo",117539,"MAESTRÍA EN HEMATOLOGÍA EN EL LABORATORIO CLÍNICO Y BANCO DE SANGRE","Femenino",5001,"Córdoba","Monteria","Colombia","Urbana"
1971,2110,"COLEGIO MAYOR DE ANTIOQUIA",2025,2,"Nuevo",117539,"MAESTRÍA EN HEMATOLOGÍA EN EL LABORATORIO CLÍNICO Y BANCO DE SANGRE","Femenino",5001,"Antioquia","Ríonegro","Colombia","Urbana"
1972,2110,"COLEGIO MAYOR DE ANTIOQUIA",2025,2,"Antiguo",1724,"TECNOLOGIA EN DELINEANTE DE ARQUITECTURA E INGENIERIA","Masculino",5001,"Antioquia","Medellín","Colombia","Urbana"
1973,2110,"COLEGIO MAYOR DE ANTIOQUIA",2025,2,"Antiguo",1724,"TECNOLOGIA EN DELINEANTE DE ARQUITECTURA E INGENIERIA","Masculino",5001,"Antioquia","Medellín","Colombia","Urbana"
1974,2110,"COLEGIO MAYOR DE ANTIOQUIA",2025,2,"Reintegro",1724,"TECNOLOGIA EN DELINEANTE DE ARQUITECTURA E INGENIERIA","Masculino",5001,"Antioquia","Bello","Colombia","Urbana"
1975,2110,"COLEGIO MAYOR DE ANTIOQUIA",2025,2,"Reintegro",1724,"TECNOLOGIA EN DELINEANTE DE ARQUITECTURA E INGENIERIA","Femenino",5001,"Antioquia","Medellín","Colombia","Urbana"
1976,2110,"COLEGIO MAYOR DE ANTIOQUIA",2025,2,"Nuevo",1724,"TECNOLOGIA EN DELINEANTE DE ARQUITECTURA E INGENIERIA","Masculino",5001,"Antioquia","Medellín","Colombia","Urbana"
1977,2110,"COLEGIO MAYOR DE ANTIOQUIA",2025,2,"Nuevo",1724,"TECNOLOGIA EN DELINEANTE DE ARQUITECTURA E INGENIERIA","Femenino",5001,"Antioquia","Bello","Colombia","Urbana"
1978,2110,"COLEGIO MAYOR DE ANTIOQUIA",2025,2,"Nuevo",1724,"TECNOLOGIA EN DELINEANTE DE ARQUITECTURA E INGENIERIA","Masculino",5001,"Antioquia","San Pedro","Colombia","Urbana"
1979,2110,"COLEGIO MAYOR DE ANTIOQUIA",2025,2,"Nuevo",1724,"TECNOLOGIA EN DELINEANTE DE ARQUITECTURA E INGENIERIA","Masculino",5001,"Antioquia","Medellín","Colombia","Urbana"
1980,2110,"COLEGIO MAYOR DE ANTIOQUIA",2025,2,"Nuevo",1724,"TECNOLOGIA EN DELINEANTE DE ARQUITECTURA E INGENIERIA","Femenino",5001,"Antioquia","Medellín","Colombia","Urbana"
1981,2110,"COLEGIO MAYOR DE ANTIOQUIA",2025,2,"Nuevo",1724,"TECNOLOGIA EN DELINEANTE DE ARQUITECTURA E INGENIERIA","Femenino",5001,"Antioquia","Medellín","Colombia","Urbana"
1982,2110,"COLEGIO MAYOR DE ANTIOQUIA",2025,2,"Nuevo",1724,"TECNOLOGIA EN DELINEANTE DE ARQUITECTURA E INGENIERIA","Masculino",5001,"Antioquia","Medellín","Colombia","Urbana"
1983,2110,"COLEGIO MAYOR DE ANTIOQUIA",2025,2,"Nuevo",1724,"TECNOLOGIA EN DELINEANTE DE ARQUITECTURA E INGENIERIA","Femenino",5001,"Antioquia","Medellín","Colombia","Urbana"
1984,2110,"COLEGIO MAYOR DE ANTIOQUIA",2025,2,"Nuevo",1724,"TECNOLOGIA EN DELINEANTE DE ARQUITECTURA E INGENIERIA","Femenino",5001,"Antioquia","Medellín","Colombia","Urbana"
1985,2110,"COLEGIO MAYOR DE ANTIOQUIA",2025,2,"Nuevo",1724,"TECNOLOGIA EN DELINEANTE DE ARQUITECTURA E INGENIERIA","Femenino",5001,"Antioquia","Medellín","Colombia","Urbana"
1986,2110,"COLEGIO MAYOR DE ANTIOQUIA",2025,2,"Nuevo",1724,"TECNOLOGIA EN DELINEANTE DE ARQUITECTURA E INGENIERIA","Femenino",5001,"Antioquia","Medellín","Colombia","Urbana"
1987,2110,"COLEGIO MAYOR DE ANTIOQUIA",2025,2,"Nuevo",1724,"TECNOLOGIA EN DELINEANTE DE ARQUITECTURA E INGENIERIA","Femenino",5001,"Antioquia","Medellín","Colombia","Urbana"
1988,2110,"COLEGIO MAYOR DE ANTIOQUIA",2025,2,"Nuevo",1724,"TECNOLOGIA EN DELINEANTE DE ARQUITECTURA E INGENIERIA","Femenino",5001,"Antioquia","Medellín","Colombia","Urbana"
1989,2110,"COLEGIO MAYOR DE ANTIOQUIA",2025,2,"Nuevo",1724,"TECNOLOGIA EN DELINEANTE DE ARQUITECTURA E INGENIERIA","Femenino",5001,"Antioquia","Medellín","Colombia","Urbana"
1990,2110,"COLEGIO MAYOR DE ANTIOQUIA",2025,2,"Nuevo",1724,"TECNOLOGIA EN DELINEANTE DE ARQUITECTURA E INGENIERIA","Femenino",5001,"Antioquia","Caucasia","Colombia","Urbana"
1991,2110,"COLEGIO MAYOR DE ANTIOQUIA",2025,2,"Nuevo",1724,"TECNOLOGIA EN DELINEANTE DE ARQUITECTURA E INGENIERIA","Femenino",5001,"Antioquia","Medellín","Colombia","Urbana"
1992,2110,"COLEGIO MAYOR DE ANTIOQUIA",2025,2,"Nuevo",1724,"TECNOLOGIA EN DELINEANTE DE ARQUITECTURA E INGENIERIA","Femenino",5001,"Antioquia","El Bagre","Colombia","Urbana"
1993,2110,"COLEGIO MAYOR DE ANTIOQUIA",2025,2,"Nuevo",1724,"TECNOLOGIA EN DELINEANTE DE ARQUITECTURA E INGENIERIA","Femenino",5001,"Antioquia","Medellín","Colombia","Urbana"
1994,2110,"COLEGIO MAYOR DE ANTIOQUIA",2025,2,"Nuevo",1724,"TECNOLOGIA EN DELINEANTE DE ARQUITECTURA E INGENIERIA","Femenino",5001,"Antioquia","Medellín","Colombia","Urbana"
1995,2110,"COLEGIO MAYOR DE ANTIOQUIA",2025,2,"Nuevo",1724,"TECNOLOGIA EN DELINEANTE DE ARQUITECTURA E INGENIERIA","Masculino",5001,"Antioquia","Medellín","Colombia","Urbana"
1996,2110,"COLEGIO MAYOR DE ANTIOQUIA",2025,2,"Nuevo",1724,"TECNOLOGIA EN DELINEANTE DE ARQUITECTURA E INGENIERIA","Femenino",5001,"Antioquia","Medellín","Colombia","Urbana"
1997,2110,"COLEGIO MAYOR DE ANTIOQUIA",2025,2,"Nuevo",1724,"TECNOLOGIA EN DELINEANTE DE ARQUITECTURA E INGENIERIA","Femenino",5001,"Antioquia","Medellín","Colombia","Urbana"
1998,2110,"COLEGIO MAYOR DE ANTIOQUIA",2025,2,"Nuevo",1724,"TECNOLOGIA EN DELINEANTE DE ARQUITECTURA E INGENIERIA","Femenino",5001,"Antioquia","Chigorodó","Colombia","Urbana"
1999,2110,"COLEGIO MAYOR DE ANTIOQUIA",2025,2,"Nuevo",1724,"TECNOLOGIA EN DELINEANTE DE ARQUITECTURA E INGENIERIA","Femenino",5001,"Antioquia","Bello","Colombia","Urbana"
2000,2110,"COLEGIO MAYOR DE ANTIOQUIA",2025,2,"Nuevo",1724,"TECNOLOGIA EN DELINEANTE DE ARQUITECTURA E INGENIERIA","Masculino",5001,"Antioquia","Medellín","Colombia","Urbana"
2001,2110,"COLEGIO MAYOR DE ANTIOQUIA",2025,2,"Nuevo",1724,"TECNOLOGIA EN DELINEANTE DE ARQUITECTURA E INGENIERIA","Femenino",5001,"Antioquia","Medellín","Colombia","Urbana"
2002,2110,"COLEGIO MAYOR DE ANTIOQUIA",2025,2,"Nuevo",1724,"TECNOLOGIA EN DELINEANTE DE ARQUITECTURA E INGENIERIA","Femenino",5001,"Antioquia","Medellín","Colombia","Urbana"
2003,2110,"COLEGIO MAYOR DE ANTIOQUIA",2025,2,"Nuevo",1724,"TECNOLOGIA EN DELINEANTE DE ARQUITECTURA E INGENIERIA","Femenino",5001,"Antioquia","Medellín","Colombia","Urbana"
2004,2110,"COLEGIO MAYOR DE ANTIOQUIA",2025,2,"Nuevo",1724,"TECNOLOGIA EN DELINEANTE DE ARQUITECTURA E INGENIERIA","Masculino",5001,"Antioquia","Medellín","Colombia","Urbana"
2005,2110,"COLEGIO MAYOR DE ANTIOQUIA",2025,2,"Nuevo",1724,"TECNOLOGIA EN DELINEANTE DE ARQUITECTURA E INGENIERIA","Femenino",5001,"Antioquia","Medellín","Colombia","Urbana"
2006,2110,"COLEGIO MAYOR DE ANTIOQUIA",2025,2,"Nuevo",1724,"TECNOLOGIA EN DELINEANTE DE ARQUITECTURA E INGENIERIA","Masculino",5001,"Antioquia","Medellín","Colombia","Urbana"
2007,2110,"COLEGIO MAYOR DE ANTIOQUIA",2025,2,"Nuevo",1724,"TECNOLOGIA EN DELINEANTE DE ARQUITECTURA E INGENIERIA","Femenino",5001,"Antioquia","San Pedro","Colombia","Urbana"
2008,2110,"COLEGIO MAYOR DE ANTIOQUIA",2025,2,"Nuevo",1724,"TECNOLOGIA EN DELINEANTE DE ARQUITECTURA E INGENIERIA","Femenino",5001,"Antioquia","Medellín","Colombia","Urbana"
2009,2110,"COLEGIO MAYOR DE ANTIOQUIA",2025,2,"Nuevo",1724,"TECNOLOGIA EN DELINEANTE DE ARQUITECTURA E INGENIERIA","Masculino",5001,"Antioquia","Marinilla","Colombia","Urbana"
2010,2110,"COLEGIO MAYOR DE ANTIOQUIA",2025,2,"Nuevo",1724,"TECNOLOGIA EN DELINEANTE DE ARQUITECTURA E INGENIERIA","Masculino",5001,"Antioquia","Medellín","Colombia","Urbana"
2011,2110,"COLEGIO MAYOR DE ANTIOQUIA",2025,2,"Nuevo",1724,"TECNOLOGIA EN DELINEANTE DE ARQUITECTURA E INGENIERIA","Femenino",5001,"Antioquia","Medellín","Colombia","Urbana"
2012,2110,"COLEGIO MAYOR DE ANTIOQUIA",2025,2,"Nuevo",1724,"TECNOLOGIA EN DELINEANTE DE ARQUITECTURA E INGENIERIA","Femenino",5001,"Antioquia","Bello","Colombia","Urbana"
2013,2110,"COLEGIO MAYOR DE ANTIOQUIA",2025,2,"Nuevo",1724,"TECNOLOGIA EN DELINEANTE DE ARQUITECTURA E INGENIERIA","Femenino",5001,"Antioquia","Medellín","Colombia","Urbana"
2014,2110,"COLEGIO MAYOR DE ANTIOQUIA",2025,2,"Nuevo",1724,"TECNOLOGIA EN DELINEANTE DE ARQUITECTURA E INGENIERIA","Femenino",5001,"Antioquia","Medellín","Colombia","Urbana"
2015,2110,"COLEGIO MAYOR DE ANTIOQUIA",2025,2,"Nuevo",1724,"TECNOLOGIA EN DELINEANTE DE ARQUITECTURA E INGENIERIA","Femenino",5001,"Antioquia","Medellín","Colombia","Urbana"
2016,2110,"COLEGIO MAYOR DE ANTIOQUIA",2025,2,"Nuevo",1724,"TECNOLOGIA EN DELINEANTE DE ARQUITECTURA E INGENIERIA","Femenino",5001,"Antioquia","Medellín","Colombia","Urbana"
2017,2110,"COLEGIO MAYOR DE ANTIOQUIA",2025,2,"Nuevo",1724,"TECNOLOGIA EN DELINEANTE DE ARQUITECTURA E INGENIERIA","Femenino",5001,"Antioquia","Medellín","Colombia","Urbana"
2018,2110,"COLEGIO MAYOR DE ANTIOQUIA",2025,2,"Nuevo",1724,"TECNOLOGIA EN DELINEANTE DE ARQUITECTURA E INGENIERIA","Masculino",5001,"Antioquia","Itagüí","Colombia","Urbana"
2019,2110,"COLEGIO MAYOR DE ANTIOQUIA",2025,2,"Nuevo",1724,"TECNOLOGIA EN DELINEANTE DE ARQUITECTURA E INGENIERIA","Femenino",5001,"Antioquia","Medellín","Colombia","Urbana"
2020,2110,"COLEGIO MAYOR DE ANTIOQUIA",2025,2,"Nuevo",1724,"TECNOLOGIA EN DELINEANTE DE ARQUITECTURA E INGENIERIA","Masculino",5001,"Chocó","Nuquí","Colombia","Urbana"
2021,2110,"COLEGIO MAYOR DE ANTIOQUIA",2025,2,"Nuevo",1724,"TECNOLOGIA EN DELINEANTE DE ARQUITECTURA E INGENIERIA","Masculino",5001,"Antioquia","Bello","Colombia","Urbana"
2022,2110,"COLEGIO MAYOR DE ANTIOQUIA",2025,2,"Nuevo",1724,"TECNOLOGIA EN DELINEANTE DE ARQUITECTURA E INGENIERIA","Masculino",5001,"Antioquia","Medellín","Colombia","Urbana"
2023,2110,"COLEGIO MAYOR DE ANTIOQUIA",2025,2,"Nuevo",1724,"TECNOLOGIA EN DELINEANTE DE ARQUITECTURA E INGENIERIA","Masculino",5001,"Antioquia","Medellín","Colombia","Urbana"
2024,2110,"COLEGIO MAYOR DE ANTIOQUIA",2025,2,"Nuevo",1724,"TECNOLOGIA EN DELINEANTE DE ARQUITECTURA E INGENIERIA","Masculino",5001,"Antioquia","Medellín","Colombia","Urbana"
2025,2110,"COLEGIO MAYOR DE ANTIOQUIA",2025,2,"Nuevo",1724,"TECNOLOGIA EN DELINEANTE DE ARQUITECTURA E INGENIERIA","Femenino",5001,"Antioquia","Medellín","Colombia","Urbana"
2026,2110,"COLEGIO MAYOR DE ANTIOQUIA",2025,2,"Nuevo",1724,"TECNOLOGIA EN DELINEANTE DE ARQUITECTURA E INGENIERIA","Masculino",5001,"Antioquia","Medellín","Colombia","Urbana"
2027,2110,"COLEGIO MAYOR DE ANTIOQUIA",2025,2,"Nuevo",1724,"TECNOLOGIA EN DELINEANTE DE ARQUITECTURA E INGENIERIA","Masculino",5001,"Antioquia","Medellín","Colombia","Urbana"
2028,2110,"COLEGIO MAYOR DE ANTIOQUIA",2025,2,"Nuevo",1724,"TECNOLOGIA EN DELINEANTE DE ARQUITECTURA E INGENIERIA","Femenino",5001,"Antioquia","Bello","Colombia","Urbana"
2029,2110,"COLEGIO MAYOR DE ANTIOQUIA",2025,2,"Nuevo",1724,"TECNOLOGIA EN DELINEANTE DE ARQUITECTURA E INGENIERIA","Femenino",5001,"Antioquia","Medellín","Colombia","Urbana"
2030,2110,"COLEGIO MAYOR DE ANTIOQUIA",2025,2,"Nuevo",1724,"TECNOLOGIA EN DELINEANTE DE ARQUITECTURA E INGENIERIA","Masculino",5001,"Antioquia","Medellín","Colombia","Urbana"
2031,2110,"COLEGIO MAYOR DE ANTIOQUIA",2025,2,"Nuevo",1724,"TECNOLOGIA EN DELINEANTE DE ARQUITECTURA E INGENIERIA","Femenino",5001,"Antioquia","Medellín","Colombia","Urbana"
2032,2110,"COLEGIO MAYOR DE ANTIOQUIA",2025,2,"Nuevo",1724,"TECNOLOGIA EN DELINEANTE DE ARQUITECTURA E INGENIERIA","Masculino",5001,"Antioquia","Medellín","Colombia","Urbana"
2033,2110,"COLEGIO MAYOR DE ANTIOQUIA",2025,2,"Nuevo",1724,"TECNOLOGIA EN DELINEANTE DE ARQUITECTURA E INGENIERIA","Masculino",5001,"Antioquia","Itagüí","Colombia","Urbana"
2034,2110,"COLEGIO MAYOR DE ANTIOQUIA",2025,2,"Nuevo",1724,"TECNOLOGIA EN DELINEANTE DE ARQUITECTURA E INGENIERIA","Masculino",5001,"Antioquia","Medellín","Colombia","Urbana"
2035,2110,"COLEGIO MAYOR DE ANTIOQUIA",2025,2,"Nuevo",1724,"TECNOLOGIA EN DELINEANTE DE ARQUITECTURA E INGENIERIA","Femenino",5001,"Antioquia","Medellín","Colombia","Urbana"
2036,2110,"COLEGIO MAYOR DE ANTIOQUIA",2025,2,"Nuevo",1724,"TECNOLOGIA EN DELINEANTE DE ARQUITECTURA E INGENIERIA","Femenino",5001,"Antioquia","Sabaneta","Colombia","Urbana"
2037,2110,"COLEGIO MAYOR DE ANTIOQUIA",2025,2,"Nuevo",1724,"TECNOLOGIA EN DELINEANTE DE ARQUITECTURA E INGENIERIA","Masculino",5001,"Antioquia","Medellín","Colombia","Urbana"
2038,2110,"COLEGIO MAYOR DE ANTIOQUIA",2025,2,"Nuevo",1724,"TECNOLOGIA EN DELINEANTE DE ARQUITECTURA E INGENIERIA","Masculino",5001,"Antioquia","Bello","Colombia","Urbana"
2039,2110,"COLEGIO MAYOR DE ANTIOQUIA",2025,2,"Nuevo",1724,"TECNOLOGIA EN DELINEANTE DE ARQUITECTURA E INGENIERIA","Femenino",5001,"Antioquia","Medellín","Colombia","Urbana"
2040,2110,"COLEGIO MAYOR DE ANTIOQUIA",2025,2,"Nuevo",1724,"TECNOLOGIA EN DELINEANTE DE ARQUITECTURA E INGENIERIA","Femenino",5001,"Antioquia","Medellín","Colombia","Urbana"
2041,2110,"COLEGIO MAYOR DE ANTIOQUIA",2025,2,"Nuevo",1724,"TECNOLOGIA EN DELINEANTE DE ARQUITECTURA E INGENIERIA","Masculino",5001,"Antioquia","Medellín","Colombia","Urbana"
2042,2110,"COLEGIO MAYOR DE ANTIOQUIA",2025,2,"Nuevo",1724,"TECNOLOGIA EN DELINEANTE DE ARQUITECTURA E INGENIERIA","Femenino",5001,"Antioquia","Medellín","Colombia","Urbana"
2043,2110,"COLEGIO MAYOR DE ANTIOQUIA",2025,2,"Nuevo",1724,"TECNOLOGIA EN DELINEANTE DE ARQUITECTURA E INGENIERIA","Masculino",5001,"Antioquia","Bello","Colombia","Urbana"
2044,2110,"COLEGIO MAYOR DE ANTIOQUIA",2025,2,"Transferencia externa",1724,"TECNOLOGIA EN DELINEANTE DE ARQUITECTURA E INGENIERIA","Femenino",5001,"Antioquia","Medellín","Colombia","Urbana"
2045,2110,"COLEGIO MAYOR DE ANTIOQUIA",2025,2,"Antiguo",1724,"TECNOLOGIA EN DELINEANTE DE ARQUITECTURA E INGENIERIA","Masculino",5001,"Antioquia","Medellín","Colombia","Urbana"
2046,2110,"COLEGIO MAYOR DE ANTIOQUIA",2025,2,"Antiguo",1724,"TECNOLOGIA EN DELINEANTE DE ARQUITECTURA E INGENIERIA","Masculino",5001,"Antioquia","Medellín","Colombia","Urbana"
2047,2110,"COLEGIO MAYOR DE ANTIOQUIA",2025,2,"Antiguo",1724,"TECNOLOGIA EN DELINEANTE DE ARQUITECTURA E INGENIERIA","Femenino",5001,"Antioquia","Medellín","Colombia","Urbana"
2048,2110,"COLEGIO MAYOR DE ANTIOQUIA",2025,2,"Antiguo",1724,"TECNOLOGIA EN DELINEANTE DE ARQUITECTURA E INGENIERIA","Femenino",5001,"Antioquia","Medellín","Colombia","Urbana"
2049,2110,"COLEGIO MAYOR DE ANTIOQUIA",2025,2,"Antiguo",1724,"TECNOLOGIA EN DELINEANTE DE ARQUITECTURA E INGENIERIA","Masculino",5001,"Antioquia","Medellín","Colombia","Urbana"
2050,2110,"COLEGIO MAYOR DE ANTIOQUIA",2025,2,"Antiguo",1724,"TECNOLOGIA EN DELINEANTE DE ARQUITECTURA E INGENIERIA","Femenino",5001,"Antioquia","Itagüí","Colombia","Urbana"
2051,2110,"COLEGIO MAYOR DE ANTIOQUIA",2025,2,"Antiguo",1724,"TECNOLOGIA EN DELINEANTE DE ARQUITECTURA E INGENIERIA","Masculino",5001,"Antioquia","Medellín","Colombia","Urbana"
2052,2110,"COLEGIO MAYOR DE ANTIOQUIA",2025,2,"Antiguo",1724,"TECNOLOGIA EN DELINEANTE DE ARQUITECTURA E INGENIERIA","Masculino",5001,"Antioquia","Medellín","Colombia","Urbana"
2053,2110,"COLEGIO MAYOR DE ANTIOQUIA",2025,2,"Antiguo",1724,"TECNOLOGIA EN DELINEANTE DE ARQUITECTURA E INGENIERIA","Masculino",5001,"Antioquia","Medellín","Colombia","Urbana"
2054,2110,"COLEGIO MAYOR DE ANTIOQUIA",2025,2,"Antiguo",1724,"TECNOLOGIA EN DELINEANTE DE ARQUITECTURA E INGENIERIA","Masculino",5001,"Antioquia","Medellín","Colombia","Urbana"
2055,2110,"COLEGIO MAYOR DE ANTIOQUIA",2025,2,"Antiguo",1724,"TECNOLOGIA EN DELINEANTE DE ARQUITECTURA E INGENIERIA","Masculino",5001,"Antioquia","Medellín","Colombia","Urbana"
2056,2110,"COLEGIO MAYOR DE ANTIOQUIA",2025,2,"Antiguo",1724,"TECNOLOGIA EN DELINEANTE DE ARQUITECTURA E INGENIERIA","Femenino",5001,"Antioquia","Envigado","Colombia","Urbana"
2057,2110,"COLEGIO MAYOR DE ANTIOQUIA",2025,2,"Antiguo",1724,"TECNOLOGIA EN DELINEANTE DE ARQUITECTURA E INGENIERIA","Masculino",5001,"Antioquia","Medellín","Colombia","Urbana"
2058,2110,"COLEGIO MAYOR DE ANTIOQUIA",2025,2,"Antiguo",1724,"TECNOLOGIA EN DELINEANTE DE ARQUITECTURA E INGENIERIA","Masculino",5001,"Antioquia","Medellín","Colombia","Urbana"
2059,2110,"COLEGIO MAYOR DE ANTIOQUIA",2025,2,"Antiguo",1724,"TECNOLOGIA EN DELINEANTE DE ARQUITECTURA E INGENIERIA","Femenino",5001,"Antioquia","Medellín","Colombia","Urbana"
2060,2110,"COLEGIO MAYOR DE ANTIOQUIA",2025,2,"Antiguo",1724,"TECNOLOGIA EN DELINEANTE DE ARQUITECTURA E INGENIERIA","Femenino",5001,"Antioquia","Copacabana","Colombia","Urbana"
2061,2110,"COLEGIO MAYOR DE ANTIOQUIA",2025,2,"Antiguo",1724,"TECNOLOGIA EN DELINEANTE DE ARQUITECTURA E INGENIERIA","Masculino",5001,"Antioquia","Copacabana","Colombia","Urbana"
2062,2110,"COLEGIO MAYOR DE ANTIOQUIA",2025,2,"Antiguo",1724,"TECNOLOGIA EN DELINEANTE DE ARQUITECTURA E INGENIERIA","Femenino",5001,"Antioquia","Medellín","Colombia","Urbana"
2063,2110,"COLEGIO MAYOR DE ANTIOQUIA",2025,2,"Antiguo",1724,"TECNOLOGIA EN DELINEANTE DE ARQUITECTURA E INGENIERIA","Femenino",5001,"Antioquia","Medellín","Colombia","Urbana"
2064,2110,"COLEGIO MAYOR DE ANTIOQUIA",2025,2,"Antiguo",1724,"TECNOLOGIA EN DELINEANTE DE ARQUITECTURA E INGENIERIA","Femenino",5001,"Antioquia","Medellín","Colombia","Urbana"
2065,2110,"COLEGIO MAYOR DE ANTIOQUIA",2025,2,"Antiguo",1724,"TECNOLOGIA EN DELINEANTE DE ARQUITECTURA E INGENIERIA","Femenino",5001,"Antioquia","Medellín","Colombia","Urbana"
2066,2110,"COLEGIO MAYOR DE ANTIOQUIA",2025,2,"Antiguo",1724,"TECNOLOGIA EN DELINEANTE DE ARQUITECTURA E INGENIERIA","Masculino",5001,"Antioquia","Medellín","Colombia","Urbana"
2067,2110,"COLEGIO MAYOR DE ANTIOQUIA",2025,2,"Antiguo",1724,"TECNOLOGIA EN DELINEANTE DE ARQUITECTURA E INGENIERIA","Masculino",5001,"Antioquia","Medellín","Colombia","Urbana"
2068,2110,"COLEGIO MAYOR DE ANTIOQUIA",2025,2,"Antiguo",1724,"TECNOLOGIA EN DELINEANTE DE ARQUITECTURA E INGENIERIA","Masculino",5001,"Antioquia","Medellín","Colombia","Urbana"
2069,2110,"COLEGIO MAYOR DE ANTIOQUIA",2025,2,"Antiguo",1724,"TECNOLOGIA EN DELINEANTE DE ARQUITECTURA E INGENIERIA","Masculino",5001,"Antioquia","Medellín","Colombia","Urbana"
2070,2110,"COLEGIO MAYOR DE ANTIOQUIA",2025,2,"Antiguo",1724,"TECNOLOGIA EN DELINEANTE DE ARQUITECTURA E INGENIERIA","Femenino",5001,"Antioquia","Envigado","Colombia","Urbana"
2071,2110,"COLEGIO MAYOR DE ANTIOQUIA",2025,2,"Antiguo",1724,"TECNOLOGIA EN DELINEANTE DE ARQUITECTURA E INGENIERIA","Femenino",5001,"Antioquia","Medellín","Colombia","Urbana"
2072,2110,"COLEGIO MAYOR DE ANTIOQUIA",2025,2,"Antiguo",1724,"TECNOLOGIA EN DELINEANTE DE ARQUITECTURA E INGENIERIA","Femenino",5001,"Antioquia","Medellín","Colombia","Urbana"
2073,2110,"COLEGIO MAYOR DE ANTIOQUIA",2025,2,"Antiguo",1724,"TECNOLOGIA EN DELINEANTE DE ARQUITECTURA E INGENIERIA","Femenino",5001,"Antioquia","Medellín","Colombia","Urbana"
2074,2110,"COLEGIO MAYOR DE ANTIOQUIA",2025,2,"Antiguo",1724,"TECNOLOGIA EN DELINEANTE DE ARQUITECTURA E INGENIERIA","Femenino",5001,"Bolívar","Santa Cruz de Mompox","Colombia","Urbana"
2075,2110,"COLEGIO MAYOR DE ANTIOQUIA",2025,2,"Antiguo",1724,"TECNOLOGIA EN DELINEANTE DE ARQUITECTURA E INGENIERIA","Masculino",5001,"Antioquia","La Ceja","Colombia","Urbana"
2076,2110,"COLEGIO MAYOR DE ANTIOQUIA",2025,2,"Antiguo",1724,"TECNOLOGIA EN DELINEANTE DE ARQUITECTURA E INGENIERIA","Femenino",5001,"Antioquia","Copacabana","Colombia","Urbana"
2077,2110,"COLEGIO MAYOR DE ANTIOQUIA",2025,2,"Antiguo",1724,"TECNOLOGIA EN DELINEANTE DE ARQUITECTURA E INGENIERIA","Femenino",5001,"Antioquia","Medellín","Colombia","Urbana"
2078,2110,"COLEGIO MAYOR DE ANTIOQUIA",2025,2,"Antiguo",1724,"TECNOLOGIA EN DELINEANTE DE ARQUITECTURA E INGENIERIA","Masculino",5001,"Antioquia","Bello","Colombia","Urbana"
2079,2110,"COLEGIO MAYOR DE ANTIOQUIA",2025,2,"Antiguo",1724,"TECNOLOGIA EN DELINEANTE DE ARQUITECTURA E INGENIERIA","Masculino",5001,"Antioquia","Medellín","Colombia","Urbana"
2080,2110,"COLEGIO MAYOR DE ANTIOQUIA",2025,2,"Antiguo",1724,"TECNOLOGIA EN DELINEANTE DE ARQUITECTURA E INGENIERIA","Femenino",5001,"Antioquia","Medellín","Colombia","Urbana"
2081,2110,"COLEGIO MAYOR DE ANTIOQUIA",2025,2,"Antiguo",1724,"TECNOLOGIA EN DELINEANTE DE ARQUITECTURA E INGENIERIA","Masculino",5001,"Antioquia","Guarne","Colombia","Urbana"
2082,2110,"COLEGIO MAYOR DE ANTIOQUIA",2025,2,"Antiguo",1724,"TECNOLOGIA EN DELINEANTE DE ARQUITECTURA E INGENIERIA","Masculino",5001,"Antioquia","Medellín","Colombia","Urbana"
2083,2110,"COLEGIO MAYOR DE ANTIOQUIA",2025,2,"Antiguo",1724,"TECNOLOGIA EN DELINEANTE DE ARQUITECTURA E INGENIERIA","Femenino",5001,"Antioquia","Arboletes","Colombia","Urbana"
2084,2110,"COLEGIO MAYOR DE ANTIOQUIA",2025,2,"Antiguo",1724,"TECNOLOGIA EN DELINEANTE DE ARQUITECTURA E INGENIERIA","Femenino",5001,"Antioquia","Medellín","Colombia","Urbana"
2085,2110,"COLEGIO MAYOR DE ANTIOQUIA",2025,2,"Antiguo",1724,"TECNOLOGIA EN DELINEANTE DE ARQUITECTURA E INGENIERIA","Femenino",5001,"Antioquia","Medellín","Colombia","Urbana"
2086,2110,"COLEGIO MAYOR DE ANTIOQUIA",2025,2,"Antiguo",1724,"TECNOLOGIA EN DELINEANTE DE ARQUITECTURA E INGENIERIA","Masculino",5001,"Antioquia","Medellín","Colombia","Urbana"
2087,2110,"COLEGIO MAYOR DE ANTIOQUIA",2025,2,"Antiguo",1724,"TECNOLOGIA EN DELINEANTE DE ARQUITECTURA E INGENIERIA","Femenino",5001,"Antioquia","Sonsón","Colombia","Urbana"
2088,2110,"COLEGIO MAYOR DE ANTIOQUIA",2025,2,"Antiguo",1724,"TECNOLOGIA EN DELINEANTE DE ARQUITECTURA E INGENIERIA","Femenino",5001,"Antioquia","Itagüí","Colombia","Urbana"
2089,2110,"COLEGIO MAYOR DE ANTIOQUIA",2025,2,"Antiguo",1724,"TECNOLOGIA EN DELINEANTE DE ARQUITECTURA E INGENIERIA","Masculino",5001,"Antioquia","Medellín","Colombia","Urbana"
2090,2110,"COLEGIO MAYOR DE ANTIOQUIA",2025,2,"Antiguo",1724,"TECNOLOGIA EN DELINEANTE DE ARQUITECTURA E INGENIERIA","Masculino",5001,"Antioquia","Copacabana","Colombia","Urbana"
2091,2110,"COLEGIO MAYOR DE ANTIOQUIA",2025,2,"Antiguo",1724,"TECNOLOGIA EN DELINEANTE DE ARQUITECTURA E INGENIERIA","Masculino",5001,"Antioquia","Medellín","Colombia","Urbana"
2092,2110,"COLEGIO MAYOR DE ANTIOQUIA",2025,2,"Antiguo",1724,"TECNOLOGIA EN DELINEANTE DE ARQUITECTURA E INGENIERIA","Femenino",5001,"Antioquia","Bello","Colombia","Urbana"
2093,2110,"COLEGIO MAYOR DE ANTIOQUIA",2025,2,"Antiguo",1724,"TECNOLOGIA EN DELINEANTE DE ARQUITECTURA E INGENIERIA","Femenino",5001,"Antioquia","Medellín","Colombia","Urbana"
2094,2110,"COLEGIO MAYOR DE ANTIOQUIA",2025,2,"Antiguo",1724,"TECNOLOGIA EN DELINEANTE DE ARQUITECTURA E INGENIERIA","Femenino",5001,"Antioquia","Itagüí","Colombia","Urbana"
2095,2110,"COLEGIO MAYOR DE ANTIOQUIA",2025,2,"Antiguo",1724,"TECNOLOGIA EN DELINEANTE DE ARQUITECTURA E INGENIERIA","Masculino",5001,"Antioquia","Bello","Colombia","Urbana"
2096,2110,"COLEGIO MAYOR DE ANTIOQUIA",2025,2,"Antiguo",1724,"TECNOLOGIA EN DELINEANTE DE ARQUITECTURA E INGENIERIA","Masculino",5001,"Antioquia","Copacabana","Colombia","Urbana"
2097,2110,"COLEGIO MAYOR DE ANTIOQUIA",2025,2,"Antiguo",1724,"TECNOLOGIA EN DELINEANTE DE ARQUITECTURA E INGENIERIA","Femenino",5001,"Antioquia","Medellín","Colombia","Urbana"
2098,2110,"COLEGIO MAYOR DE ANTIOQUIA",2025,2,"Antiguo",1724,"TECNOLOGIA EN DELINEANTE DE ARQUITECTURA E INGENIERIA","Masculino",5001,"Antioquia","Medellín","Colombia","Urbana"
2099,2110,"COLEGIO MAYOR DE ANTIOQUIA",2025,2,"Antiguo",1724,"TECNOLOGIA EN DELINEANTE DE ARQUITECTURA E INGENIERIA","Masculino",5001,"Antioquia","Medellín","Colombia","Urbana"
2100,2110,"COLEGIO MAYOR DE ANTIOQUIA",2025,2,"Antiguo",1724,"TECNOLOGIA EN DELINEANTE DE ARQUITECTURA E INGENIERIA","Femenino",5001,"Antioquia","Medellín","Colombia","Urbana"
2101,2110,"COLEGIO MAYOR DE ANTIOQUIA",2025,2,"Antiguo",1724,"TECNOLOGIA EN DELINEANTE DE ARQUITECTURA E INGENIERIA","Masculino",5001,"Antioquia","Medellín","Colombia","Urbana"
2102,2110,"COLEGIO MAYOR DE ANTIOQUIA",2025,2,"Antiguo",1724,"TECNOLOGIA EN DELINEANTE DE ARQUITECTURA E INGENIERIA","Masculino",5001,"Antioquia","Medellín","Colombia","Urbana"
2103,2110,"COLEGIO MAYOR DE ANTIOQUIA",2025,2,"Antiguo",1724,"TECNOLOGIA EN DELINEANTE DE ARQUITECTURA E INGENIERIA","Femenino",5001,"Antioquia","Medellín","Colombia","Urbana"
2104,2110,"COLEGIO MAYOR DE ANTIOQUIA",2025,2,"Antiguo",1724,"TECNOLOGIA EN DELINEANTE DE ARQUITECTURA E INGENIERIA","Femenino",5001,"Antioquia","Medellín","Colombia","Urbana"
2105,2110,"COLEGIO MAYOR DE ANTIOQUIA",2025,2,"Antiguo",1724,"TECNOLOGIA EN DELINEANTE DE ARQUITECTURA E INGENIERIA","Femenino",5001,"Antioquia","Medellín","Colombia","Urbana"
2106,2110,"COLEGIO MAYOR DE ANTIOQUIA",2025,2,"Antiguo",1724,"TECNOLOGIA EN DELINEANTE DE ARQUITECTURA E INGENIERIA","Femenino",5001,"Antioquia","Medellín","Colombia","Urbana"
2107,2110,"COLEGIO MAYOR DE ANTIOQUIA",2025,2,"Antiguo",1724,"TECNOLOGIA EN DELINEANTE DE ARQUITECTURA E INGENIERIA","Femenino",5001,"Antioquia","Medellín","Colombia","Urbana"
2108,2110,"COLEGIO MAYOR DE ANTIOQUIA",2025,2,"Antiguo",1724,"TECNOLOGIA EN DELINEANTE DE ARQUITECTURA E INGENIERIA","Masculino",5001,"Antioquia","Medellín","Colombia","Urbana"
2109,2110,"COLEGIO MAYOR DE ANTIOQUIA",2025,2,"Antiguo",1724,"TECNOLOGIA EN DELINEANTE DE ARQUITECTURA E INGENIERIA","Masculino",5001,"Antioquia","Medellín","Colombia","Urbana"
2110,2110,"COLEGIO MAYOR DE ANTIOQUIA",2025,2,"Antiguo",1724,"TECNOLOGIA EN DELINEANTE DE ARQUITECTURA E INGENIERIA","Femenino",5001,"Antioquia","Barbosa","Colombia","Urbana"
2111,2110,"COLEGIO MAYOR DE ANTIOQUIA",2025,2,"Antiguo",1724,"TECNOLOGIA EN DELINEANTE DE ARQUITECTURA E INGENIERIA","Masculino",5001,"Antioquia","Medellín","Colombia","Urbana"
2112,2110,"COLEGIO MAYOR DE ANTIOQUIA",2025,2,"Antiguo",1724,"TECNOLOGIA EN DELINEANTE DE ARQUITECTURA E INGENIERIA","Femenino",5001,"Antioquia","Medellín","Colombia","Urbana"
2113,2110,"COLEGIO MAYOR DE ANTIOQUIA",2025,2,"Antiguo",1724,"TECNOLOGIA EN DELINEANTE DE ARQUITECTURA E INGENIERIA","Femenino",5001,"Antioquia","Medellín","Colombia","Urbana"
2114,2110,"COLEGIO MAYOR DE ANTIOQUIA",2025,2,"Antiguo",1724,"TECNOLOGIA EN DELINEANTE DE ARQUITECTURA E INGENIERIA","Masculino",5001,"Antioquia","Medellín","Colombia","Urbana"
2115,2110,"COLEGIO MAYOR DE ANTIOQUIA",2025,2,"Antiguo",1724,"TECNOLOGIA EN DELINEANTE DE ARQUITECTURA E INGENIERIA","Masculino",5001,"Antioquia","Sabaneta","Colombia","Urbana"
2116,2110,"COLEGIO MAYOR DE ANTIOQUIA",2025,2,"Antiguo",1724,"TECNOLOGIA EN DELINEANTE DE ARQUITECTURA E INGENIERIA","Femenino",5001,"Antioquia","Medellín","Colombia","Urbana"
2117,2110,"COLEGIO MAYOR DE ANTIOQUIA",2025,2,"Antiguo",1724,"TECNOLOGIA EN DELINEANTE DE ARQUITECTURA E INGENIERIA","Femenino",5001,"Antioquia","Medellín","Colombia","Urbana"
2118,2110,"COLEGIO MAYOR DE ANTIOQUIA",2025,2,"Antiguo",1724,"TECNOLOGIA EN DELINEANTE DE ARQUITECTURA E INGENIERIA","Femenino",5001,"Antioquia","Medellín","Colombia","Urbana"
2119,2110,"COLEGIO MAYOR DE ANTIOQUIA",2025,2,"Antiguo",1724,"TECNOLOGIA EN DELINEANTE DE ARQUITECTURA E INGENIERIA","Masculino",5001,"Antioquia","Medellín","Colombia","Urbana"
2120,2110,"COLEGIO MAYOR DE ANTIOQUIA",2025,2,"Antiguo",1724,"TECNOLOGIA EN DELINEANTE DE ARQUITECTURA E INGENIERIA","Femenino",5001,"Antioquia","Medellín","Colombia","Urbana"
2121,2110,"COLEGIO MAYOR DE ANTIOQUIA",2025,2,"Antiguo",1724,"TECNOLOGIA EN DELINEANTE DE ARQUITECTURA E INGENIERIA","Femenino",5001,"Antioquia","Medellín","Colombia","Urbana"
2122,2110,"COLEGIO MAYOR DE ANTIOQUIA",2025,2,"Antiguo",1724,"TECNOLOGIA EN DELINEANTE DE ARQUITECTURA E INGENIERIA","Masculino",5001,"Antioquia","Medellín","Colombia","Urbana"
2123,2110,"COLEGIO MAYOR DE ANTIOQUIA",2025,2,"Antiguo",1724,"TECNOLOGIA EN DELINEANTE DE ARQUITECTURA E INGENIERIA","Femenino",5001,"Antioquia","Itagüí","Colombia","Urbana"
2124,2110,"COLEGIO MAYOR DE ANTIOQUIA",2025,2,"Antiguo",1724,"TECNOLOGIA EN DELINEANTE DE ARQUITECTURA E INGENIERIA","Femenino",5001,"Antioquia","Vegachí","Colombia","Urbana"
2125,2110,"COLEGIO MAYOR DE ANTIOQUIA",2025,2,"Antiguo",1724,"TECNOLOGIA EN DELINEANTE DE ARQUITECTURA E INGENIERIA","Masculino",5001,"Antioquia","Envigado","Colombia","Urbana"
2126,2110,"COLEGIO MAYOR DE ANTIOQUIA",2025,2,"Antiguo",1724,"TECNOLOGIA EN DELINEANTE DE ARQUITECTURA E INGENIERIA","Femenino",5001,"Antioquia","Medellín","Colombia","Urbana"
2127,2110,"COLEGIO MAYOR DE ANTIOQUIA",2025,2,"Antiguo",1724,"TECNOLOGIA EN DELINEANTE DE ARQUITECTURA E INGENIERIA","Masculino",5001,"Antioquia","Medellín","Colombia","Urbana"
2128,2110,"COLEGIO MAYOR DE ANTIOQUIA",2025,2,"Antiguo",1724,"TECNOLOGIA EN DELINEANTE DE ARQUITECTURA E INGENIERIA","Femenino",5001,"Antioquia","Envigado","Colombia","Urbana"
2129,2110,"COLEGIO MAYOR DE ANTIOQUIA",2025,2,"Antiguo",1724,"TECNOLOGIA EN DELINEANTE DE ARQUITECTURA E INGENIERIA","Femenino",5001,"Antioquia","Medellín","Colombia","Urbana"
2130,2110,"COLEGIO MAYOR DE ANTIOQUIA",2025,2,"Antiguo",1724,"TECNOLOGIA EN DELINEANTE DE ARQUITECTURA E INGENIERIA","Masculino",5001,"Antioquia","Medellín","Colombia","Urbana"
2131,2110,"COLEGIO MAYOR DE ANTIOQUIA",2025,2,"Antiguo",1724,"TECNOLOGIA EN DELINEANTE DE ARQUITECTURA E INGENIERIA","Femenino",5001,"Antioquia","Medellín","Colombia","Urbana"
2132,2110,"COLEGIO MAYOR DE ANTIOQUIA",2025,2,"Antiguo",1724,"TECNOLOGIA EN DELINEANTE DE ARQUITECTURA E INGENIERIA","Masculino",5001,"Antioquia","Medellín","Colombia","Urbana"
2133,2110,"COLEGIO MAYOR DE ANTIOQUIA",2025,2,"Antiguo",1724,"TECNOLOGIA EN DELINEANTE DE ARQUITECTURA E INGENIERIA","Femenino",5001,"Antioquia","Medellín","Colombia","Urbana"
2134,2110,"COLEGIO MAYOR DE ANTIOQUIA",2025,2,"Antiguo",1724,"TECNOLOGIA EN DELINEANTE DE ARQUITECTURA E INGENIERIA","Masculino",5001,"Antioquia","Medellín","Colombia","Urbana"
2135,2110,"COLEGIO MAYOR DE ANTIOQUIA",2025,2,"Antiguo",1724,"TECNOLOGIA EN DELINEANTE DE ARQUITECTURA E INGENIERIA","Femenino",5001,"Antioquia","Medellín","Colombia","Urbana"
2136,2110,"COLEGIO MAYOR DE ANTIOQUIA",2025,2,"Antiguo",1724,"TECNOLOGIA EN DELINEANTE DE ARQUITECTURA E INGENIERIA","Masculino",5001,"Antioquia","Medellín","Colombia","Urbana"
2137,2110,"COLEGIO MAYOR DE ANTIOQUIA",2025,2,"Antiguo",1724,"TECNOLOGIA EN DELINEANTE DE ARQUITECTURA E INGENIERIA","Masculino",5001,"Antioquia","Medellín","Colombia","Urbana"
2138,2110,"COLEGIO MAYOR DE ANTIOQUIA",2025,2,"Antiguo",1724,"TECNOLOGIA EN DELINEANTE DE ARQUITECTURA E INGENIERIA","Masculino",5001,"Antioquia","Envigado","Colombia","Urbana"
2139,2110,"COLEGIO MAYOR DE ANTIOQUIA",2025,2,"Antiguo",1724,"TECNOLOGIA EN DELINEANTE DE ARQUITECTURA E INGENIERIA","Femenino",5001,"Antioquia","Medellín","Colombia","Urbana"
2140,2110,"COLEGIO MAYOR DE ANTIOQUIA",2025,2,"Antiguo",1724,"TECNOLOGIA EN DELINEANTE DE ARQUITECTURA E INGENIERIA","Masculino",5001,"Antioquia","Santa Fé de Antioquia","Colombia","Urbana"
2141,2110,"COLEGIO MAYOR DE ANTIOQUIA",2025,2,"Antiguo",1724,"TECNOLOGIA EN DELINEANTE DE ARQUITECTURA E INGENIERIA","Masculino",5001,"Antioquia","Medellín","Colombia","Urbana"
2142,2110,"COLEGIO MAYOR DE ANTIOQUIA",2025,2,"Antiguo",1724,"TECNOLOGIA EN DELINEANTE DE ARQUITECTURA E INGENIERIA","Femenino",5001,"Antioquia","Medellín","Colombia","Urbana"
2143,2110,"COLEGIO MAYOR DE ANTIOQUIA",2025,2,"Antiguo",1724,"TECNOLOGIA EN DELINEANTE DE ARQUITECTURA E INGENIERIA","Femenino",5001,"Antioquia","Medellín","Colombia","Urbana"
2144,2110,"COLEGIO MAYOR DE ANTIOQUIA",2025,2,"Antiguo",1724,"TECNOLOGIA EN DELINEANTE DE ARQUITECTURA E INGENIERIA","Femenino",5001,"Antioquia","Bello","Colombia","Urbana"
2145,2110,"COLEGIO MAYOR DE ANTIOQUIA",2025,2,"Antiguo",1724,"TECNOLOGIA EN DELINEANTE DE ARQUITECTURA E INGENIERIA","Femenino",5001,"Antioquia","Medellín","Colombia","Urbana"
2146,2110,"COLEGIO MAYOR DE ANTIOQUIA",2025,2,"Antiguo",1724,"TECNOLOGIA EN DELINEANTE DE ARQUITECTURA E INGENIERIA","Masculino",5001,"Antioquia","Copacabana","Colombia","Urbana"
2147,2110,"COLEGIO MAYOR DE ANTIOQUIA",2025,2,"Antiguo",1724,"TECNOLOGIA EN DELINEANTE DE ARQUITECTURA E INGENIERIA","Femenino",5001,"Antioquia","San Pedro","Colombia","Urbana"
2148,2110,"COLEGIO MAYOR DE ANTIOQUIA",2025,2,"Antiguo",1724,"TECNOLOGIA EN DELINEANTE DE ARQUITECTURA E INGENIERIA","Masculino",5001,"Antioquia","Medellín","Colombia","Urbana"
2149,2110,"COLEGIO MAYOR DE ANTIOQUIA",2025,2,"Antiguo",1724,"TECNOLOGIA EN DELINEANTE DE ARQUITECTURA E INGENIERIA","Femenino",5001,"Antioquia","Medellín","Colombia","Urbana"
2150,2110,"COLEGIO MAYOR DE ANTIOQUIA",2025,2,"Antiguo",1724,"TECNOLOGIA EN DELINEANTE DE ARQUITECTURA E INGENIERIA","Femenino",5001,"Antioquia","Medellín","Colombia","Urbana"
2151,2110,"COLEGIO MAYOR DE ANTIOQUIA",2025,2,"Antiguo",1724,"TECNOLOGIA EN DELINEANTE DE ARQUITECTURA E INGENIERIA","Masculino",5001,"Antioquia","Medellín","Colombia","Urbana"
2152,2110,"COLEGIO MAYOR DE ANTIOQUIA",2025,2,"Antiguo",1724,"TECNOLOGIA EN DELINEANTE DE ARQUITECTURA E INGENIERIA","Femenino",5001,"Antioquia","Medellín","Colombia","Urbana"
2153,2110,"COLEGIO MAYOR DE ANTIOQUIA",2025,2,"Antiguo",1724,"TECNOLOGIA EN DELINEANTE DE ARQUITECTURA E INGENIERIA","Masculino",5001,"Antioquia","Bello","Colombia","Urbana"
2154,2110,"COLEGIO MAYOR DE ANTIOQUIA",2025,2,"Antiguo",1724,"TECNOLOGIA EN DELINEANTE DE ARQUITECTURA E INGENIERIA","Femenino",5001,"Antioquia","Medellín","Colombia","Urbana"
2155,2110,"COLEGIO MAYOR DE ANTIOQUIA",2025,2,"Antiguo",1724,"TECNOLOGIA EN DELINEANTE DE ARQUITECTURA E INGENIERIA","Femenino",5001,"Antioquia","Medellín","Colombia","Urbana"
2156,2110,"COLEGIO MAYOR DE ANTIOQUIA",2025,2,"Antiguo",1724,"TECNOLOGIA EN DELINEANTE DE ARQUITECTURA E INGENIERIA","Masculino",5001,"Antioquia","Medellín","Colombia","Urbana"
2157,2110,"COLEGIO MAYOR DE ANTIOQUIA",2025,2,"Antiguo",1724,"TECNOLOGIA EN DELINEANTE DE ARQUITECTURA E INGENIERIA","Femenino",5001,"Antioquia","Medellín","Colombia","Urbana"
2158,2110,"COLEGIO MAYOR DE ANTIOQUIA",2025,2,"Antiguo",1724,"TECNOLOGIA EN DELINEANTE DE ARQUITECTURA E INGENIERIA","Femenino",5001,"Antioquia","Medellín","Colombia","Urbana"
2159,2110,"COLEGIO MAYOR DE ANTIOQUIA",2025,2,"Antiguo",1724,"TECNOLOGIA EN DELINEANTE DE ARQUITECTURA E INGENIERIA","Femenino",5001,"Antioquia","Bello","Colombia","Urbana"
2160,2110,"COLEGIO MAYOR DE ANTIOQUIA",2025,2,"Antiguo",1724,"TECNOLOGIA EN DELINEANTE DE ARQUITECTURA E INGENIERIA","Masculino",5001,"Antioquia","Medellín","Colombia","Urbana"
2161,2110,"COLEGIO MAYOR DE ANTIOQUIA",2025,2,"Antiguo",1724,"TECNOLOGIA EN DELINEANTE DE ARQUITECTURA E INGENIERIA","Femenino",5001,"Antioquia","Medellín","Colombia","Urbana"
2162,2110,"COLEGIO MAYOR DE ANTIOQUIA",2025,2,"Antiguo",1724,"TECNOLOGIA EN DELINEANTE DE ARQUITECTURA E INGENIERIA","Femenino",5001,"Antioquia","Medellín","Colombia","Urbana"
2163,2110,"COLEGIO MAYOR DE ANTIOQUIA",2025,2,"Antiguo",1724,"TECNOLOGIA EN DELINEANTE DE ARQUITECTURA E INGENIERIA","Masculino",5001,"Antioquia","Medellín","Colombia","Urbana"
2164,2110,"COLEGIO MAYOR DE ANTIOQUIA",2025,2,"Antiguo",1724,"TECNOLOGIA EN DELINEANTE DE ARQUITECTURA E INGENIERIA","Femenino",5001,"Antioquia","Girardota","Colombia","Urbana"
2165,2110,"COLEGIO MAYOR DE ANTIOQUIA",2025,2,"Antiguo",1724,"TECNOLOGIA EN DELINEANTE DE ARQUITECTURA E INGENIERIA","Femenino",5001,"Antioquia","Bello","Colombia","Urbana"
2166,2110,"COLEGIO MAYOR DE ANTIOQUIA",2025,2,"Antiguo",1724,"TECNOLOGIA EN DELINEANTE DE ARQUITECTURA E INGENIERIA","Masculino",5001,"Antioquia","Medellín","Colombia","Urbana"
2167,2110,"COLEGIO MAYOR DE ANTIOQUIA",2025,2,"Antiguo",1724,"TECNOLOGIA EN DELINEANTE DE ARQUITECTURA E INGENIERIA","Femenino",5001,"Antioquia","Medellín","Colombia","Urbana"
2168,2110,"COLEGIO MAYOR DE ANTIOQUIA",2025,2,"Antiguo",1724,"TECNOLOGIA EN DELINEANTE DE ARQUITECTURA E INGENIERIA","Femenino",5001,"Antioquia","Medellín","Colombia","Urbana"
2169,2110,"COLEGIO MAYOR DE ANTIOQUIA",2025,2,"Antiguo",1724,"TECNOLOGIA EN DELINEANTE DE ARQUITECTURA E INGENIERIA","Masculino",5001,"Antioquia","Medellín","Colombia","Urbana"
2170,2110,"COLEGIO MAYOR DE ANTIOQUIA",2025,2,"Antiguo",1724,"TECNOLOGIA EN DELINEANTE DE ARQUITECTURA E INGENIERIA","Femenino",5001,"Antioquia","Bello","Colombia","Urbana"
2171,2110,"COLEGIO MAYOR DE ANTIOQUIA",2025,2,"Antiguo",1724,"TECNOLOGIA EN DELINEANTE DE ARQUITECTURA E INGENIERIA","Femenino",5001,"Antioquia","Medellín","Colombia","Urbana"
2172,2110,"COLEGIO MAYOR DE ANTIOQUIA",2025,2,"Antiguo",1724,"TECNOLOGIA EN DELINEANTE DE ARQUITECTURA E INGENIERIA","Masculino",5001,"Antioquia","Medellín","Colombia","Urbana"
2173,2110,"COLEGIO MAYOR DE ANTIOQUIA",2025,2,"Antiguo",1724,"TECNOLOGIA EN DELINEANTE DE ARQUITECTURA E INGENIERIA","Masculino",5001,"Antioquia","Medellín","Colombia","Urbana"
2174,2110,"COLEGIO MAYOR DE ANTIOQUIA",2025,2,"Antiguo",1724,"TECNOLOGIA EN DELINEANTE DE ARQUITECTURA E INGENIERIA","Femenino",5001,"Antioquia","Medellín","Colombia","Urbana"
2175,2110,"COLEGIO MAYOR DE ANTIOQUIA",2025,2,"Antiguo",1724,"TECNOLOGIA EN DELINEANTE DE ARQUITECTURA E INGENIERIA","Femenino",5001,"Antioquia","Medellín","Colombia","Urbana"
2176,2110,"COLEGIO MAYOR DE ANTIOQUIA",2025,2,"Antiguo",1724,"TECNOLOGIA EN DELINEANTE DE ARQUITECTURA E INGENIERIA","Femenino",5001,"Antioquia","Envigado","Colombia","Urbana"
2177,2110,"COLEGIO MAYOR DE ANTIOQUIA",2025,2,"Antiguo",1724,"TECNOLOGIA EN DELINEANTE DE ARQUITECTURA E INGENIERIA","Femenino",5001,"Antioquia","Medellín","Colombia","Urbana"
2178,2110,"COLEGIO MAYOR DE ANTIOQUIA",2025,2,"Antiguo",1724,"TECNOLOGIA EN DELINEANTE DE ARQUITECTURA E INGENIERIA","Femenino",5001,"Córdoba","Pueblo Nuevo","Colombia","Urbana"
2179,2110,"COLEGIO MAYOR DE ANTIOQUIA",2025,2,"Antiguo",1724,"TECNOLOGIA EN DELINEANTE DE ARQUITECTURA E INGENIERIA","Masculino",5001,"Antioquia","Barbosa","Colombia","Urbana"
2180,2110,"COLEGIO MAYOR DE ANTIOQUIA",2025,2,"Antiguo",1724,"TECNOLOGIA EN DELINEANTE DE ARQUITECTURA E INGENIERIA","Masculino",5001,"Antioquia","Medellín","Colombia","Urbana"
2181,2110,"COLEGIO MAYOR DE ANTIOQUIA",2025,2,"Antiguo",1724,"TECNOLOGIA EN DELINEANTE DE ARQUITECTURA E INGENIERIA","Masculino",5001,"Antioquia","Medellín","Colombia","Urbana"
2182,2110,"COLEGIO MAYOR DE ANTIOQUIA",2025,2,"Antiguo",1724,"TECNOLOGIA EN DELINEANTE DE ARQUITECTURA E INGENIERIA","Masculino",5001,"Antioquia","Medellín","Colombia","Urbana"
2183,2110,"COLEGIO MAYOR DE ANTIOQUIA",2025,2,"Antiguo",1724,"TECNOLOGIA EN DELINEANTE DE ARQUITECTURA E INGENIERIA","Femenino",5001,"Antioquia","Medellín","Colombia","Urbana"
2184,2110,"COLEGIO MAYOR DE ANTIOQUIA",2025,2,"Antiguo",1724,"TECNOLOGIA EN DELINEANTE DE ARQUITECTURA E INGENIERIA","Femenino",5001,"Antioquia","Medellín","Colombia","Urbana"
2185,2110,"COLEGIO MAYOR DE ANTIOQUIA",2025,2,"Antiguo",1724,"TECNOLOGIA EN DELINEANTE DE ARQUITECTURA E INGENIERIA","Masculino",5001,"Antioquia","Medellín","Colombia","Urbana"
2186,2110,"COLEGIO MAYOR DE ANTIOQUIA",2025,2,"Antiguo",1724,"TECNOLOGIA EN DELINEANTE DE ARQUITECTURA E INGENIERIA","Masculino",5001,"Antioquia","Medellín","Colombia","Urbana"
2187,2110,"COLEGIO MAYOR DE ANTIOQUIA",2025,2,"Antiguo",1724,"TECNOLOGIA EN DELINEANTE DE ARQUITECTURA E INGENIERIA","Masculino",5001,"Antioquia","Medellín","Colombia","Urbana"
2188,2110,"COLEGIO MAYOR DE ANTIOQUIA",2025,2,"Antiguo",1724,"TECNOLOGIA EN DELINEANTE DE ARQUITECTURA E INGENIERIA","Femenino",5001,"Antioquia","Medellín","Colombia","Urbana"
2189,2110,"COLEGIO MAYOR DE ANTIOQUIA",2025,2,"Antiguo",1724,"TECNOLOGIA EN DELINEANTE DE ARQUITECTURA E INGENIERIA","Masculino",5001,"Antioquia","Medellín","Colombia","Urbana"
2190,2110,"COLEGIO MAYOR DE ANTIOQUIA",2025,2,"Antiguo",1724,"TECNOLOGIA EN DELINEANTE DE ARQUITECTURA E INGENIERIA","Masculino",5001,"Antioquia","Medellín","Colombia","Urbana"
2191,2110,"COLEGIO MAYOR DE ANTIOQUIA",2025,2,"Antiguo",1724,"TECNOLOGIA EN DELINEANTE DE ARQUITECTURA E INGENIERIA","Masculino",5001,"Antioquia","Medellín","Colombia","Urbana"
2192,2110,"COLEGIO MAYOR DE ANTIOQUIA",2025,2,"Antiguo",1724,"TECNOLOGIA EN DELINEANTE DE ARQUITECTURA E INGENIERIA","Femenino",5001,"Antioquia","Medellín","Colombia","Urbana"
2193,2110,"COLEGIO MAYOR DE ANTIOQUIA",2025,2,"Antiguo",1724,"TECNOLOGIA EN DELINEANTE DE ARQUITECTURA E INGENIERIA","Femenino",5001,"Antioquia","Bello","Colombia","Urbana"
2194,2110,"COLEGIO MAYOR DE ANTIOQUIA",2025,2,"Antiguo",1724,"TECNOLOGIA EN DELINEANTE DE ARQUITECTURA E INGENIERIA","Femenino",5001,"Antioquia","Santa Rosa de Osos","Colombia","Urbana"
2195,2110,"COLEGIO MAYOR DE ANTIOQUIA",2025,2,"Antiguo",1724,"TECNOLOGIA EN DELINEANTE DE ARQUITECTURA E INGENIERIA","Femenino",5001,"Antioquia","Medellín","Colombia","Urbana"
2196,2110,"COLEGIO MAYOR DE ANTIOQUIA",2025,2,"Antiguo",1724,"TECNOLOGIA EN DELINEANTE DE ARQUITECTURA E INGENIERIA","Femenino",5001,"Antioquia","Medellín","Colombia","Urbana"
2197,2110,"COLEGIO MAYOR DE ANTIOQUIA",2025,2,"Antiguo",1724,"TECNOLOGIA EN DELINEANTE DE ARQUITECTURA E INGENIERIA","Masculino",5001,"Antioquia","Medellín","Colombia","Urbana"
2198,2110,"COLEGIO MAYOR DE ANTIOQUIA",2025,2,"Antiguo",1724,"TECNOLOGIA EN DELINEANTE DE ARQUITECTURA E INGENIERIA","Femenino",5001,"Antioquia","Ríonegro","Colombia","Urbana"
2199,2110,"COLEGIO MAYOR DE ANTIOQUIA",2025,2,"Antiguo",1724,"TECNOLOGIA EN DELINEANTE DE ARQUITECTURA E INGENIERIA","Masculino",5001,"Antioquia","Medellín","Colombia","Urbana"
2200,2110,"COLEGIO MAYOR DE ANTIOQUIA",2025,2,"Antiguo",1724,"TECNOLOGIA EN DELINEANTE DE ARQUITECTURA E INGENIERIA","Masculino",5001,"Antioquia","Ríonegro","Colombia","Urbana"
2201,2110,"COLEGIO MAYOR DE ANTIOQUIA",2025,2,"Antiguo",1724,"TECNOLOGIA EN DELINEANTE DE ARQUITECTURA E INGENIERIA","Masculino",5001,"Antioquia","Medellín","Colombia","Urbana"
2202,2110,"COLEGIO MAYOR DE ANTIOQUIA",2025,2,"Antiguo",1724,"TECNOLOGIA EN DELINEANTE DE ARQUITECTURA E INGENIERIA","Femenino",5001,"Antioquia","Medellín","Colombia","Urbana"
2203,2110,"COLEGIO MAYOR DE ANTIOQUIA",2025,2,"Antiguo",1724,"TECNOLOGIA EN DELINEANTE DE ARQUITECTURA E INGENIERIA","Masculino",5001,"Antioquia","Medellín","Colombia","Urbana"
2204,2110,"COLEGIO MAYOR DE ANTIOQUIA",2025,2,"Antiguo",1724,"TECNOLOGIA EN DELINEANTE DE ARQUITECTURA E INGENIERIA","Masculino",5001,"Antioquia","Bello","Colombia","Urbana"
2205,2110,"COLEGIO MAYOR DE ANTIOQUIA",2025,2,"Antiguo",1724,"TECNOLOGIA EN DELINEANTE DE ARQUITECTURA E INGENIERIA","Femenino",5001,"Antioquia","Bello","Colombia","Urbana"
2206,2110,"COLEGIO MAYOR DE ANTIOQUIA",2025,2,"Antiguo",1724,"TECNOLOGIA EN DELINEANTE DE ARQUITECTURA E INGENIERIA","Femenino",5001,"Antioquia","Medellín","Colombia","Urbana"
2207,2110,"COLEGIO MAYOR DE ANTIOQUIA",2025,2,"Antiguo",1724,"TECNOLOGIA EN DELINEANTE DE ARQUITECTURA E INGENIERIA","Femenino",5001,"Antioquia","Medellín","Colombia","Urbana"
2208,2110,"COLEGIO MAYOR DE ANTIOQUIA",2025,2,"Antiguo",1724,"TECNOLOGIA EN DELINEANTE DE ARQUITECTURA E INGENIERIA","Masculino",5001,"Antioquia","Granada","Colombia","Urbana"
2209,2110,"COLEGIO MAYOR DE ANTIOQUIA",2025,2,"Antiguo",1724,"TECNOLOGIA EN DELINEANTE DE ARQUITECTURA E INGENIERIA","Femenino",5001,"Antioquia","Medellín","Colombia","Urbana"
2210,2110,"COLEGIO MAYOR DE ANTIOQUIA",2025,2,"Antiguo",1724,"TECNOLOGIA EN DELINEANTE DE ARQUITECTURA E INGENIERIA","Masculino",5001,"Antioquia","Medellín","Colombia","Urbana"
2211,2110,"COLEGIO MAYOR DE ANTIOQUIA",2025,2,"Antiguo",1724,"TECNOLOGIA EN DELINEANTE DE ARQUITECTURA E INGENIERIA","Femenino",5001,"Antioquia","Medellín","Colombia","Urbana"
2212,2110,"COLEGIO MAYOR DE ANTIOQUIA",2025,2,"Antiguo",1724,"TECNOLOGIA EN DELINEANTE DE ARQUITECTURA E INGENIERIA","Femenino",5001,"Antioquia","Barbosa","Colombia","Urbana"
2213,2110,"COLEGIO MAYOR DE ANTIOQUIA",2025,2,"Antiguo",1724,"TECNOLOGIA EN DELINEANTE DE ARQUITECTURA E INGENIERIA","Femenino",5001,"Antioquia","Medellín","Colombia","Urbana"
2214,2110,"COLEGIO MAYOR DE ANTIOQUIA",2025,2,"Antiguo",1724,"TECNOLOGIA EN DELINEANTE DE ARQUITECTURA E INGENIERIA","Femenino",5001,"Antioquia","Medellín","Colombia","Urbana"
2215,2110,"COLEGIO MAYOR DE ANTIOQUIA",2025,2,"Antiguo",1724,"TECNOLOGIA EN DELINEANTE DE ARQUITECTURA E INGENIERIA","Femenino",5001,"Antioquia","Medellín","Colombia","Urbana"
2216,2110,"COLEGIO MAYOR DE ANTIOQUIA",2025,2,"Antiguo",1724,"TECNOLOGIA EN DELINEANTE DE ARQUITECTURA E INGENIERIA","Femenino",5001,"Antioquia","Medellín","Colombia","Urbana"
2217,2110,"COLEGIO MAYOR DE ANTIOQUIA",2025,2,"Antiguo",1724,"TECNOLOGIA EN DELINEANTE DE ARQUITECTURA E INGENIERIA","Masculino",5001,"Antioquia","Medellín","Colombia","Urbana"
2218,2110,"COLEGIO MAYOR DE ANTIOQUIA",2025,2,"Antiguo",1724,"TECNOLOGIA EN DELINEANTE DE ARQUITECTURA E INGENIERIA","Masculino",5001,"Antioquia","Medellín","Colombia","Urbana"
2219,2110,"COLEGIO MAYOR DE ANTIOQUIA",2025,2,"Antiguo",1724,"TECNOLOGIA EN DELINEANTE DE ARQUITECTURA E INGENIERIA","Femenino",5001,"Antioquia","Medellín","Colombia","Urbana"
2220,2110,"COLEGIO MAYOR DE ANTIOQUIA",2025,2,"Antiguo",1724,"TECNOLOGIA EN DELINEANTE DE ARQUITECTURA E INGENIERIA","Femenino",5001,"Antioquia","Medellín","Colombia","Urbana"
2221,2110,"COLEGIO MAYOR DE ANTIOQUIA",2025,2,"Antiguo",1724,"TECNOLOGIA EN DELINEANTE DE ARQUITECTURA E INGENIERIA","Femenino",5001,"Antioquia","Sabaneta","Colombia","Urbana"
2222,2110,"COLEGIO MAYOR DE ANTIOQUIA",2025,2,"Antiguo",1724,"TECNOLOGIA EN DELINEANTE DE ARQUITECTURA E INGENIERIA","Femenino",5001,"Antioquia","Medellín","Colombia","Urbana"
2223,2110,"COLEGIO MAYOR DE ANTIOQUIA",2025,2,"Antiguo",1724,"TECNOLOGIA EN DELINEANTE DE ARQUITECTURA E INGENIERIA","Femenino",5001,"Antioquia","Medellín","Colombia","Urbana"
2224,2110,"COLEGIO MAYOR DE ANTIOQUIA",2025,2,"Antiguo",1724,"TECNOLOGIA EN DELINEANTE DE ARQUITECTURA E INGENIERIA","Femenino",5001,"Antioquia","Medellín","Colombia","Urbana"
2225,2110,"COLEGIO MAYOR DE ANTIOQUIA",2025,2,"Antiguo",1724,"TECNOLOGIA EN DELINEANTE DE ARQUITECTURA E INGENIERIA","Femenino",5001,"Antioquia","Medellín","Colombia","Urbana"
2226,2110,"COLEGIO MAYOR DE ANTIOQUIA",2025,2,"Antiguo",1724,"TECNOLOGIA EN DELINEANTE DE ARQUITECTURA E INGENIERIA","Femenino",5001,"Antioquia","Medellín","Colombia","Urbana"
2227,2110,"COLEGIO MAYOR DE ANTIOQUIA",2025,2,"Antiguo",1724,"TECNOLOGIA EN DELINEANTE DE ARQUITECTURA E INGENIERIA","Masculino",5001,"Antioquia","Medellín","Colombia","Urbana"
2228,2110,"COLEGIO MAYOR DE ANTIOQUIA",2025,2,"Antiguo",1724,"TECNOLOGIA EN DELINEANTE DE ARQUITECTURA E INGENIERIA","Femenino",5001,"Antioquia","Caldas","Colombia","Urbana"
2229,2110,"COLEGIO MAYOR DE ANTIOQUIA",2025,2,"Antiguo",1724,"TECNOLOGIA EN DELINEANTE DE ARQUITECTURA E INGENIERIA","Femenino",5001,"Antioquia","Medellín","Colombia","Urbana"
2230,2110,"COLEGIO MAYOR DE ANTIOQUIA",2025,2,"Antiguo",1724,"TECNOLOGIA EN DELINEANTE DE ARQUITECTURA E INGENIERIA","Femenino",5001,"Antioquia","Medellín","Colombia","Urbana"
2231,2110,"COLEGIO MAYOR DE ANTIOQUIA",2025,2,"Antiguo",1724,"TECNOLOGIA EN DELINEANTE DE ARQUITECTURA E INGENIERIA","Femenino",5001,"Antioquia","Medellín","Colombia","Urbana"
2232,2110,"COLEGIO MAYOR DE ANTIOQUIA",2025,2,"Antiguo",1724,"TECNOLOGIA EN DELINEANTE DE ARQUITECTURA E INGENIERIA","Masculino",5001,"Antioquia","Vigía del Fuerte","Colombia","Urbana"
2233,2110,"COLEGIO MAYOR DE ANTIOQUIA",2025,2,"Antiguo",1724,"TECNOLOGIA EN DELINEANTE DE ARQUITECTURA E INGENIERIA","Femenino",5001,"Antioquia","Medellín","Colombia","Urbana"
2234,2110,"COLEGIO MAYOR DE ANTIOQUIA",2025,2,"Antiguo",1724,"TECNOLOGIA EN DELINEANTE DE ARQUITECTURA E INGENIERIA","Femenino",5001,"Antioquia","Medellín","Colombia","Urbana"
2235,2110,"COLEGIO MAYOR DE ANTIOQUIA",2025,2,"Antiguo",1724,"TECNOLOGIA EN DELINEANTE DE ARQUITECTURA E INGENIERIA","Femenino",5001,"Antioquia","Medellín","Colombia","Urbana"
2236,2110,"COLEGIO MAYOR DE ANTIOQUIA",2025,2,"Antiguo",1724,"TECNOLOGIA EN DELINEANTE DE ARQUITECTURA E INGENIERIA","Masculino",5001,"Antioquia","Medellín","Colombia","Urbana"
2237,2110,"COLEGIO MAYOR DE ANTIOQUIA",2025,2,"Antiguo",1724,"TECNOLOGIA EN DELINEANTE DE ARQUITECTURA E INGENIERIA","Masculino",5001,"Antioquia","Sonsón","Colombia","Urbana"
2238,2110,"COLEGIO MAYOR DE ANTIOQUIA",2025,2,"Antiguo",1724,"TECNOLOGIA EN DELINEANTE DE ARQUITECTURA E INGENIERIA","Femenino",5001,"Antioquia","Medellín","Colombia","Urbana"
2239,2110,"COLEGIO MAYOR DE ANTIOQUIA",2025,2,"Antiguo",1724,"TECNOLOGIA EN DELINEANTE DE ARQUITECTURA E INGENIERIA","Masculino",5001,"Antioquia","Medellín","Colombia","Urbana"
2240,2110,"COLEGIO MAYOR DE ANTIOQUIA",2025,2,"Antiguo",1724,"TECNOLOGIA EN DELINEANTE DE ARQUITECTURA E INGENIERIA","Masculino",5001,"Antioquia","Medellín","Colombia","Urbana"
2241,2110,"COLEGIO MAYOR DE ANTIOQUIA",2025,2,"Antiguo",1724,"TECNOLOGIA EN DELINEANTE DE ARQUITECTURA E INGENIERIA","Femenino",5001,"Antioquia","Medellín","Colombia","Urbana"
2242,2110,"COLEGIO MAYOR DE ANTIOQUIA",2025,2,"Antiguo",1724,"TECNOLOGIA EN DELINEANTE DE ARQUITECTURA E INGENIERIA","Masculino",5001,"Antioquia","Medellín","Colombia","Urbana"
2243,2110,"COLEGIO MAYOR DE ANTIOQUIA",2025,2,"Antiguo",1724,"TECNOLOGIA EN DELINEANTE DE ARQUITECTURA E INGENIERIA","Femenino",5001,"Antioquia","Medellín","Colombia","Urbana"
2244,2110,"COLEGIO MAYOR DE ANTIOQUIA",2025,2,"Antiguo",1724,"TECNOLOGIA EN DELINEANTE DE ARQUITECTURA E INGENIERIA","Masculino",5001,"Antioquia","San Pedro","Colombia","Urbana"
2245,2110,"COLEGIO MAYOR DE ANTIOQUIA",2025,2,"Antiguo",1724,"TECNOLOGIA EN DELINEANTE DE ARQUITECTURA E INGENIERIA","Masculino",5001,"Antioquia","Medellín","Colombia","Urbana"
2246,2110,"COLEGIO MAYOR DE ANTIOQUIA",2025,2,"Antiguo",1724,"TECNOLOGIA EN DELINEANTE DE ARQUITECTURA E INGENIERIA","Femenino",5001,"Antioquia","Medellín","Colombia","Urbana"
2247,2110,"COLEGIO MAYOR DE ANTIOQUIA",2025,2,"Antiguo",1724,"TECNOLOGIA EN DELINEANTE DE ARQUITECTURA E INGENIERIA","Masculino",5001,"Antioquia","La Estrella","Colombia","Urbana"
2248,2110,"COLEGIO MAYOR DE ANTIOQUIA",2025,2,"Antiguo",1724,"TECNOLOGIA EN DELINEANTE DE ARQUITECTURA E INGENIERIA","Masculino",5001,"Antioquia","Don Matías","Colombia","Urbana"
2249,2110,"COLEGIO MAYOR DE ANTIOQUIA",2025,2,"Antiguo",1724,"TECNOLOGIA EN DELINEANTE DE ARQUITECTURA E INGENIERIA","Masculino",5001,"Antioquia","Medellín","Colombia","Urbana"
2250,2110,"COLEGIO MAYOR DE ANTIOQUIA",2025,2,"Antiguo",1724,"TECNOLOGIA EN DELINEANTE DE ARQUITECTURA E INGENIERIA","Femenino",5001,"Antioquia","Medellín","Colombia","Urbana"
2251,2110,"COLEGIO MAYOR DE ANTIOQUIA",2025,2,"Antiguo",1724,"TECNOLOGIA EN DELINEANTE DE ARQUITECTURA E INGENIERIA","Masculino",5001,"Antioquia","Medellín","Colombia","Urbana"
2252,2110,"COLEGIO MAYOR DE ANTIOQUIA",2025,2,"Antiguo",1724,"TECNOLOGIA EN DELINEANTE DE ARQUITECTURA E INGENIERIA","Femenino",5001,"Antioquia","Medellín","Colombia","Urbana"
2253,2110,"COLEGIO MAYOR DE ANTIOQUIA",2025,2,"Antiguo",1724,"TECNOLOGIA EN DELINEANTE DE ARQUITECTURA E INGENIERIA","Masculino",5001,"Antioquia","Medellín","Colombia","Urbana"
2254,2110,"COLEGIO MAYOR DE ANTIOQUIA",2025,2,"Antiguo",1724,"TECNOLOGIA EN DELINEANTE DE ARQUITECTURA E INGENIERIA","Femenino",5001,"Antioquia","Medellín","Colombia","Urbana"
2255,2110,"COLEGIO MAYOR DE ANTIOQUIA",2025,2,"Antiguo",1724,"TECNOLOGIA EN DELINEANTE DE ARQUITECTURA E INGENIERIA","Femenino",5001,"Antioquia","Copacabana","Colombia","Urbana"
2256,2110,"COLEGIO MAYOR DE ANTIOQUIA",2025,2,"Antiguo",1724,"TECNOLOGIA EN DELINEANTE DE ARQUITECTURA E INGENIERIA","Femenino",5001,"Antioquia","Medellín","Colombia","Urbana"
2257,2110,"COLEGIO MAYOR DE ANTIOQUIA",2025,2,"Antiguo",1724,"TECNOLOGIA EN DELINEANTE DE ARQUITECTURA E INGENIERIA","Femenino",5001,"Antioquia","Medellín","Colombia","Urbana"
2258,2110,"COLEGIO MAYOR DE ANTIOQUIA",2025,2,"Antiguo",1724,"TECNOLOGIA EN DELINEANTE DE ARQUITECTURA E INGENIERIA","Masculino",5001,"Antioquia","Medellín","Colombia","Urbana"
2259,2110,"COLEGIO MAYOR DE ANTIOQUIA",2025,2,"Antiguo",1724,"TECNOLOGIA EN DELINEANTE DE ARQUITECTURA E INGENIERIA","Femenino",5001,"Antioquia","Medellín","Colombia","Urbana"
2260,2110,"COLEGIO MAYOR DE ANTIOQUIA",2025,2,"Antiguo",1724,"TECNOLOGIA EN DELINEANTE DE ARQUITECTURA E INGENIERIA","Masculino",5001,"Antioquia","Medellín","Colombia","Urbana"
2261,2110,"COLEGIO MAYOR DE ANTIOQUIA",2025,2,"Antiguo",1724,"TECNOLOGIA EN DELINEANTE DE ARQUITECTURA E INGENIERIA","Masculino",5001,"Antioquia","Medellín","Colombia","Urbana"
2262,2110,"COLEGIO MAYOR DE ANTIOQUIA",2025,2,"Antiguo",1724,"TECNOLOGIA EN DELINEANTE DE ARQUITECTURA E INGENIERIA","Masculino",5001,"Antioquia","Medellín","Colombia","Urbana"
2263,2110,"COLEGIO MAYOR DE ANTIOQUIA",2025,2,"Antiguo",1724,"TECNOLOGIA EN DELINEANTE DE ARQUITECTURA E INGENIERIA","Masculino",5001,"Antioquia","Medellín","Colombia","Urbana"
2264,2110,"COLEGIO MAYOR DE ANTIOQUIA",2025,2,"Antiguo",1724,"TECNOLOGIA EN DELINEANTE DE ARQUITECTURA E INGENIERIA","Masculino",5001,"Antioquia","Medellín","Colombia","Urbana"
2265,2110,"COLEGIO MAYOR DE ANTIOQUIA",2025,2,"Antiguo",1724,"TECNOLOGIA EN DELINEANTE DE ARQUITECTURA E INGENIERIA","Femenino",5001,"Antioquia","Guarne","Colombia","Urbana"
2266,2110,"COLEGIO MAYOR DE ANTIOQUIA",2025,2,"Antiguo",1724,"TECNOLOGIA EN DELINEANTE DE ARQUITECTURA E INGENIERIA","Femenino",5001,"Antioquia","Medellín","Colombia","Urbana"
2267,2110,"COLEGIO MAYOR DE ANTIOQUIA",2025,2,"Antiguo",1724,"TECNOLOGIA EN DELINEANTE DE ARQUITECTURA E INGENIERIA","Masculino",5001,"Antioquia","Medellín","Colombia","Urbana"
2268,2110,"COLEGIO MAYOR DE ANTIOQUIA",2025,2,"Antiguo",1724,"TECNOLOGIA EN DELINEANTE DE ARQUITECTURA E INGENIERIA","Masculino",5001,"Antioquia","Santa Fé de Antioquia","Colombia","Urbana"
2269,2110,"COLEGIO MAYOR DE ANTIOQUIA",2025,2,"Antiguo",1724,"TECNOLOGIA EN DELINEANTE DE ARQUITECTURA E INGENIERIA","Masculino",5001,"Antioquia","Medellín","Colombia","Urbana"
2270,2110,"COLEGIO MAYOR DE ANTIOQUIA",2025,2,"Antiguo",1724,"TECNOLOGIA EN DELINEANTE DE ARQUITECTURA E INGENIERIA","Masculino",5001,"Antioquia","Guarne","Colombia","Urbana"
2271,2110,"COLEGIO MAYOR DE ANTIOQUIA",2025,2,"Antiguo",1724,"TECNOLOGIA EN DELINEANTE DE ARQUITECTURA E INGENIERIA","Femenino",5001,"Antioquia","Caldas","Colombia","Urbana"
2272,2110,"COLEGIO MAYOR DE ANTIOQUIA",2025,2,"Antiguo",1724,"TECNOLOGIA EN DELINEANTE DE ARQUITECTURA E INGENIERIA","Masculino",5001,"Antioquia","Medellín","Colombia","Urbana"
2273,2110,"COLEGIO MAYOR DE ANTIOQUIA",2025,2,"Antiguo",1724,"TECNOLOGIA EN DELINEANTE DE ARQUITECTURA E INGENIERIA","Masculino",5001,"Antioquia","Medellín","Colombia","Urbana"
2274,2110,"COLEGIO MAYOR DE ANTIOQUIA",2025,2,"Antiguo",1724,"TECNOLOGIA EN DELINEANTE DE ARQUITECTURA E INGENIERIA","Femenino",5001,"Antioquia","Copacabana","Colombia","Urbana"
2275,2110,"COLEGIO MAYOR DE ANTIOQUIA",2025,2,"Antiguo",1724,"TECNOLOGIA EN DELINEANTE DE ARQUITECTURA E INGENIERIA","Femenino",5001,"Antioquia","Medellín","Colombia","Urbana"
2276,2110,"COLEGIO MAYOR DE ANTIOQUIA",2025,2,"Antiguo",1724,"TECNOLOGIA EN DELINEANTE DE ARQUITECTURA E INGENIERIA","Masculino",5001,"Antioquia","Medellín","Colombia","Urbana"
2277,2110,"COLEGIO MAYOR DE ANTIOQUIA",2025,2,"Antiguo",1724,"TECNOLOGIA EN DELINEANTE DE ARQUITECTURA E INGENIERIA","Masculino",5001,"Antioquia","Medellín","Colombia","Urbana"
2278,2110,"COLEGIO MAYOR DE ANTIOQUIA",2025,2,"Antiguo",1724,"TECNOLOGIA EN DELINEANTE DE ARQUITECTURA E INGENIERIA","Masculino",5001,"Antioquia","Medellín","Colombia","Urbana"
2279,2110,"COLEGIO MAYOR DE ANTIOQUIA",2025,2,"Antiguo",1724,"TECNOLOGIA EN DELINEANTE DE ARQUITECTURA E INGENIERIA","Femenino",5001,"Antioquia","Medellín","Colombia","Urbana"
2280,2110,"COLEGIO MAYOR DE ANTIOQUIA",2025,2,"Antiguo",1724,"TECNOLOGIA EN DELINEANTE DE ARQUITECTURA E INGENIERIA","Femenino",5001,"Antioquia","Medellín","Colombia","Urbana"
2281,2110,"COLEGIO MAYOR DE ANTIOQUIA",2025,2,"Antiguo",1724,"TECNOLOGIA EN DELINEANTE DE ARQUITECTURA E INGENIERIA","Masculino",5001,"Antioquia","Medellín","Colombia","Urbana"
2282,2110,"COLEGIO MAYOR DE ANTIOQUIA",2025,2,"Antiguo",1724,"TECNOLOGIA EN DELINEANTE DE ARQUITECTURA E INGENIERIA","Masculino",5001,"Antioquia","Medellín","Colombia","Urbana"
2283,2110,"COLEGIO MAYOR DE ANTIOQUIA",2025,2,"Antiguo",1724,"TECNOLOGIA EN DELINEANTE DE ARQUITECTURA E INGENIERIA","Masculino",5001,"Antioquia","Medellín","Colombia","Urbana"
2284,2110,"COLEGIO MAYOR DE ANTIOQUIA",2025,2,"Antiguo",1724,"TECNOLOGIA EN DELINEANTE DE ARQUITECTURA E INGENIERIA","Masculino",5001,"Antioquia","Medellín","Colombia","Urbana"
2285,2110,"COLEGIO MAYOR DE ANTIOQUIA",2025,2,"Antiguo",1724,"TECNOLOGIA EN DELINEANTE DE ARQUITECTURA E INGENIERIA","Femenino",5001,"Antioquia","Medellín","Colombia","Urbana"
2286,2110,"COLEGIO MAYOR DE ANTIOQUIA",2025,2,"Antiguo",1724,"TECNOLOGIA EN DELINEANTE DE ARQUITECTURA E INGENIERIA","Masculino",5001,"Antioquia","Medellín","Colombia","Urbana"
2287,2110,"COLEGIO MAYOR DE ANTIOQUIA",2025,2,"Antiguo",1724,"TECNOLOGIA EN DELINEANTE DE ARQUITECTURA E INGENIERIA","Masculino",5001,"Antioquia","Santo Domingo","Colombia","Urbana"
2288,2110,"COLEGIO MAYOR DE ANTIOQUIA",2025,2,"Antiguo",1724,"TECNOLOGIA EN DELINEANTE DE ARQUITECTURA E INGENIERIA","Masculino",5001,"Antioquia","Medellín","Colombia","Urbana"
2289,2110,"COLEGIO MAYOR DE ANTIOQUIA",2025,2,"Antiguo",1724,"TECNOLOGIA EN DELINEANTE DE ARQUITECTURA E INGENIERIA","Femenino",5001,"Antioquia","Medellín","Colombia","Urbana"
2290,2110,"COLEGIO MAYOR DE ANTIOQUIA",2025,2,"Antiguo",1724,"TECNOLOGIA EN DELINEANTE DE ARQUITECTURA E INGENIERIA","Masculino",5001,"Antioquia","Medellín","Colombia","Urbana"
2291,2110,"COLEGIO MAYOR DE ANTIOQUIA",2025,2,"Antiguo",1724,"TECNOLOGIA EN DELINEANTE DE ARQUITECTURA E INGENIERIA","Femenino",5001,"Antioquia","Barbosa","Colombia","Urbana"
2292,2110,"COLEGIO MAYOR DE ANTIOQUIA",2025,2,"Antiguo",1724,"TECNOLOGIA EN DELINEANTE DE ARQUITECTURA E INGENIERIA","Masculino",5001,"Antioquia","Bello","Colombia","Urbana"
2293,2110,"COLEGIO MAYOR DE ANTIOQUIA",2025,2,"Antiguo",1724,"TECNOLOGIA EN DELINEANTE DE ARQUITECTURA E INGENIERIA","Femenino",5001,"Antioquia","Medellín","Colombia","Urbana"
2294,2110,"COLEGIO MAYOR DE ANTIOQUIA",2025,2,"Antiguo",1724,"TECNOLOGIA EN DELINEANTE DE ARQUITECTURA E INGENIERIA","Masculino",5001,"Antioquia","Medellín","Colombia","Urbana"
2295,2110,"COLEGIO MAYOR DE ANTIOQUIA",2025,2,"Antiguo",1724,"TECNOLOGIA EN DELINEANTE DE ARQUITECTURA E INGENIERIA","Femenino",5001,"Antioquia","Medellín","Colombia","Urbana"
2296,2110,"COLEGIO MAYOR DE ANTIOQUIA",2025,2,"Antiguo",1724,"TECNOLOGIA EN DELINEANTE DE ARQUITECTURA E INGENIERIA","Femenino",5001,"Antioquia","Bello","Colombia","Urbana"
2297,2110,"COLEGIO MAYOR DE ANTIOQUIA",2025,2,"Antiguo",1724,"TECNOLOGIA EN DELINEANTE DE ARQUITECTURA E INGENIERIA","Femenino",5001,"Antioquia","Medellín","Colombia","Urbana"
2298,2110,"COLEGIO MAYOR DE ANTIOQUIA",2025,2,"Antiguo",1724,"TECNOLOGIA EN DELINEANTE DE ARQUITECTURA E INGENIERIA","Masculino",5001,"Antioquia","Medellín","Colombia","Urbana"
2299,2110,"COLEGIO MAYOR DE ANTIOQUIA",2025,2,"Antiguo",1724,"TECNOLOGIA EN DELINEANTE DE ARQUITECTURA E INGENIERIA","Femenino",5001,"Antioquia","Medellín","Colombia","Urbana"
2300,2110,"COLEGIO MAYOR DE ANTIOQUIA",2025,2,"Antiguo",1724,"TECNOLOGIA EN DELINEANTE DE ARQUITECTURA E INGENIERIA","Femenino",5001,"Antioquia","Medellín","Colombia","Urbana"
2301,2110,"COLEGIO MAYOR DE ANTIOQUIA",2025,2,"Antiguo",1724,"TECNOLOGIA EN DELINEANTE DE ARQUITECTURA E INGENIERIA","Femenino",5001,"Antioquia","Medellín","Colombia","Urbana"
2302,2110,"COLEGIO MAYOR DE ANTIOQUIA",2025,2,"Antiguo",1724,"TECNOLOGIA EN DELINEANTE DE ARQUITECTURA E INGENIERIA","Femenino",5001,"Antioquia","Medellín","Colombia","Urbana"
2303,2110,"COLEGIO MAYOR DE ANTIOQUIA",2025,2,"Antiguo",1724,"TECNOLOGIA EN DELINEANTE DE ARQUITECTURA E INGENIERIA","Masculino",5001,"Antioquia","Medellín","Colombia","Urbana"
2304,2110,"COLEGIO MAYOR DE ANTIOQUIA",2025,2,"Antiguo",1724,"TECNOLOGIA EN DELINEANTE DE ARQUITECTURA E INGENIERIA","Femenino",5001,"Antioquia","Medellín","Colombia","Urbana"
2305,2110,"COLEGIO MAYOR DE ANTIOQUIA",2025,2,"Antiguo",1724,"TECNOLOGIA EN DELINEANTE DE ARQUITECTURA E INGENIERIA","Femenino",5001,"Antioquia","Medellín","Colombia","Urbana"
2306,2110,"COLEGIO MAYOR DE ANTIOQUIA",2025,2,"Antiguo",1724,"TECNOLOGIA EN DELINEANTE DE ARQUITECTURA E INGENIERIA","Femenino",5001,"Antioquia","Medellín","Colombia","Urbana"
2307,2110,"COLEGIO MAYOR DE ANTIOQUIA",2025,2,"Antiguo",1724,"TECNOLOGIA EN DELINEANTE DE ARQUITECTURA E INGENIERIA","Masculino",5001,"Antioquia","Medellín","Colombia","Urbana"
2308,2110,"COLEGIO MAYOR DE ANTIOQUIA",2025,2,"Antiguo",1724,"TECNOLOGIA EN DELINEANTE DE ARQUITECTURA E INGENIERIA","Masculino",5001,"Antioquia","Apartadó","Colombia","Urbana"
2309,2110,"COLEGIO MAYOR DE ANTIOQUIA",2025,2,"Antiguo",1724,"TECNOLOGIA EN DELINEANTE DE ARQUITECTURA E INGENIERIA","Femenino",5001,"Antioquia","Medellín","Colombia","Urbana"
2310,2110,"COLEGIO MAYOR DE ANTIOQUIA",2025,2,"Antiguo",1724,"TECNOLOGIA EN DELINEANTE DE ARQUITECTURA E INGENIERIA","Femenino",5001,"Antioquia","Envigado","Colombia","Urbana"
2311,2110,"COLEGIO MAYOR DE ANTIOQUIA",2025,2,"Antiguo",1724,"TECNOLOGIA EN DELINEANTE DE ARQUITECTURA E INGENIERIA","Femenino",5001,"Antioquia","Medellín","Colombia","Urbana"
2312,2110,"COLEGIO MAYOR DE ANTIOQUIA",2025,2,"Antiguo",1724,"TECNOLOGIA EN DELINEANTE DE ARQUITECTURA E INGENIERIA","Femenino",5001,"Antioquia","Medellín","Colombia","Urbana"
2313,2110,"COLEGIO MAYOR DE ANTIOQUIA",2025,2,"Antiguo",1724,"TECNOLOGIA EN DELINEANTE DE ARQUITECTURA E INGENIERIA","Masculino",5001,"Antioquia","Medellín","Colombia","Urbana"
2314,2110,"COLEGIO MAYOR DE ANTIOQUIA",2025,2,"Antiguo",1724,"TECNOLOGIA EN DELINEANTE DE ARQUITECTURA E INGENIERIA","Femenino",5001,"Antioquia","Medellín","Colombia","Urbana"
2315,2110,"COLEGIO MAYOR DE ANTIOQUIA",2025,2,"Antiguo",1724,"TECNOLOGIA EN DELINEANTE DE ARQUITECTURA E INGENIERIA","Masculino",5001,"Antioquia","Medellín","Colombia","Urbana"
2316,2110,"COLEGIO MAYOR DE ANTIOQUIA",2025,2,"Antiguo",1724,"TECNOLOGIA EN DELINEANTE DE ARQUITECTURA E INGENIERIA","Masculino",5001,"Antioquia","Medellín","Colombia","Urbana"
2317,2110,"COLEGIO MAYOR DE ANTIOQUIA",2025,2,"Reingreso",1724,"TECNOLOGIA EN DELINEANTE DE ARQUITECTURA E INGENIERIA","Masculino",5001,"Antioquia","Medellín","Colombia","Urbana"
2318,2110,"COLEGIO MAYOR DE ANTIOQUIA",2025,2,"Reingreso",1724,"TECNOLOGIA EN DELINEANTE DE ARQUITECTURA E INGENIERIA","Masculino",5001,"Antioquia","Medellín","Colombia","Urbana"
2319,2110,"COLEGIO MAYOR DE ANTIOQUIA",2025,2,"Reingreso",1724,"TECNOLOGIA EN DELINEANTE DE ARQUITECTURA E INGENIERIA","Femenino",5001,"Antioquia","Medellín","Colombia","Urbana"
2320,2110,"COLEGIO MAYOR DE ANTIOQUIA",2025,2,"Reingreso",1724,"TECNOLOGIA EN DELINEANTE DE ARQUITECTURA E INGENIERIA","Masculino",5001,"Antioquia","Itagüí","Colombia","Urbana"
2321,2110,"COLEGIO MAYOR DE ANTIOQUIA",2025,2,"Reingreso",1724,"TECNOLOGIA EN DELINEANTE DE ARQUITECTURA E INGENIERIA","Masculino",5001,"Antioquia","Medellín","Colombia","Urbana"
2322,2110,"COLEGIO MAYOR DE ANTIOQUIA",2025,2,"Reingreso",1724,"TECNOLOGIA EN DELINEANTE DE ARQUITECTURA E INGENIERIA","Masculino",5001,"Antioquia","Medellín","Colombia","Urbana"
2323,2110,"COLEGIO MAYOR DE ANTIOQUIA",2025,2,"Reingreso",1724,"TECNOLOGIA EN DELINEANTE DE ARQUITECTURA E INGENIERIA","Femenino",5001,"Antioquia","Medellín","Colombia","Urbana"
2324,2110,"COLEGIO MAYOR DE ANTIOQUIA",2025,2,"Reingreso",1724,"TECNOLOGIA EN DELINEANTE DE ARQUITECTURA E INGENIERIA","Femenino",5001,"Antioquia","Itagüí","Colombia","Urbana"
2325,2110,"COLEGIO MAYOR DE ANTIOQUIA",2025,2,"Reintegro",1724,"TECNOLOGIA EN DELINEANTE DE ARQUITECTURA E INGENIERIA","Masculino",5001,"Antioquia","Bello","Colombia","Urbana"
2326,2110,"COLEGIO MAYOR DE ANTIOQUIA",2025,2,"Reintegro",1724,"TECNOLOGIA EN DELINEANTE DE ARQUITECTURA E INGENIERIA","Femenino",5001,"Antioquia","Medellín","Colombia","Urbana"
2327,2110,"COLEGIO MAYOR DE ANTIOQUIA",2025,2,"Antiguo",6644,"CONSTRUCCIONES CIVILES","Masculino",5001,"Antioquia","Medellín","Colombia","Urbana"
2328,2110,"COLEGIO MAYOR DE ANTIOQUIA",2025,2,"Antiguo",6644,"CONSTRUCCIONES CIVILES","Masculino",5001,"Antioquia","Medellín","Colombia","Urbana"
2329,2110,"COLEGIO MAYOR DE ANTIOQUIA",2025,2,"Antiguo",6644,"CONSTRUCCIONES CIVILES","Masculino",5001,"Antioquia","Medellín","Colombia","Urbana"
2330,2110,"COLEGIO MAYOR DE ANTIOQUIA",2025,2,"Antiguo",6644,"CONSTRUCCIONES CIVILES","Femenino",5001,"Antioquia","Bello","Colombia","Urbana"
2331,2110,"COLEGIO MAYOR DE ANTIOQUIA",2025,2,"Antiguo",6644,"CONSTRUCCIONES CIVILES","Femenino",5001,"Antioquia","Medellín","Colombia","Urbana"
2332,2110,"COLEGIO MAYOR DE ANTIOQUIA",2025,2,"Antiguo",6644,"CONSTRUCCIONES CIVILES","Masculino",5001,"Antioquia","Medellín","Colombia","Urbana"
2333,2110,"COLEGIO MAYOR DE ANTIOQUIA",2025,2,"Antiguo",6644,"CONSTRUCCIONES CIVILES","Femenino",5001,"Antioquia","Medellín","Colombia","Urbana"
2334,2110,"COLEGIO MAYOR DE ANTIOQUIA",2025,2,"Antiguo",6644,"CONSTRUCCIONES CIVILES","Masculino",5001,"Antioquia","Medellín","Colombia","Urbana"
2335,2110,"COLEGIO MAYOR DE ANTIOQUIA",2025,2,"Antiguo",6644,"CONSTRUCCIONES CIVILES","Masculino",5001,"Antioquia","Medellín","Colombia","Urbana"
2336,2110,"COLEGIO MAYOR DE ANTIOQUIA",2025,2,"Antiguo",6644,"CONSTRUCCIONES CIVILES","Masculino",5001,"Antioquia","Medellín","Colombia","Urbana"
2337,2110,"COLEGIO MAYOR DE ANTIOQUIA",2025,2,"Antiguo",6644,"CONSTRUCCIONES CIVILES","Femenino",5001,"Antioquia","Medellín","Colombia","Urbana"
2338,2110,"COLEGIO MAYOR DE ANTIOQUIA",2025,2,"Antiguo",6644,"CONSTRUCCIONES CIVILES","Femenino",5001,"Antioquia","Medellín","Colombia","Urbana"
2339,2110,"COLEGIO MAYOR DE ANTIOQUIA",2025,2,"Antiguo",6644,"CONSTRUCCIONES CIVILES","Masculino",5001,"Antioquia","Medellín","Colombia","Urbana"
2340,2110,"COLEGIO MAYOR DE ANTIOQUIA",2025,2,"Antiguo",6644,"CONSTRUCCIONES CIVILES","Femenino",5001,"Antioquia","Medellín","Colombia","Urbana"
2341,2110,"COLEGIO MAYOR DE ANTIOQUIA",2025,2,"Antiguo",6644,"CONSTRUCCIONES CIVILES","Masculino",5001,"Antioquia","Medellín","Colombia","Urbana"
2342,2110,"COLEGIO MAYOR DE ANTIOQUIA",2025,2,"Antiguo",6644,"CONSTRUCCIONES CIVILES","Femenino",5001,"Antioquia","Medellín","Colombia","Urbana"
2343,2110,"COLEGIO MAYOR DE ANTIOQUIA",2025,2,"Antiguo",6644,"CONSTRUCCIONES CIVILES","Masculino",5001,"Antioquia","Medellín","Colombia","Urbana"
2344,2110,"COLEGIO MAYOR DE ANTIOQUIA",2025,2,"Antiguo",6644,"CONSTRUCCIONES CIVILES","Masculino",5001,"Antioquia","Itagüí","Colombia","Urbana"
2345,2110,"COLEGIO MAYOR DE ANTIOQUIA",2025,2,"Antiguo",6644,"CONSTRUCCIONES CIVILES","Masculino",5001,"Antioquia","Medellín","Colombia","Urbana"
2346,2110,"COLEGIO MAYOR DE ANTIOQUIA",2025,2,"Antiguo",6644,"CONSTRUCCIONES CIVILES","Masculino",5001,"Antioquia","Medellín","Colombia","Urbana"
2347,2110,"COLEGIO MAYOR DE ANTIOQUIA",2025,2,"Antiguo",6644,"CONSTRUCCIONES CIVILES","Femenino",5001,"Antioquia","Medellín","Colombia","Urbana"
2348,2110,"COLEGIO MAYOR DE ANTIOQUIA",2025,2,"Antiguo",6644,"CONSTRUCCIONES CIVILES","Femenino",5001,"Antioquia","Itagüí","Colombia","Urbana"
2349,2110,"COLEGIO MAYOR DE ANTIOQUIA",2025,2,"Antiguo",6644,"CONSTRUCCIONES CIVILES","Femenino",5001,"Antioquia","Medellín","Colombia","Urbana"
2350,2110,"COLEGIO MAYOR DE ANTIOQUIA",2025,2,"Reingreso",6644,"CONSTRUCCIONES CIVILES","Masculino",5001,"Antioquia","Medellín","Colombia","Urbana"
2351,2110,"COLEGIO MAYOR DE ANTIOQUIA",2025,2,"Reintegro",6644,"CONSTRUCCIONES CIVILES","Masculino",5001,"Antioquia","Bello","Colombia","Urbana"
2352,2110,"COLEGIO MAYOR DE ANTIOQUIA",2025,2,"Reintegro",6644,"CONSTRUCCIONES CIVILES","Masculino",5001,"Antioquia","Medellín","Colombia","Urbana"
2353,2110,"COLEGIO MAYOR DE ANTIOQUIA",2025,2,"Nuevo",6644,"CONSTRUCCIONES CIVILES","Masculino",5001,"Antioquia","Medellín","Colombia","Urbana"
2354,2110,"COLEGIO MAYOR DE ANTIOQUIA",2025,2,"Nuevo",6644,"CONSTRUCCIONES CIVILES","Femenino",5001,"Antioquia","Medellín","Colombia","Urbana"
2355,2110,"COLEGIO MAYOR DE ANTIOQUIA",2025,2,"Nuevo",6644,"CONSTRUCCIONES CIVILES","Femenino",5001,"Antioquia","Medellín","Colombia","Urbana"
2356,2110,"COLEGIO MAYOR DE ANTIOQUIA",2025,2,"Nuevo",6644,"CONSTRUCCIONES CIVILES","Masculino",5001,"Antioquia","Bello","Colombia","Urbana"
2357,2110,"COLEGIO MAYOR DE ANTIOQUIA",2025,2,"Nuevo",6644,"CONSTRUCCIONES CIVILES","Masculino",5001,"Antioquia","Medellín","Colombia","Urbana"
2358,2110,"COLEGIO MAYOR DE ANTIOQUIA",2025,2,"Nuevo",6644,"CONSTRUCCIONES CIVILES","Masculino",5001,"Antioquia","Bello","Colombia","Urbana"
2359,2110,"COLEGIO MAYOR DE ANTIOQUIA",2025,2,"Nuevo",6644,"CONSTRUCCIONES CIVILES","Femenino",5001,"Antioquia","Medellín","Colombia","Urbana"
2360,2110,"COLEGIO MAYOR DE ANTIOQUIA",2025,2,"Nuevo",6644,"CONSTRUCCIONES CIVILES","Femenino",5001,"Antioquia","Medellín","Colombia","Urbana"
2361,2110,"COLEGIO MAYOR DE ANTIOQUIA",2025,2,"Nuevo",6644,"CONSTRUCCIONES CIVILES","Femenino",5001,"Chocó","Istmina","Colombia","Urbana"
2362,2110,"COLEGIO MAYOR DE ANTIOQUIA",2025,2,"Nuevo",6644,"CONSTRUCCIONES CIVILES","Masculino",5001,"Antioquia","Copacabana","Colombia","Urbana"
2363,2110,"COLEGIO MAYOR DE ANTIOQUIA",2025,2,"Nuevo",6644,"CONSTRUCCIONES CIVILES","Masculino",5001,"Antioquia","Medellín","Colombia","Urbana"
2364,2110,"COLEGIO MAYOR DE ANTIOQUIA",2025,2,"Nuevo",6644,"CONSTRUCCIONES CIVILES","Masculino",5001,"Antioquia","Medellín","Colombia","Urbana"
2365,2110,"COLEGIO MAYOR DE ANTIOQUIA",2025,2,"Nuevo",6644,"CONSTRUCCIONES CIVILES","Femenino",5001,"Antioquia","Medellín","Colombia","Urbana"
2366,2110,"COLEGIO MAYOR DE ANTIOQUIA",2025,2,"Nuevo",6644,"CONSTRUCCIONES CIVILES","Femenino",5001,"Antioquia","Itagüí","Colombia","Urbana"
2367,2110,"COLEGIO MAYOR DE ANTIOQUIA",2025,2,"Nuevo",6644,"CONSTRUCCIONES CIVILES","Femenino",5001,"Antioquia","Bello","Colombia","Urbana"
2368,2110,"COLEGIO MAYOR DE ANTIOQUIA",2025,2,"Nuevo",6644,"CONSTRUCCIONES CIVILES","Femenino",5001,"Antioquia","Medellín","Colombia","Urbana"
2369,2110,"COLEGIO MAYOR DE ANTIOQUIA",2025,2,"Nuevo",6644,"CONSTRUCCIONES CIVILES","Femenino",5001,"Antioquia","San Roque","Colombia","Urbana"
2370,2110,"COLEGIO MAYOR DE ANTIOQUIA",2025,2,"Nuevo",6644,"CONSTRUCCIONES CIVILES","Masculino",5001,"Antioquia","Medellín","Colombia","Urbana"
2371,2110,"COLEGIO MAYOR DE ANTIOQUIA",2025,2,"Nuevo",6644,"CONSTRUCCIONES CIVILES","Masculino",5001,"Antioquia","Retiro","Colombia","Urbana"
2372,2110,"COLEGIO MAYOR DE ANTIOQUIA",2025,2,"Nuevo",6644,"CONSTRUCCIONES CIVILES","Masculino",5001,"Antioquia","Medellín","Colombia","Urbana"
2373,2110,"COLEGIO MAYOR DE ANTIOQUIA",2025,2,"Nuevo",6644,"CONSTRUCCIONES CIVILES","Masculino",5001,"Antioquia","Medellín","Colombia","Urbana"
2374,2110,"COLEGIO MAYOR DE ANTIOQUIA",2025,2,"Nuevo",6644,"CONSTRUCCIONES CIVILES","Masculino",5001,"Antioquia","Medellín","Colombia","Urbana"
2375,2110,"COLEGIO MAYOR DE ANTIOQUIA",2025,2,"Nuevo",6644,"CONSTRUCCIONES CIVILES","Masculino",5001,"Antioquia","Copacabana","Colombia","Urbana"
2376,2110,"COLEGIO MAYOR DE ANTIOQUIA",2025,2,"Nuevo",6644,"CONSTRUCCIONES CIVILES","Masculino",5001,"Antioquia","Medellín","Colombia","Urbana"
2377,2110,"COLEGIO MAYOR DE ANTIOQUIA",2025,2,"Nuevo",6644,"CONSTRUCCIONES CIVILES","Femenino",5001,"Antioquia","Bello","Colombia","Urbana"
2378,2110,"COLEGIO MAYOR DE ANTIOQUIA",2025,2,"Nuevo",6644,"CONSTRUCCIONES CIVILES","Masculino",5001,"Antioquia","Medellín","Colombia","Urbana"
2379,2110,"COLEGIO MAYOR DE ANTIOQUIA",2025,2,"Nuevo",6644,"CONSTRUCCIONES CIVILES","Masculino",5001,"Antioquia","Medellín","Colombia","Urbana"
2380,2110,"COLEGIO MAYOR DE ANTIOQUIA",2025,2,"Nuevo",6644,"CONSTRUCCIONES CIVILES","Masculino",5001,"Antioquia","Copacabana","Colombia","Urbana"
2381,2110,"COLEGIO MAYOR DE ANTIOQUIA",2025,2,"Nuevo",6644,"CONSTRUCCIONES CIVILES","Masculino",5001,"Antioquia","Medellín","Colombia","Urbana"
2382,2110,"COLEGIO MAYOR DE ANTIOQUIA",2025,2,"Nuevo",6644,"CONSTRUCCIONES CIVILES","Masculino",5001,"Antioquia","Bello","Colombia","Urbana"
2383,2110,"COLEGIO MAYOR DE ANTIOQUIA",2025,2,"Nuevo",6644,"CONSTRUCCIONES CIVILES","Masculino",5001,"La Guajira","Maicao","Colombia","Urbana"
2384,2110,"COLEGIO MAYOR DE ANTIOQUIA",2025,2,"Nuevo",6644,"CONSTRUCCIONES CIVILES","Masculino",5001,"Valle del Cauca","Buenaventura","Colombia","Urbana"
2385,2110,"COLEGIO MAYOR DE ANTIOQUIA",2025,2,"Nuevo",6644,"CONSTRUCCIONES CIVILES","Femenino",5001,"Antioquia","Medellín","Colombia","Urbana"
2386,2110,"COLEGIO MAYOR DE ANTIOQUIA",2025,2,"Nuevo",6644,"CONSTRUCCIONES CIVILES","Masculino",5001,"Antioquia","Medellín","Colombia","Urbana"
2387,2110,"COLEGIO MAYOR DE ANTIOQUIA",2025,2,"Nuevo",6644,"CONSTRUCCIONES CIVILES","Femenino",5001,"Antioquia","Envigado","Colombia","Urbana"
2388,2110,"COLEGIO MAYOR DE ANTIOQUIA",2025,2,"Nuevo",6644,"CONSTRUCCIONES CIVILES","Femenino",5001,"Antioquia","Medellín","Colombia","Urbana"
2389,2110,"COLEGIO MAYOR DE ANTIOQUIA",2025,2,"Nuevo",6644,"CONSTRUCCIONES CIVILES","Masculino",5001,"Antioquia","Medellín","Colombia","Urbana"
2390,2110,"COLEGIO MAYOR DE ANTIOQUIA",2025,2,"Nuevo",6644,"CONSTRUCCIONES CIVILES","Masculino",5001,"Antioquia","Medellín","Colombia","Urbana"
2391,2110,"COLEGIO MAYOR DE ANTIOQUIA",2025,2,"Nuevo",6644,"CONSTRUCCIONES CIVILES","Masculino",5001,"Antioquia","Medellín","Colombia","Urbana"
2392,2110,"COLEGIO MAYOR DE ANTIOQUIA",2025,2,"Nuevo",6644,"CONSTRUCCIONES CIVILES","Masculino",5001,"Antioquia","Medellín","Colombia","Urbana"
2393,2110,"COLEGIO MAYOR DE ANTIOQUIA",2025,2,"Nuevo",6644,"CONSTRUCCIONES CIVILES","Masculino",5001,"Antioquia","Medellín","Colombia","Urbana"
2394,2110,"COLEGIO MAYOR DE ANTIOQUIA",2025,2,"Nuevo",6644,"CONSTRUCCIONES CIVILES","Masculino",5001,"Antioquia","Medellín","Colombia","Urbana"
2395,2110,"COLEGIO MAYOR DE ANTIOQUIA",2025,2,"Nuevo",6644,"CONSTRUCCIONES CIVILES","Masculino",5001,"Antioquia","Medellín","Colombia","Urbana"
2396,2110,"COLEGIO MAYOR DE ANTIOQUIA",2025,2,"Nuevo",6644,"CONSTRUCCIONES CIVILES","Masculino",5001,"Sucre","San Marcos","Colombia","Urbana"
2397,2110,"COLEGIO MAYOR DE ANTIOQUIA",2025,2,"Nuevo",6644,"CONSTRUCCIONES CIVILES","Masculino",5001,"Antioquia","Medellín","Colombia","Urbana"
2398,2110,"COLEGIO MAYOR DE ANTIOQUIA",2025,2,"Nuevo",6644,"CONSTRUCCIONES CIVILES","Femenino",5001,"Antioquia","Medellín","Colombia","Urbana"
2399,2110,"COLEGIO MAYOR DE ANTIOQUIA",2025,2,"Nuevo",6644,"CONSTRUCCIONES CIVILES","Masculino",5001,"Antioquia","Bello","Colombia","Urbana"
2400,2110,"COLEGIO MAYOR DE ANTIOQUIA",2025,2,"Nuevo",6644,"CONSTRUCCIONES CIVILES","Masculino",5001,"Antioquia","Santo Domingo","Colombia","Urbana"
2401,2110,"COLEGIO MAYOR DE ANTIOQUIA",2025,2,"Nuevo",6644,"CONSTRUCCIONES CIVILES","Masculino",5001,"Antioquia","Medellín","Colombia","Urbana"
2402,2110,"COLEGIO MAYOR DE ANTIOQUIA",2025,2,"Nuevo",6644,"CONSTRUCCIONES CIVILES","Masculino",5001,"Antioquia","Medellín","Colombia","Urbana"
2403,2110,"COLEGIO MAYOR DE ANTIOQUIA",2025,2,"Nuevo",6644,"CONSTRUCCIONES CIVILES","Masculino",5001,"Antioquia","Medellín","Colombia","Urbana"
2404,2110,"COLEGIO MAYOR DE ANTIOQUIA",2025,2,"Nuevo",6644,"CONSTRUCCIONES CIVILES","Masculino",5001,"Antioquia","Medellín","Colombia","Urbana"
2405,2110,"COLEGIO MAYOR DE ANTIOQUIA",2025,2,"Nuevo",6644,"CONSTRUCCIONES CIVILES","Masculino",5001,"Antioquia","Bello","Colombia","Urbana"
2406,2110,"COLEGIO MAYOR DE ANTIOQUIA",2025,2,"Nuevo",6644,"CONSTRUCCIONES CIVILES","Femenino",5001,"Antioquia","Medellín","Colombia","Urbana"
2407,2110,"COLEGIO MAYOR DE ANTIOQUIA",2025,2,"Nuevo",6644,"CONSTRUCCIONES CIVILES","Femenino",5001,"Antioquia","Medellín","Colombia","Urbana"
2408,2110,"COLEGIO MAYOR DE ANTIOQUIA",2025,2,"Nuevo",6644,"CONSTRUCCIONES CIVILES","Femenino",5001,"Antioquia","Medellín","Colombia","Urbana"
2409,2110,"COLEGIO MAYOR DE ANTIOQUIA",2025,2,"Transferencia interna",6644,"CONSTRUCCIONES CIVILES","Femenino",5001,"Antioquia","Medellín","Colombia","Urbana"
2410,2110,"COLEGIO MAYOR DE ANTIOQUIA",2025,2,"Transferencia externa",6644,"CONSTRUCCIONES CIVILES","Masculino",5001,"Antioquia","Medellín","Colombia","Urbana"
2411,2110,"COLEGIO MAYOR DE ANTIOQUIA",2025,2,"Transferencia externa",6644,"CONSTRUCCIONES CIVILES","Masculino",5001,"Antioquia","Medellín","Colombia","Urbana"
2412,2110,"COLEGIO MAYOR DE ANTIOQUIA",2025,2,"Transferencia externa",6644,"CONSTRUCCIONES CIVILES","Masculino",5001,"Antioquia","Bello","Colombia","Urbana"
2413,2110,"COLEGIO MAYOR DE ANTIOQUIA",2025,2,"Transferencia externa",6644,"CONSTRUCCIONES CIVILES","Masculino",5001,"Antioquia","Medellín","Colombia","Urbana"
2414,2110,"COLEGIO MAYOR DE ANTIOQUIA",2025,2,"Transferencia externa",6644,"CONSTRUCCIONES CIVILES","Masculino",5001,"Antioquia","Medellín","Colombia","Urbana"
2415,2110,"COLEGIO MAYOR DE ANTIOQUIA",2025,2,"Transferencia externa",6644,"CONSTRUCCIONES CIVILES","Masculino",5001,"Antioquia","Sabaneta","Colombia","Urbana"
2416,2110,"COLEGIO MAYOR DE ANTIOQUIA",2025,2,"Transferencia externa",6644,"CONSTRUCCIONES CIVILES","Masculino",5001,"Antioquia","Medellín","Colombia","Urbana"
2417,2110,"COLEGIO MAYOR DE ANTIOQUIA",2025,2,"Transferencia externa",6644,"CONSTRUCCIONES CIVILES","Masculino",5001,"Antioquia","Sabaneta","Colombia","Urbana"
2418,2110,"COLEGIO MAYOR DE ANTIOQUIA",2025,2,"Transferencia externa",6644,"CONSTRUCCIONES CIVILES","Femenino",5001,"Antioquia","Medellín","Colombia","Urbana"
2419,2110,"COLEGIO MAYOR DE ANTIOQUIA",2025,2,"Transferencia externa",6644,"CONSTRUCCIONES CIVILES","Masculino",5001,"Antioquia","Medellín","Colombia","Urbana"
2420,2110,"COLEGIO MAYOR DE ANTIOQUIA",2025,2,"Transferencia externa",6644,"CONSTRUCCIONES CIVILES","Masculino",5001,"Antioquia","Medellín","Colombia","Urbana"
2421,2110,"COLEGIO MAYOR DE ANTIOQUIA",2025,2,"Transferencia externa",6644,"CONSTRUCCIONES CIVILES","Masculino",5001,"Antioquia","Medellín","Colombia","Urbana"
2422,2110,"COLEGIO MAYOR DE ANTIOQUIA",2025,2,"Transferencia externa",6644,"CONSTRUCCIONES CIVILES","Masculino",5001,"Antioquia","Medellín","Colombia","Urbana"
2423,2110,"COLEGIO MAYOR DE ANTIOQUIA",2025,2,"Transferencia externa",6644,"CONSTRUCCIONES CIVILES","Masculino",5001,"Antioquia","Medellín","Colombia","Urbana"
2424,2110,"COLEGIO MAYOR DE ANTIOQUIA",2025,2,"Transferencia externa",6644,"CONSTRUCCIONES CIVILES","Masculino",5001,"Antioquia","Medellín","Colombia","Urbana"
2425,2110,"COLEGIO MAYOR DE ANTIOQUIA",2025,2,"Transferencia externa",6644,"CONSTRUCCIONES CIVILES","Femenino",5001,"Antioquia","Medellín","Colombia","Urbana"
2426,2110,"COLEGIO MAYOR DE ANTIOQUIA",2025,2,"Transferencia externa",6644,"CONSTRUCCIONES CIVILES","Masculino",5001,"Antioquia","Caldas","Colombia","Urbana"
2427,2110,"COLEGIO MAYOR DE ANTIOQUIA",2025,2,"Transferencia externa",6644,"CONSTRUCCIONES CIVILES","Femenino",5001,"Antioquia","Medellín","Colombia","Urbana"
2428,2110,"COLEGIO MAYOR DE ANTIOQUIA",2025,2,"Transferencia externa",6644,"CONSTRUCCIONES CIVILES","Masculino",5001,"Antioquia","Medellín","Colombia","Urbana"
2429,2110,"COLEGIO MAYOR DE ANTIOQUIA",2025,2,"Transferencia externa",6644,"CONSTRUCCIONES CIVILES","Masculino",5001,"Antioquia","Medellín","Colombia","Urbana"
2430,2110,"COLEGIO MAYOR DE ANTIOQUIA",2025,2,"Transferencia externa",6644,"CONSTRUCCIONES CIVILES","Masculino",5001,"Antioquia","Medellín","Colombia","Urbana"
2431,2110,"COLEGIO MAYOR DE ANTIOQUIA",2025,2,"Transferencia externa",6644,"CONSTRUCCIONES CIVILES","Masculino",5001,"Antioquia","Medellín","Colombia","Urbana"
2432,2110,"COLEGIO MAYOR DE ANTIOQUIA",2025,2,"Transferencia externa",6644,"CONSTRUCCIONES CIVILES","Femenino",5001,"Antioquia","Medellín","Colombia","Urbana"
2433,2110,"COLEGIO MAYOR DE ANTIOQUIA",2025,2,"Transferencia externa",6644,"CONSTRUCCIONES CIVILES","Femenino",5001,"Antioquia","Medellín","Colombia","Urbana"
2434,2110,"COLEGIO MAYOR DE ANTIOQUIA",2025,2,"Transferencia externa",6644,"CONSTRUCCIONES CIVILES","Femenino",5001,"Antioquia","Itagüí","Colombia","Urbana"
2435,2110,"COLEGIO MAYOR DE ANTIOQUIA",2025,2,"Antiguo",6644,"CONSTRUCCIONES CIVILES","Masculino",5001,"Antioquia","Medellín","Colombia","Urbana"
2436,2110,"COLEGIO MAYOR DE ANTIOQUIA",2025,2,"Antiguo",6644,"CONSTRUCCIONES CIVILES","Masculino",5001,"Antioquia","Medellín","Colombia","Urbana"
2437,2110,"COLEGIO MAYOR DE ANTIOQUIA",2025,2,"Antiguo",6644,"CONSTRUCCIONES CIVILES","Masculino",5001,"Antioquia","Medellín","Colombia","Urbana"
2438,2110,"COLEGIO MAYOR DE ANTIOQUIA",2025,2,"Antiguo",6644,"CONSTRUCCIONES CIVILES","Femenino",5001,"Antioquia","Medellín","Colombia","Urbana"
2439,2110,"COLEGIO MAYOR DE ANTIOQUIA",2025,2,"Antiguo",6644,"CONSTRUCCIONES CIVILES","Masculino",5001,"Antioquia","Medellín","Colombia","Urbana"
2440,2110,"COLEGIO MAYOR DE ANTIOQUIA",2025,2,"Antiguo",6644,"CONSTRUCCIONES CIVILES","Masculino",5001,"Antioquia","Medellín","Colombia","Urbana"
2441,2110,"COLEGIO MAYOR DE ANTIOQUIA",2025,2,"Antiguo",6644,"CONSTRUCCIONES CIVILES","Masculino",5001,"Antioquia","Medellín","Colombia","Urbana"
2442,2110,"COLEGIO MAYOR DE ANTIOQUIA",2025,2,"Antiguo",6644,"CONSTRUCCIONES CIVILES","Masculino",5001,"Antioquia","Abriaquí","Colombia","Urbana"
2443,2110,"COLEGIO MAYOR DE ANTIOQUIA",2025,2,"Antiguo",6644,"CONSTRUCCIONES CIVILES","Masculino",5001,"Antioquia","Medellín","Colombia","Urbana"
2444,2110,"COLEGIO MAYOR DE ANTIOQUIA",2025,2,"Antiguo",6644,"CONSTRUCCIONES CIVILES","Femenino",5001,"Antioquia","Medellín","Colombia","Urbana"
2445,2110,"COLEGIO MAYOR DE ANTIOQUIA",2025,2,"Antiguo",6644,"CONSTRUCCIONES CIVILES","Femenino",5001,"Antioquia","Medellín","Colombia","Urbana"
2446,2110,"COLEGIO MAYOR DE ANTIOQUIA",2025,2,"Antiguo",6644,"CONSTRUCCIONES CIVILES","Masculino",5001,"Antioquia","Medellín","Colombia","Urbana"
2447,2110,"COLEGIO MAYOR DE ANTIOQUIA",2025,2,"Antiguo",6644,"CONSTRUCCIONES CIVILES","Masculino",5001,"Antioquia","Medellín","Colombia","Urbana"
2448,2110,"COLEGIO MAYOR DE ANTIOQUIA",2025,2,"Antiguo",6644,"CONSTRUCCIONES CIVILES","Femenino",5001,"Antioquia","Medellín","Colombia","Urbana"
2449,2110,"COLEGIO MAYOR DE ANTIOQUIA",2025,2,"Antiguo",6644,"CONSTRUCCIONES CIVILES","Femenino",5001,"Antioquia","Medellín","Colombia","Urbana"
2450,2110,"COLEGIO MAYOR DE ANTIOQUIA",2025,2,"Antiguo",6644,"CONSTRUCCIONES CIVILES","Masculino",5001,"Antioquia","Medellín","Colombia","Urbana"
2451,2110,"COLEGIO MAYOR DE ANTIOQUIA",2025,2,"Antiguo",6644,"CONSTRUCCIONES CIVILES","Masculino",5001,"Antioquia","Girardota","Colombia","Urbana"
2452,2110,"COLEGIO MAYOR DE ANTIOQUIA",2025,2,"Antiguo",6644,"CONSTRUCCIONES CIVILES","Femenino",5001,"Antioquia","San Luís","Colombia","Urbana"
2453,2110,"COLEGIO MAYOR DE ANTIOQUIA",2025,2,"Antiguo",6644,"CONSTRUCCIONES CIVILES","Masculino",5001,"Antioquia","Medellín","Colombia","Urbana"
2454,2110,"COLEGIO MAYOR DE ANTIOQUIA",2025,2,"Antiguo",6644,"CONSTRUCCIONES CIVILES","Femenino",5001,"Antioquia","Medellín","Colombia","Urbana"
2455,2110,"COLEGIO MAYOR DE ANTIOQUIA",2025,2,"Antiguo",6644,"CONSTRUCCIONES CIVILES","Femenino",5001,"Antioquia","Medellín","Colombia","Urbana"
2456,2110,"COLEGIO MAYOR DE ANTIOQUIA",2025,2,"Antiguo",6644,"CONSTRUCCIONES CIVILES","Femenino",5001,"Antioquia","Medellín","Colombia","Urbana"
2457,2110,"COLEGIO MAYOR DE ANTIOQUIA",2025,2,"Antiguo",6644,"CONSTRUCCIONES CIVILES","Masculino",5001,"Antioquia","Medellín","Colombia","Urbana"
2458,2110,"COLEGIO MAYOR DE ANTIOQUIA",2025,2,"Antiguo",6644,"CONSTRUCCIONES CIVILES","Masculino",5001,"Antioquia","Medellín","Colombia","Urbana"
2459,2110,"COLEGIO MAYOR DE ANTIOQUIA",2025,2,"Antiguo",6644,"CONSTRUCCIONES CIVILES","Masculino",5001,"Antioquia","Heliconia","Colombia","Urbana"
2460,2110,"COLEGIO MAYOR DE ANTIOQUIA",2025,2,"Antiguo",6644,"CONSTRUCCIONES CIVILES","Masculino",5001,"Antioquia","Medellín","Colombia","Urbana"
2461,2110,"COLEGIO MAYOR DE ANTIOQUIA",2025,2,"Antiguo",6644,"CONSTRUCCIONES CIVILES","Masculino",5001,"Antioquia","Medellín","Colombia","Urbana"
2462,2110,"COLEGIO MAYOR DE ANTIOQUIA",2025,2,"Antiguo",6644,"CONSTRUCCIONES CIVILES","Masculino",5001,"Antioquia","Copacabana","Colombia","Urbana"
2463,2110,"COLEGIO MAYOR DE ANTIOQUIA",2025,2,"Antiguo",6644,"CONSTRUCCIONES CIVILES","Femenino",5001,"Antioquia","Medellín","Colombia","Urbana"
2464,2110,"COLEGIO MAYOR DE ANTIOQUIA",2025,2,"Antiguo",6644,"CONSTRUCCIONES CIVILES","Masculino",5001,"Antioquia","Medellín","Colombia","Urbana"
2465,2110,"COLEGIO MAYOR DE ANTIOQUIA",2025,2,"Antiguo",6644,"CONSTRUCCIONES CIVILES","Masculino",5001,"Antioquia","Medellín","Colombia","Urbana"
2466,2110,"COLEGIO MAYOR DE ANTIOQUIA",2025,2,"Antiguo",6644,"CONSTRUCCIONES CIVILES","Femenino",5001,"Antioquia","Medellín","Colombia","Urbana"
2467,2110,"COLEGIO MAYOR DE ANTIOQUIA",2025,2,"Antiguo",6644,"CONSTRUCCIONES CIVILES","Masculino",5001,"Antioquia","Medellín","Colombia","Urbana"
2468,2110,"COLEGIO MAYOR DE ANTIOQUIA",2025,2,"Antiguo",6644,"CONSTRUCCIONES CIVILES","Femenino",5001,"Antioquia","Medellín","Colombia","Urbana"
2469,2110,"COLEGIO MAYOR DE ANTIOQUIA",2025,2,"Antiguo",6644,"CONSTRUCCIONES CIVILES","Femenino",5001,"Antioquia","Medellín","Colombia","Urbana"
2470,2110,"COLEGIO MAYOR DE ANTIOQUIA",2025,2,"Antiguo",6644,"CONSTRUCCIONES CIVILES","Masculino",5001,"Antioquia","Medellín","Colombia","Urbana"
2471,2110,"COLEGIO MAYOR DE ANTIOQUIA",2025,2,"Antiguo",6644,"CONSTRUCCIONES CIVILES","Femenino",5001,"Antioquia","Medellín","Colombia","Urbana"
2472,2110,"COLEGIO MAYOR DE ANTIOQUIA",2025,2,"Antiguo",6644,"CONSTRUCCIONES CIVILES","Masculino",5001,"Antioquia","Medellín","Colombia","Urbana"
2473,2110,"COLEGIO MAYOR DE ANTIOQUIA",2025,2,"Antiguo",6644,"CONSTRUCCIONES CIVILES","Masculino",5001,"Antioquia","Medellín","Colombia","Urbana"
2474,2110,"COLEGIO MAYOR DE ANTIOQUIA",2025,2,"Antiguo",6644,"CONSTRUCCIONES CIVILES","Masculino",5001,"Antioquia","Medellín","Colombia","Urbana"
2475,2110,"COLEGIO MAYOR DE ANTIOQUIA",2025,2,"Antiguo",6644,"CONSTRUCCIONES CIVILES","Femenino",5001,"Antioquia","Chigorodó","Colombia","Urbana"
2476,2110,"COLEGIO MAYOR DE ANTIOQUIA",2025,2,"Antiguo",6644,"CONSTRUCCIONES CIVILES","Masculino",5001,"Antioquia","Medellín","Colombia","Urbana"
2477,2110,"COLEGIO MAYOR DE ANTIOQUIA",2025,2,"Antiguo",6644,"CONSTRUCCIONES CIVILES","Masculino",5001,"Antioquia","Medellín","Colombia","Urbana"
2478,2110,"COLEGIO MAYOR DE ANTIOQUIA",2025,2,"Antiguo",6644,"CONSTRUCCIONES CIVILES","Masculino",5001,"Antioquia","Medellín","Colombia","Urbana"
2479,2110,"COLEGIO MAYOR DE ANTIOQUIA",2025,2,"Antiguo",6644,"CONSTRUCCIONES CIVILES","Femenino",5001,"Antioquia","Medellín","Colombia","Urbana"
2480,2110,"COLEGIO MAYOR DE ANTIOQUIA",2025,2,"Antiguo",6644,"CONSTRUCCIONES CIVILES","Masculino",5001,"Antioquia","Medellín","Colombia","Urbana"
2481,2110,"COLEGIO MAYOR DE ANTIOQUIA",2025,2,"Antiguo",6644,"CONSTRUCCIONES CIVILES","Femenino",5001,"Antioquia","Medellín","Colombia","Urbana"
2482,2110,"COLEGIO MAYOR DE ANTIOQUIA",2025,2,"Antiguo",6644,"CONSTRUCCIONES CIVILES","Masculino",5001,"Antioquia","Medellín","Colombia","Urbana"
2483,2110,"COLEGIO MAYOR DE ANTIOQUIA",2025,2,"Antiguo",6644,"CONSTRUCCIONES CIVILES","Masculino",5001,"Antioquia","Medellín","Colombia","Urbana"
2484,2110,"COLEGIO MAYOR DE ANTIOQUIA",2025,2,"Antiguo",6644,"CONSTRUCCIONES CIVILES","Masculino",5001,"Antioquia","Medellín","Colombia","Urbana"
2485,2110,"COLEGIO MAYOR DE ANTIOQUIA",2025,2,"Antiguo",6644,"CONSTRUCCIONES CIVILES","Masculino",5001,"Antioquia","Medellín","Colombia","Urbana"
2486,2110,"COLEGIO MAYOR DE ANTIOQUIA",2025,2,"Antiguo",6644,"CONSTRUCCIONES CIVILES","Masculino",5001,"Antioquia","Medellín","Colombia","Urbana"
2487,2110,"COLEGIO MAYOR DE ANTIOQUIA",2025,2,"Antiguo",6644,"CONSTRUCCIONES CIVILES","Femenino",5001,"Antioquia","Medellín","Colombia","Urbana"
2488,2110,"COLEGIO MAYOR DE ANTIOQUIA",2025,2,"Antiguo",6644,"CONSTRUCCIONES CIVILES","Masculino",5001,"Antioquia","Medellín","Colombia","Urbana"
2489,2110,"COLEGIO MAYOR DE ANTIOQUIA",2025,2,"Antiguo",6644,"CONSTRUCCIONES CIVILES","Masculino",5001,"Antioquia","Medellín","Colombia","Urbana"
2490,2110,"COLEGIO MAYOR DE ANTIOQUIA",2025,2,"Antiguo",6644,"CONSTRUCCIONES CIVILES","Masculino",5001,"Antioquia","Medellín","Colombia","Urbana"
2491,2110,"COLEGIO MAYOR DE ANTIOQUIA",2025,2,"Antiguo",6644,"CONSTRUCCIONES CIVILES","Masculino",5001,"Antioquia","Bello","Colombia","Urbana"
2492,2110,"COLEGIO MAYOR DE ANTIOQUIA",2025,2,"Antiguo",6644,"CONSTRUCCIONES CIVILES","Masculino",5001,"Antioquia","Bello","Colombia","Urbana"
2493,2110,"COLEGIO MAYOR DE ANTIOQUIA",2025,2,"Antiguo",6644,"CONSTRUCCIONES CIVILES","Femenino",5001,"Antioquia","Medellín","Colombia","Urbana"
2494,2110,"COLEGIO MAYOR DE ANTIOQUIA",2025,2,"Antiguo",6644,"CONSTRUCCIONES CIVILES","Masculino",5001,"Antioquia","Barbosa","Colombia","Urbana"
2495,2110,"COLEGIO MAYOR DE ANTIOQUIA",2025,2,"Antiguo",6644,"CONSTRUCCIONES CIVILES","Femenino",5001,"Antioquia","Medellín","Colombia","Urbana"
2496,2110,"COLEGIO MAYOR DE ANTIOQUIA",2025,2,"Antiguo",6644,"CONSTRUCCIONES CIVILES","Masculino",5001,"Antioquia","Guarne","Colombia","Urbana"
2497,2110,"COLEGIO MAYOR DE ANTIOQUIA",2025,2,"Antiguo",6644,"CONSTRUCCIONES CIVILES","Femenino",5001,"Antioquia","Medellín","Colombia","Urbana"
2498,2110,"COLEGIO MAYOR DE ANTIOQUIA",2025,2,"Antiguo",6644,"CONSTRUCCIONES CIVILES","Masculino",5001,"Antioquia","Medellín","Colombia","Urbana"
2499,2110,"COLEGIO MAYOR DE ANTIOQUIA",2025,2,"Antiguo",6644,"CONSTRUCCIONES CIVILES","Femenino",5001,"Antioquia","Medellín","Colombia","Urbana"
2500,2110,"COLEGIO MAYOR DE ANTIOQUIA",2025,2,"Antiguo",6644,"CONSTRUCCIONES CIVILES","Masculino",5001,"Antioquia","Medellín","Colombia","Urbana"
2501,2110,"COLEGIO MAYOR DE ANTIOQUIA",2025,2,"Antiguo",6644,"CONSTRUCCIONES CIVILES","Masculino",5001,"Antioquia","Medellín","Colombia","Urbana"
2502,2110,"COLEGIO MAYOR DE ANTIOQUIA",2025,2,"Antiguo",6644,"CONSTRUCCIONES CIVILES","Femenino",5001,"Antioquia","Medellín","Colombia","Urbana"
2503,2110,"COLEGIO MAYOR DE ANTIOQUIA",2025,2,"Antiguo",6644,"CONSTRUCCIONES CIVILES","Femenino",5001,"Antioquia","Medellín","Colombia","Urbana"
2504,2110,"COLEGIO MAYOR DE ANTIOQUIA",2025,2,"Antiguo",6644,"CONSTRUCCIONES CIVILES","Masculino",5001,"Antioquia","Copacabana","Colombia","Urbana"
2505,2110,"COLEGIO MAYOR DE ANTIOQUIA",2025,2,"Antiguo",6644,"CONSTRUCCIONES CIVILES","Femenino",5001,"Antioquia","Bello","Colombia","Urbana"
2506,2110,"COLEGIO MAYOR DE ANTIOQUIA",2025,2,"Antiguo",6644,"CONSTRUCCIONES CIVILES","Masculino",5001,"Antioquia","Medellín","Colombia","Urbana"
2507,2110,"COLEGIO MAYOR DE ANTIOQUIA",2025,2,"Antiguo",6644,"CONSTRUCCIONES CIVILES","Masculino",5001,"Antioquia","Yarumal","Colombia","Urbana"
2508,2110,"COLEGIO MAYOR DE ANTIOQUIA",2025,2,"Antiguo",6644,"CONSTRUCCIONES CIVILES","Masculino",5001,"Antioquia","Medellín","Colombia","Urbana"
2509,2110,"COLEGIO MAYOR DE ANTIOQUIA",2025,2,"Antiguo",6644,"CONSTRUCCIONES CIVILES","Masculino",5001,"Antioquia","Copacabana","Colombia","Urbana"
2510,2110,"COLEGIO MAYOR DE ANTIOQUIA",2025,2,"Antiguo",6644,"CONSTRUCCIONES CIVILES","Femenino",5001,"Antioquia","Medellín","Colombia","Urbana"
2511,2110,"COLEGIO MAYOR DE ANTIOQUIA",2025,2,"Antiguo",6644,"CONSTRUCCIONES CIVILES","Masculino",5001,"Antioquia","Medellín","Colombia","Urbana"
2512,2110,"COLEGIO MAYOR DE ANTIOQUIA",2025,2,"Antiguo",6644,"CONSTRUCCIONES CIVILES","Masculino",5001,"Antioquia","Chigorodó","Colombia","Urbana"
2513,2110,"COLEGIO MAYOR DE ANTIOQUIA",2025,2,"Antiguo",6644,"CONSTRUCCIONES CIVILES","Femenino",5001,"Antioquia","Medellín","Colombia","Urbana"
2514,2110,"COLEGIO MAYOR DE ANTIOQUIA",2025,2,"Antiguo",6644,"CONSTRUCCIONES CIVILES","Femenino",5001,"Antioquia","Medellín","Colombia","Urbana"
2515,2110,"COLEGIO MAYOR DE ANTIOQUIA",2025,2,"Antiguo",6644,"CONSTRUCCIONES CIVILES","Masculino",5001,"Antioquia","Medellín","Colombia","Urbana"
2516,2110,"COLEGIO MAYOR DE ANTIOQUIA",2025,2,"Antiguo",6644,"CONSTRUCCIONES CIVILES","Femenino",5001,"Antioquia","Medellín","Colombia","Urbana"
2517,2110,"COLEGIO MAYOR DE ANTIOQUIA",2025,2,"Antiguo",6644,"CONSTRUCCIONES CIVILES","Femenino",5001,"Antioquia","Medellín","Colombia","Urbana"
2518,2110,"COLEGIO MAYOR DE ANTIOQUIA",2025,2,"Antiguo",6644,"CONSTRUCCIONES CIVILES","Femenino",5001,"Antioquia","Medellín","Colombia","Urbana"
2519,2110,"COLEGIO MAYOR DE ANTIOQUIA",2025,2,"Antiguo",6644,"CONSTRUCCIONES CIVILES","Masculino",5001,"Antioquia","Medellín","Colombia","Urbana"
2520,2110,"COLEGIO MAYOR DE ANTIOQUIA",2025,2,"Antiguo",6644,"CONSTRUCCIONES CIVILES","Femenino",5001,"Antioquia","Medellín","Colombia","Urbana"
2521,2110,"COLEGIO MAYOR DE ANTIOQUIA",2025,2,"Antiguo",6644,"CONSTRUCCIONES CIVILES","Masculino",5001,"Antioquia","Medellín","Colombia","Urbana"
2522,2110,"COLEGIO MAYOR DE ANTIOQUIA",2025,2,"Antiguo",6644,"CONSTRUCCIONES CIVILES","Masculino",5001,"Antioquia","Medellín","Colombia","Urbana"
2523,2110,"COLEGIO MAYOR DE ANTIOQUIA",2025,2,"Antiguo",6644,"CONSTRUCCIONES CIVILES","Masculino",5001,"Antioquia","Medellín","Colombia","Urbana"
2524,2110,"COLEGIO MAYOR DE ANTIOQUIA",2025,2,"Antiguo",6644,"CONSTRUCCIONES CIVILES","Femenino",5001,"Antioquia","Sabaneta","Colombia","Urbana"
2525,2110,"COLEGIO MAYOR DE ANTIOQUIA",2025,2,"Antiguo",6644,"CONSTRUCCIONES CIVILES","Femenino",5001,"Antioquia","Bello","Colombia","Urbana"
2526,2110,"COLEGIO MAYOR DE ANTIOQUIA",2025,2,"Antiguo",6644,"CONSTRUCCIONES CIVILES","Masculino",5001,"Antioquia","Medellín","Colombia","Urbana"
2527,2110,"COLEGIO MAYOR DE ANTIOQUIA",2025,2,"Antiguo",6644,"CONSTRUCCIONES CIVILES","Masculino",5001,"Antioquia","Itagüí","Colombia","Urbana"
2528,2110,"COLEGIO MAYOR DE ANTIOQUIA",2025,2,"Antiguo",6644,"CONSTRUCCIONES CIVILES","Femenino",5001,"Antioquia","Medellín","Colombia","Urbana"
2529,2110,"COLEGIO MAYOR DE ANTIOQUIA",2025,2,"Antiguo",6644,"CONSTRUCCIONES CIVILES","Masculino",5001,"Antioquia","Copacabana","Colombia","Urbana"
2530,2110,"COLEGIO MAYOR DE ANTIOQUIA",2025,2,"Antiguo",6644,"CONSTRUCCIONES CIVILES","Masculino",5001,"Antioquia","Medellín","Colombia","Urbana"
2531,2110,"COLEGIO MAYOR DE ANTIOQUIA",2025,2,"Antiguo",6644,"CONSTRUCCIONES CIVILES","Femenino",5001,"Antioquia","Guarne","Colombia","Urbana"
2532,2110,"COLEGIO MAYOR DE ANTIOQUIA",2025,2,"Antiguo",6644,"CONSTRUCCIONES CIVILES","Masculino",5001,"Antioquia","Medellín","Colombia","Urbana"
2533,2110,"COLEGIO MAYOR DE ANTIOQUIA",2025,2,"Antiguo",6644,"CONSTRUCCIONES CIVILES","Masculino",5001,"Antioquia","Medellín","Colombia","Urbana"
2534,2110,"COLEGIO MAYOR DE ANTIOQUIA",2025,2,"Antiguo",6644,"CONSTRUCCIONES CIVILES","Femenino",5001,"Antioquia","Medellín","Colombia","Urbana"
2535,2110,"COLEGIO MAYOR DE ANTIOQUIA",2025,2,"Antiguo",6644,"CONSTRUCCIONES CIVILES","Femenino",5001,"Antioquia","El Bagre","Colombia","Urbana"
2536,2110,"COLEGIO MAYOR DE ANTIOQUIA",2025,2,"Antiguo",6644,"CONSTRUCCIONES CIVILES","Femenino",5001,"Antioquia","Medellín","Colombia","Urbana"
2537,2110,"COLEGIO MAYOR DE ANTIOQUIA",2025,2,"Antiguo",6644,"CONSTRUCCIONES CIVILES","Femenino",5001,"Antioquia","Medellín","Colombia","Urbana"
2538,2110,"COLEGIO MAYOR DE ANTIOQUIA",2025,2,"Antiguo",6644,"CONSTRUCCIONES CIVILES","Masculino",5001,"Antioquia","Nechí","Colombia","Urbana"
2539,2110,"COLEGIO MAYOR DE ANTIOQUIA",2025,2,"Antiguo",6644,"CONSTRUCCIONES CIVILES","Masculino",5001,"Antioquia","Bello","Colombia","Urbana"
2540,2110,"COLEGIO MAYOR DE ANTIOQUIA",2025,2,"Antiguo",6644,"CONSTRUCCIONES CIVILES","Masculino",5001,"Antioquia","Medellín","Colombia","Urbana"
2541,2110,"COLEGIO MAYOR DE ANTIOQUIA",2025,2,"Antiguo",6644,"CONSTRUCCIONES CIVILES","Femenino",5001,"Antioquia","Medellín","Colombia","Urbana"
2542,2110,"COLEGIO MAYOR DE ANTIOQUIA",2025,2,"Antiguo",6644,"CONSTRUCCIONES CIVILES","Femenino",5001,"Antioquia","Medellín","Colombia","Urbana"
2543,2110,"COLEGIO MAYOR DE ANTIOQUIA",2025,2,"Antiguo",6644,"CONSTRUCCIONES CIVILES","Masculino",5001,"Antioquia","Medellín","Colombia","Urbana"
2544,2110,"COLEGIO MAYOR DE ANTIOQUIA",2025,2,"Antiguo",6644,"CONSTRUCCIONES CIVILES","Masculino",5001,"Antioquia","Medellín","Colombia","Urbana"
2545,2110,"COLEGIO MAYOR DE ANTIOQUIA",2025,2,"Antiguo",6644,"CONSTRUCCIONES CIVILES","Masculino",5001,"Antioquia","Medellín","Colombia","Urbana"
2546,2110,"COLEGIO MAYOR DE ANTIOQUIA",2025,2,"Antiguo",6644,"CONSTRUCCIONES CIVILES","Masculino",5001,"Antioquia","Medellín","Colombia","Urbana"
2547,2110,"COLEGIO MAYOR DE ANTIOQUIA",2025,2,"Antiguo",6644,"CONSTRUCCIONES CIVILES","Masculino",5001,"Antioquia","Medellín","Colombia","Urbana"
2548,2110,"COLEGIO MAYOR DE ANTIOQUIA",2025,2,"Antiguo",6644,"CONSTRUCCIONES CIVILES","Masculino",5001,"Antioquia","Medellín","Colombia","Urbana"
2549,2110,"COLEGIO MAYOR DE ANTIOQUIA",2025,2,"Antiguo",6644,"CONSTRUCCIONES CIVILES","Masculino",5001,"Antioquia","Girardota","Colombia","Urbana"
2550,2110,"COLEGIO MAYOR DE ANTIOQUIA",2025,2,"Antiguo",6644,"CONSTRUCCIONES CIVILES","Masculino",5001,"Antioquia","Medellín","Colombia","Urbana"
2551,2110,"COLEGIO MAYOR DE ANTIOQUIA",2025,2,"Antiguo",6644,"CONSTRUCCIONES CIVILES","Femenino",5001,"Antioquia","Medellín","Colombia","Urbana"
2552,2110,"COLEGIO MAYOR DE ANTIOQUIA",2025,2,"Antiguo",6644,"CONSTRUCCIONES CIVILES","Femenino",5001,"Antioquia","Amalfi","Colombia","Urbana"
2553,2110,"COLEGIO MAYOR DE ANTIOQUIA",2025,2,"Antiguo",6644,"CONSTRUCCIONES CIVILES","Femenino",5001,"Antioquia","Medellín","Colombia","Urbana"
2554,2110,"COLEGIO MAYOR DE ANTIOQUIA",2025,2,"Antiguo",6644,"CONSTRUCCIONES CIVILES","Femenino",5001,"Antioquia","Medellín","Colombia","Urbana"
2555,2110,"COLEGIO MAYOR DE ANTIOQUIA",2025,2,"Antiguo",6644,"CONSTRUCCIONES CIVILES","Femenino",5001,"Antioquia","Medellín","Colombia","Urbana"
2556,2110,"COLEGIO MAYOR DE ANTIOQUIA",2025,2,"Antiguo",6644,"CONSTRUCCIONES CIVILES","Masculino",5001,"Antioquia","Medellín","Colombia","Urbana"
2557,2110,"COLEGIO MAYOR DE ANTIOQUIA",2025,2,"Antiguo",6644,"CONSTRUCCIONES CIVILES","Masculino",5001,"Antioquia","Medellín","Colombia","Urbana"
2558,2110,"COLEGIO MAYOR DE ANTIOQUIA",2025,2,"Antiguo",6644,"CONSTRUCCIONES CIVILES","Femenino",5001,"Antioquia","Medellín","Colombia","Urbana"
2559,2110,"COLEGIO MAYOR DE ANTIOQUIA",2025,2,"Antiguo",6644,"CONSTRUCCIONES CIVILES","Masculino",5001,"Antioquia","Medellín","Colombia","Urbana"
2560,2110,"COLEGIO MAYOR DE ANTIOQUIA",2025,2,"Antiguo",6644,"CONSTRUCCIONES CIVILES","Femenino",5001,"Antioquia","Medellín","Colombia","Urbana"
2561,2110,"COLEGIO MAYOR DE ANTIOQUIA",2025,2,"Antiguo",6644,"CONSTRUCCIONES CIVILES","Masculino",5001,"Antioquia","Medellín","Colombia","Urbana"
2562,2110,"COLEGIO MAYOR DE ANTIOQUIA",2025,2,"Antiguo",6644,"CONSTRUCCIONES CIVILES","Masculino",5001,"Antioquia","Medellín","Colombia","Urbana"
2563,2110,"COLEGIO MAYOR DE ANTIOQUIA",2025,2,"Antiguo",6644,"CONSTRUCCIONES CIVILES","Masculino",5001,"Antioquia","Medellín","Colombia","Urbana"
2564,2110,"COLEGIO MAYOR DE ANTIOQUIA",2025,2,"Antiguo",6644,"CONSTRUCCIONES CIVILES","Masculino",5001,"Antioquia","Medellín","Colombia","Urbana"
2565,2110,"COLEGIO MAYOR DE ANTIOQUIA",2025,2,"Antiguo",6644,"CONSTRUCCIONES CIVILES","Masculino",5001,"Antioquia","Medellín","Colombia","Urbana"
2566,2110,"COLEGIO MAYOR DE ANTIOQUIA",2025,2,"Antiguo",6644,"CONSTRUCCIONES CIVILES","Masculino",5001,"Antioquia","Medellín","Colombia","Urbana"
2567,2110,"COLEGIO MAYOR DE ANTIOQUIA",2025,2,"Antiguo",6644,"CONSTRUCCIONES CIVILES","Femenino",5001,"Antioquia","Envigado","Colombia","Urbana"
2568,2110,"COLEGIO MAYOR DE ANTIOQUIA",2025,2,"Antiguo",6644,"CONSTRUCCIONES CIVILES","Masculino",5001,"Antioquia","Medellín","Colombia","Urbana"
2569,2110,"COLEGIO MAYOR DE ANTIOQUIA",2025,2,"Antiguo",6644,"CONSTRUCCIONES CIVILES","Femenino",5001,"Antioquia","Medellín","Colombia","Urbana"
2570,2110,"COLEGIO MAYOR DE ANTIOQUIA",2025,2,"Antiguo",6644,"CONSTRUCCIONES CIVILES","Masculino",5001,"Antioquia","Medellín","Colombia","Urbana"
2571,2110,"COLEGIO MAYOR DE ANTIOQUIA",2025,2,"Antiguo",6644,"CONSTRUCCIONES CIVILES","Masculino",5001,"Antioquia","Itagüí","Colombia","Urbana"
2572,2110,"COLEGIO MAYOR DE ANTIOQUIA",2025,2,"Antiguo",6644,"CONSTRUCCIONES CIVILES","Femenino",5001,"Antioquia","Medellín","Colombia","Urbana"
2573,2110,"COLEGIO MAYOR DE ANTIOQUIA",2025,2,"Antiguo",6644,"CONSTRUCCIONES CIVILES","Masculino",5001,"Antioquia","Medellín","Colombia","Urbana"
2574,2110,"COLEGIO MAYOR DE ANTIOQUIA",2025,2,"Antiguo",6644,"CONSTRUCCIONES CIVILES","Femenino",5001,"Antioquia","Medellín","Colombia","Urbana"
2575,2110,"COLEGIO MAYOR DE ANTIOQUIA",2025,2,"Antiguo",6644,"CONSTRUCCIONES CIVILES","Masculino",5001,"Antioquia","Medellín","Colombia","Urbana"
2576,2110,"COLEGIO MAYOR DE ANTIOQUIA",2025,2,"Antiguo",6644,"CONSTRUCCIONES CIVILES","Femenino",5001,"Antioquia","Medellín","Colombia","Urbana"
2577,2110,"COLEGIO MAYOR DE ANTIOQUIA",2025,2,"Antiguo",6644,"CONSTRUCCIONES CIVILES","Masculino",5001,"Antioquia","Medellín","Colombia","Urbana"
2578,2110,"COLEGIO MAYOR DE ANTIOQUIA",2025,2,"Antiguo",6644,"CONSTRUCCIONES CIVILES","Femenino",5001,"Antioquia","Medellín","Colombia","Urbana"
2579,2110,"COLEGIO MAYOR DE ANTIOQUIA",2025,2,"Antiguo",6644,"CONSTRUCCIONES CIVILES","Femenino",5001,"Antioquia","Medellín","Colombia","Urbana"
2580,2110,"COLEGIO MAYOR DE ANTIOQUIA",2025,2,"Antiguo",6644,"CONSTRUCCIONES CIVILES","Masculino",5001,"Antioquia","Medellín","Colombia","Urbana"
2581,2110,"COLEGIO MAYOR DE ANTIOQUIA",2025,2,"Antiguo",6644,"CONSTRUCCIONES CIVILES","Masculino",5001,"Antioquia","Medellín","Colombia","Urbana"
2582,2110,"COLEGIO MAYOR DE ANTIOQUIA",2025,2,"Antiguo",6644,"CONSTRUCCIONES CIVILES","Femenino",5001,"Antioquia","Medellín","Colombia","Urbana"
2583,2110,"COLEGIO MAYOR DE ANTIOQUIA",2025,2,"Antiguo",6644,"CONSTRUCCIONES CIVILES","Femenino",5001,"Antioquia","Medellín","Colombia","Urbana"
2584,2110,"COLEGIO MAYOR DE ANTIOQUIA",2025,2,"Antiguo",6644,"CONSTRUCCIONES CIVILES","Femenino",5001,"Antioquia","La Estrella","Colombia","Urbana"
2585,2110,"COLEGIO MAYOR DE ANTIOQUIA",2025,2,"Antiguo",6644,"CONSTRUCCIONES CIVILES","Femenino",5001,"Antioquia","Itagüí","Colombia","Urbana"
2586,2110,"COLEGIO MAYOR DE ANTIOQUIA",2025,2,"Antiguo",6644,"CONSTRUCCIONES CIVILES","Masculino",5001,"Antioquia","Medellín","Colombia","Urbana"
2587,2110,"COLEGIO MAYOR DE ANTIOQUIA",2025,2,"Antiguo",6644,"CONSTRUCCIONES CIVILES","Femenino",5001,"Antioquia","Medellín","Colombia","Urbana"
2588,2110,"COLEGIO MAYOR DE ANTIOQUIA",2025,2,"Antiguo",6644,"CONSTRUCCIONES CIVILES","Masculino",5001,"Antioquia","Medellín","Colombia","Urbana"
2589,2110,"COLEGIO MAYOR DE ANTIOQUIA",2025,2,"Antiguo",6644,"CONSTRUCCIONES CIVILES","Masculino",5001,"Antioquia","Medellín","Colombia","Urbana"
2590,2110,"COLEGIO MAYOR DE ANTIOQUIA",2025,2,"Antiguo",6644,"CONSTRUCCIONES CIVILES","Masculino",5001,"Antioquia","Medellín","Colombia","Urbana"
2591,2110,"COLEGIO MAYOR DE ANTIOQUIA",2025,2,"Antiguo",6644,"CONSTRUCCIONES CIVILES","Femenino",5001,"Antioquia","Medellín","Colombia","Urbana"
2592,2110,"COLEGIO MAYOR DE ANTIOQUIA",2025,2,"Antiguo",6644,"CONSTRUCCIONES CIVILES","Masculino",5001,"Antioquia","Medellín","Colombia","Urbana"
2593,2110,"COLEGIO MAYOR DE ANTIOQUIA",2025,2,"Antiguo",6644,"CONSTRUCCIONES CIVILES","Masculino",5001,"Antioquia","Medellín","Colombia","Urbana"
2594,2110,"COLEGIO MAYOR DE ANTIOQUIA",2025,2,"Antiguo",6644,"CONSTRUCCIONES CIVILES","Femenino",5001,"Antioquia","Medellín","Colombia","Urbana"
2595,2110,"COLEGIO MAYOR DE ANTIOQUIA",2025,2,"Antiguo",6644,"CONSTRUCCIONES CIVILES","Masculino",5001,"Antioquia","Medellín","Colombia","Urbana"
2596,2110,"COLEGIO MAYOR DE ANTIOQUIA",2025,2,"Antiguo",6644,"CONSTRUCCIONES CIVILES","Femenino",5001,"Antioquia","Medellín","Colombia","Urbana"
2597,2110,"COLEGIO MAYOR DE ANTIOQUIA",2025,2,"Antiguo",6644,"CONSTRUCCIONES CIVILES","Femenino",5001,"Antioquia","Medellín","Colombia","Urbana"
2598,2110,"COLEGIO MAYOR DE ANTIOQUIA",2025,2,"Antiguo",6644,"CONSTRUCCIONES CIVILES","Femenino",5001,"Antioquia","Medellín","Colombia","Urbana"
2599,2110,"COLEGIO MAYOR DE ANTIOQUIA",2025,2,"Antiguo",6644,"CONSTRUCCIONES CIVILES","Masculino",5001,"Antioquia","Medellín","Colombia","Urbana"
2600,2110,"COLEGIO MAYOR DE ANTIOQUIA",2025,2,"Antiguo",6644,"CONSTRUCCIONES CIVILES","Masculino",5001,"Antioquia","Medellín","Colombia","Urbana"
2601,2110,"COLEGIO MAYOR DE ANTIOQUIA",2025,2,"Antiguo",6644,"CONSTRUCCIONES CIVILES","Masculino",5001,"Antioquia","Medellín","Colombia","Urbana"
2602,2110,"COLEGIO MAYOR DE ANTIOQUIA",2025,2,"Antiguo",6644,"CONSTRUCCIONES CIVILES","Masculino",5001,"Antioquia","Medellín","Colombia","Urbana"
2603,2110,"COLEGIO MAYOR DE ANTIOQUIA",2025,2,"Antiguo",6644,"CONSTRUCCIONES CIVILES","Masculino",5001,"Antioquia","Copacabana","Colombia","Urbana"
2604,2110,"COLEGIO MAYOR DE ANTIOQUIA",2025,2,"Antiguo",6644,"CONSTRUCCIONES CIVILES","Masculino",5001,"Antioquia","Medellín","Colombia","Urbana"
2605,2110,"COLEGIO MAYOR DE ANTIOQUIA",2025,2,"Antiguo",6644,"CONSTRUCCIONES CIVILES","Masculino",5001,"Antioquia","Medellín","Colombia","Urbana"
2606,2110,"COLEGIO MAYOR DE ANTIOQUIA",2025,2,"Antiguo",6644,"CONSTRUCCIONES CIVILES","Masculino",5001,"Antioquia","Medellín","Colombia","Urbana"
2607,2110,"COLEGIO MAYOR DE ANTIOQUIA",2025,2,"Antiguo",6644,"CONSTRUCCIONES CIVILES","Masculino",5001,"Antioquia","Bello","Colombia","Urbana"
2608,2110,"COLEGIO MAYOR DE ANTIOQUIA",2025,2,"Antiguo",6644,"CONSTRUCCIONES CIVILES","Femenino",5001,"Antioquia","La Estrella","Colombia","Urbana"
2609,2110,"COLEGIO MAYOR DE ANTIOQUIA",2025,2,"Antiguo",6644,"CONSTRUCCIONES CIVILES","Masculino",5001,"Antioquia","Titiribí","Colombia","Urbana"
2610,2110,"COLEGIO MAYOR DE ANTIOQUIA",2025,2,"Antiguo",6644,"CONSTRUCCIONES CIVILES","Masculino",5001,"Antioquia","Copacabana","Colombia","Urbana"
2611,2110,"COLEGIO MAYOR DE ANTIOQUIA",2025,2,"Antiguo",6644,"CONSTRUCCIONES CIVILES","Femenino",5001,"Antioquia","Medellín","Colombia","Urbana"
2612,2110,"COLEGIO MAYOR DE ANTIOQUIA",2025,2,"Antiguo",6644,"CONSTRUCCIONES CIVILES","Masculino",5001,"Antioquia","Medellín","Colombia","Urbana"
2613,2110,"COLEGIO MAYOR DE ANTIOQUIA",2025,2,"Antiguo",6644,"CONSTRUCCIONES CIVILES","Femenino",5001,"Antioquia","Medellín","Colombia","Urbana"
2614,2110,"COLEGIO MAYOR DE ANTIOQUIA",2025,2,"Antiguo",6644,"CONSTRUCCIONES CIVILES","Femenino",5001,"Antioquia","Sopetrán","Colombia","Urbana"
2615,2110,"COLEGIO MAYOR DE ANTIOQUIA",2025,2,"Antiguo",6644,"CONSTRUCCIONES CIVILES","Masculino",5001,"Antioquia","Medellín","Colombia","Urbana"
2616,2110,"COLEGIO MAYOR DE ANTIOQUIA",2025,2,"Antiguo",6644,"CONSTRUCCIONES CIVILES","Masculino",5001,"Antioquia","Medellín","Colombia","Urbana"
2617,2110,"COLEGIO MAYOR DE ANTIOQUIA",2025,2,"Antiguo",6644,"CONSTRUCCIONES CIVILES","Femenino",5001,"Huila","Pitalito","Colombia","Urbana"
2618,2110,"COLEGIO MAYOR DE ANTIOQUIA",2025,2,"Antiguo",6644,"CONSTRUCCIONES CIVILES","Masculino",5001,"Antioquia","Barbosa","Colombia","Urbana"
2619,2110,"COLEGIO MAYOR DE ANTIOQUIA",2025,2,"Antiguo",6644,"CONSTRUCCIONES CIVILES","Masculino",5001,"Antioquia","Medellín","Colombia","Urbana"
2620,2110,"COLEGIO MAYOR DE ANTIOQUIA",2025,2,"Antiguo",6644,"CONSTRUCCIONES CIVILES","Femenino",5001,"Antioquia","Medellín","Colombia","Urbana"
2621,2110,"COLEGIO MAYOR DE ANTIOQUIA",2025,2,"Antiguo",6644,"CONSTRUCCIONES CIVILES","Femenino",5001,"Antioquia","Medellín","Colombia","Urbana"
2622,2110,"COLEGIO MAYOR DE ANTIOQUIA",2025,2,"Antiguo",6644,"CONSTRUCCIONES CIVILES","Masculino",5001,"Antioquia","Medellín","Colombia","Urbana"
2623,2110,"COLEGIO MAYOR DE ANTIOQUIA",2025,2,"Antiguo",6644,"CONSTRUCCIONES CIVILES","Masculino",5001,"Antioquia","Bello","Colombia","Urbana"
2624,2110,"COLEGIO MAYOR DE ANTIOQUIA",2025,2,"Antiguo",6644,"CONSTRUCCIONES CIVILES","Masculino",5001,"Antioquia","Medellín","Colombia","Urbana"
2625,2110,"COLEGIO MAYOR DE ANTIOQUIA",2025,2,"Antiguo",6644,"CONSTRUCCIONES CIVILES","Masculino",5001,"Antioquia","Medellín","Colombia","Urbana"
2626,2110,"COLEGIO MAYOR DE ANTIOQUIA",2025,2,"Antiguo",6644,"CONSTRUCCIONES CIVILES","Femenino",5001,"Antioquia","Medellín","Colombia","Urbana"
2627,2110,"COLEGIO MAYOR DE ANTIOQUIA",2025,2,"Antiguo",6644,"CONSTRUCCIONES CIVILES","Femenino",5001,"Antioquia","Medellín","Colombia","Urbana"
2628,2110,"COLEGIO MAYOR DE ANTIOQUIA",2025,2,"Antiguo",6644,"CONSTRUCCIONES CIVILES","Masculino",5001,"Antioquia","Bello","Colombia","Urbana"
2629,2110,"COLEGIO MAYOR DE ANTIOQUIA",2025,2,"Antiguo",6644,"CONSTRUCCIONES CIVILES","Masculino",5001,"Antioquia","Medellín","Colombia","Urbana"
2630,2110,"COLEGIO MAYOR DE ANTIOQUIA",2025,2,"Antiguo",6644,"CONSTRUCCIONES CIVILES","Masculino",5001,"Antioquia","Medellín","Colombia","Urbana"
2631,2110,"COLEGIO MAYOR DE ANTIOQUIA",2025,2,"Antiguo",6644,"CONSTRUCCIONES CIVILES","Masculino",5001,"Antioquia","Medellín","Colombia","Urbana"
2632,2110,"COLEGIO MAYOR DE ANTIOQUIA",2025,2,"Antiguo",6644,"CONSTRUCCIONES CIVILES","Masculino",5001,"Antioquia","Medellín","Colombia","Urbana"
2633,2110,"COLEGIO MAYOR DE ANTIOQUIA",2025,2,"Antiguo",6644,"CONSTRUCCIONES CIVILES","Masculino",5001,"Antioquia","Medellín","Colombia","Urbana"
2634,2110,"COLEGIO MAYOR DE ANTIOQUIA",2025,2,"Antiguo",6644,"CONSTRUCCIONES CIVILES","Masculino",5001,"Antioquia","Medellín","Colombia","Urbana"
2635,2110,"COLEGIO MAYOR DE ANTIOQUIA",2025,2,"Antiguo",6644,"CONSTRUCCIONES CIVILES","Masculino",5001,"Antioquia","Bello","Colombia","Urbana"
2636,2110,"COLEGIO MAYOR DE ANTIOQUIA",2025,2,"Antiguo",6644,"CONSTRUCCIONES CIVILES","Femenino",5001,"Antioquia","Caldas","Colombia","Urbana"
2637,2110,"COLEGIO MAYOR DE ANTIOQUIA",2025,2,"Antiguo",6644,"CONSTRUCCIONES CIVILES","Masculino",5001,"Antioquia","Sabaneta","Colombia","Urbana"
2638,2110,"COLEGIO MAYOR DE ANTIOQUIA",2025,2,"Antiguo",6644,"CONSTRUCCIONES CIVILES","Masculino",5001,"Antioquia","Medellín","Colombia","Urbana"
2639,2110,"COLEGIO MAYOR DE ANTIOQUIA",2025,2,"Antiguo",6644,"CONSTRUCCIONES CIVILES","Masculino",5001,"Antioquia","Medellín","Colombia","Urbana"
2640,2110,"COLEGIO MAYOR DE ANTIOQUIA",2025,2,"Antiguo",6644,"CONSTRUCCIONES CIVILES","Masculino",5001,"Antioquia","Medellín","Colombia","Urbana"
2641,2110,"COLEGIO MAYOR DE ANTIOQUIA",2025,2,"Antiguo",6644,"CONSTRUCCIONES CIVILES","Femenino",5001,"Antioquia","Medellín","Colombia","Urbana"
2642,2110,"COLEGIO MAYOR DE ANTIOQUIA",2025,2,"Antiguo",6644,"CONSTRUCCIONES CIVILES","Femenino",5001,"Antioquia","Medellín","Colombia","Urbana"
2643,2110,"COLEGIO MAYOR DE ANTIOQUIA",2025,2,"Antiguo",6644,"CONSTRUCCIONES CIVILES","Femenino",5001,"Antioquia","Medellín","Colombia","Urbana"
2644,2110,"COLEGIO MAYOR DE ANTIOQUIA",2025,2,"Antiguo",6644,"CONSTRUCCIONES CIVILES","Femenino",5001,"Antioquia","Medellín","Colombia","Urbana"
2645,2110,"COLEGIO MAYOR DE ANTIOQUIA",2025,2,"Antiguo",6644,"CONSTRUCCIONES CIVILES","Masculino",5001,"Antioquia","Medellín","Colombia","Urbana"
2646,2110,"COLEGIO MAYOR DE ANTIOQUIA",2025,2,"Antiguo",6644,"CONSTRUCCIONES CIVILES","Femenino",5001,"Antioquia","Medellín","Colombia","Urbana"
2647,2110,"COLEGIO MAYOR DE ANTIOQUIA",2025,2,"Antiguo",6644,"CONSTRUCCIONES CIVILES","Masculino",5001,"Antioquia","Medellín","Colombia","Urbana"
2648,2110,"COLEGIO MAYOR DE ANTIOQUIA",2025,2,"Antiguo",6644,"CONSTRUCCIONES CIVILES","Masculino",5001,"Antioquia","Copacabana","Colombia","Urbana"
2649,2110,"COLEGIO MAYOR DE ANTIOQUIA",2025,2,"Antiguo",6644,"CONSTRUCCIONES CIVILES","Masculino",5001,"Antioquia","Bello","Colombia","Urbana"
2650,2110,"COLEGIO MAYOR DE ANTIOQUIA",2025,2,"Antiguo",6644,"CONSTRUCCIONES CIVILES","Femenino",5001,"Antioquia","Medellín","Colombia","Urbana"
2651,2110,"COLEGIO MAYOR DE ANTIOQUIA",2025,2,"Antiguo",6644,"CONSTRUCCIONES CIVILES","Femenino",5001,"Antioquia","Itagüí","Colombia","Urbana"
2652,2110,"COLEGIO MAYOR DE ANTIOQUIA",2025,2,"Antiguo",6644,"CONSTRUCCIONES CIVILES","Masculino",5001,"Antioquia","Medellín","Colombia","Urbana"
2653,2110,"COLEGIO MAYOR DE ANTIOQUIA",2025,2,"Antiguo",6644,"CONSTRUCCIONES CIVILES","Masculino",5001,"Antioquia","Medellín","Colombia","Urbana"
2654,2110,"COLEGIO MAYOR DE ANTIOQUIA",2025,2,"Antiguo",6644,"CONSTRUCCIONES CIVILES","Masculino",5001,"Antioquia","Marinilla","Colombia","Urbana"
2655,2110,"COLEGIO MAYOR DE ANTIOQUIA",2025,2,"Antiguo",6644,"CONSTRUCCIONES CIVILES","Masculino",5001,"Antioquia","Medellín","Colombia","Urbana"
2656,2110,"COLEGIO MAYOR DE ANTIOQUIA",2025,2,"Antiguo",6644,"CONSTRUCCIONES CIVILES","Masculino",5001,"Antioquia","Medellín","Colombia","Urbana"
2657,2110,"COLEGIO MAYOR DE ANTIOQUIA",2025,2,"Antiguo",6644,"CONSTRUCCIONES CIVILES","Masculino",5001,"Antioquia","Medellín","Colombia","Urbana"
2658,2110,"COLEGIO MAYOR DE ANTIOQUIA",2025,2,"Antiguo",6644,"CONSTRUCCIONES CIVILES","Masculino",5001,"Antioquia","Medellín","Colombia","Urbana"
2659,2110,"COLEGIO MAYOR DE ANTIOQUIA",2025,2,"Antiguo",6644,"CONSTRUCCIONES CIVILES","Femenino",5001,"Antioquia","Medellín","Colombia","Urbana"
2660,2110,"COLEGIO MAYOR DE ANTIOQUIA",2025,2,"Antiguo",6644,"CONSTRUCCIONES CIVILES","Masculino",5001,"Antioquia","Medellín","Colombia","Urbana"
2661,2110,"COLEGIO MAYOR DE ANTIOQUIA",2025,2,"Antiguo",6644,"CONSTRUCCIONES CIVILES","Masculino",5001,"Antioquia","Caldas","Colombia","Urbana"
2662,2110,"COLEGIO MAYOR DE ANTIOQUIA",2025,2,"Antiguo",6644,"CONSTRUCCIONES CIVILES","Femenino",5001,"Antioquia","Medellín","Colombia","Urbana"
2663,2110,"COLEGIO MAYOR DE ANTIOQUIA",2025,2,"Antiguo",6644,"CONSTRUCCIONES CIVILES","Femenino",5001,"Antioquia","Medellín","Colombia","Urbana"
2664,2110,"COLEGIO MAYOR DE ANTIOQUIA",2025,2,"Antiguo",6644,"CONSTRUCCIONES CIVILES","Masculino",5001,"Antioquia","Medellín","Colombia","Urbana"
2665,2110,"COLEGIO MAYOR DE ANTIOQUIA",2025,2,"Antiguo",6644,"CONSTRUCCIONES CIVILES","Masculino",5001,"Antioquia","Medellín","Colombia","Urbana"
2666,2110,"COLEGIO MAYOR DE ANTIOQUIA",2025,2,"Antiguo",6644,"CONSTRUCCIONES CIVILES","Masculino",5001,"Antioquia","Medellín","Colombia","Urbana"
2667,2110,"COLEGIO MAYOR DE ANTIOQUIA",2025,2,"Antiguo",6644,"CONSTRUCCIONES CIVILES","Femenino",5001,"Antioquia","Medellín","Colombia","Urbana"
2668,2110,"COLEGIO MAYOR DE ANTIOQUIA",2025,2,"Antiguo",6644,"CONSTRUCCIONES CIVILES","Femenino",5001,"Antioquia","Medellín","Colombia","Urbana"
2669,2110,"COLEGIO MAYOR DE ANTIOQUIA",2025,2,"Antiguo",6644,"CONSTRUCCIONES CIVILES","Masculino",5001,"Antioquia","Medellín","Colombia","Urbana"
2670,2110,"COLEGIO MAYOR DE ANTIOQUIA",2025,2,"Antiguo",6644,"CONSTRUCCIONES CIVILES","Masculino",5001,"Antioquia","San Pedro","Colombia","Urbana"
2671,2110,"COLEGIO MAYOR DE ANTIOQUIA",2025,2,"Antiguo",6644,"CONSTRUCCIONES CIVILES","Masculino",5001,"Antioquia","Santuario","Colombia","Urbana"
2672,2110,"COLEGIO MAYOR DE ANTIOQUIA",2025,2,"Antiguo",6644,"CONSTRUCCIONES CIVILES","Masculino",5001,"Antioquia","Medellín","Colombia","Urbana"
2673,2110,"COLEGIO MAYOR DE ANTIOQUIA",2025,2,"Antiguo",6644,"CONSTRUCCIONES CIVILES","Femenino",5001,"Antioquia","Medellín","Colombia","Urbana"
2674,2110,"COLEGIO MAYOR DE ANTIOQUIA",2025,2,"Antiguo",6644,"CONSTRUCCIONES CIVILES","Femenino",5001,"Antioquia","Medellín","Colombia","Urbana"
2675,2110,"COLEGIO MAYOR DE ANTIOQUIA",2025,2,"Antiguo",6644,"CONSTRUCCIONES CIVILES","Masculino",5001,"Antioquia","Medellín","Colombia","Urbana"
2676,2110,"COLEGIO MAYOR DE ANTIOQUIA",2025,2,"Antiguo",6644,"CONSTRUCCIONES CIVILES","Masculino",5001,"Antioquia","Medellín","Colombia","Urbana"
2677,2110,"COLEGIO MAYOR DE ANTIOQUIA",2025,2,"Antiguo",6644,"CONSTRUCCIONES CIVILES","Masculino",5001,"Antioquia","Medellín","Colombia","Urbana"
2678,2110,"COLEGIO MAYOR DE ANTIOQUIA",2025,2,"Antiguo",6644,"CONSTRUCCIONES CIVILES","Masculino",5001,"Antioquia","Medellín","Colombia","Urbana"
2679,2110,"COLEGIO MAYOR DE ANTIOQUIA",2025,2,"Antiguo",6644,"CONSTRUCCIONES CIVILES","Masculino",5001,"Antioquia","Medellín","Colombia","Urbana"
2680,2110,"COLEGIO MAYOR DE ANTIOQUIA",2025,2,"Antiguo",6644,"CONSTRUCCIONES CIVILES","Masculino",5001,"Antioquia","Bello","Colombia","Urbana"
2681,2110,"COLEGIO MAYOR DE ANTIOQUIA",2025,2,"Antiguo",6644,"CONSTRUCCIONES CIVILES","Masculino",5001,"Antioquia","Medellín","Colombia","Urbana"
2682,2110,"COLEGIO MAYOR DE ANTIOQUIA",2025,2,"Antiguo",6644,"CONSTRUCCIONES CIVILES","Femenino",5001,"Antioquia","Medellín","Colombia","Urbana"
2683,2110,"COLEGIO MAYOR DE ANTIOQUIA",2025,2,"Antiguo",6644,"CONSTRUCCIONES CIVILES","Femenino",5001,"Antioquia","Medellín","Colombia","Urbana"
2684,2110,"COLEGIO MAYOR DE ANTIOQUIA",2025,2,"Antiguo",6644,"CONSTRUCCIONES CIVILES","Masculino",5001,"Antioquia","Medellín","Colombia","Urbana"
2685,2110,"COLEGIO MAYOR DE ANTIOQUIA",2025,2,"Antiguo",6644,"CONSTRUCCIONES CIVILES","Masculino",5001,"Antioquia","Andes","Colombia","Urbana"
2686,2110,"COLEGIO MAYOR DE ANTIOQUIA",2025,2,"Antiguo",6644,"CONSTRUCCIONES CIVILES","Masculino",5001,"Antioquia","Medellín","Colombia","Urbana"
2687,2110,"COLEGIO MAYOR DE ANTIOQUIA",2025,2,"Antiguo",6644,"CONSTRUCCIONES CIVILES","Femenino",5001,"Antioquia","Medellín","Colombia","Urbana"
2688,2110,"COLEGIO MAYOR DE ANTIOQUIA",2025,2,"Antiguo",6644,"CONSTRUCCIONES CIVILES","Masculino",5001,"Antioquia","Bello","Colombia","Urbana"
2689,2110,"COLEGIO MAYOR DE ANTIOQUIA",2025,2,"Antiguo",6644,"CONSTRUCCIONES CIVILES","Femenino",5001,"Antioquia","Bello","Colombia","Urbana"
2690,2110,"COLEGIO MAYOR DE ANTIOQUIA",2025,2,"Antiguo",6644,"CONSTRUCCIONES CIVILES","Masculino",5001,"Antioquia","Medellín","Colombia","Urbana"
2691,2110,"COLEGIO MAYOR DE ANTIOQUIA",2025,2,"Antiguo",6644,"CONSTRUCCIONES CIVILES","Masculino",5001,"Antioquia","Medellín","Colombia","Urbana"
2692,2110,"COLEGIO MAYOR DE ANTIOQUIA",2025,2,"Antiguo",6644,"CONSTRUCCIONES CIVILES","Masculino",5001,"Antioquia","Medellín","Colombia","Urbana"
2693,2110,"COLEGIO MAYOR DE ANTIOQUIA",2025,2,"Antiguo",6644,"CONSTRUCCIONES CIVILES","Masculino",5001,"Antioquia","Ríonegro","Colombia","Urbana"
2694,2110,"COLEGIO MAYOR DE ANTIOQUIA",2025,2,"Antiguo",6644,"CONSTRUCCIONES CIVILES","Masculino",5001,"Antioquia","Medellín","Colombia","Urbana"
2695,2110,"COLEGIO MAYOR DE ANTIOQUIA",2025,2,"Antiguo",6644,"CONSTRUCCIONES CIVILES","Femenino",5001,"Antioquia","Medellín","Colombia","Urbana"
2696,2110,"COLEGIO MAYOR DE ANTIOQUIA",2025,2,"Antiguo",6644,"CONSTRUCCIONES CIVILES","Masculino",5001,"Antioquia","Medellín","Colombia","Urbana"
2697,2110,"COLEGIO MAYOR DE ANTIOQUIA",2025,2,"Antiguo",6644,"CONSTRUCCIONES CIVILES","Masculino",5001,"Antioquia","Medellín","Colombia","Urbana"
2698,2110,"COLEGIO MAYOR DE ANTIOQUIA",2025,2,"Antiguo",6644,"CONSTRUCCIONES CIVILES","Masculino",5001,"Antioquia","Medellín","Colombia","Urbana"
2699,2110,"COLEGIO MAYOR DE ANTIOQUIA",2025,2,"Antiguo",6644,"CONSTRUCCIONES CIVILES","Masculino",5001,"Antioquia","Medellín","Colombia","Urbana"
2700,2110,"COLEGIO MAYOR DE ANTIOQUIA",2025,2,"Antiguo",6644,"CONSTRUCCIONES CIVILES","Masculino",5001,"Antioquia","Medellín","Colombia","Urbana"
2701,2110,"COLEGIO MAYOR DE ANTIOQUIA",2025,2,"Antiguo",6644,"CONSTRUCCIONES CIVILES","Masculino",5001,"Antioquia","Medellín","Colombia","Urbana"
2702,2110,"COLEGIO MAYOR DE ANTIOQUIA",2025,2,"Antiguo",6644,"CONSTRUCCIONES CIVILES","Femenino",5001,"Antioquia","Medellín","Colombia","Urbana"
2703,2110,"COLEGIO MAYOR DE ANTIOQUIA",2025,2,"Antiguo",6644,"CONSTRUCCIONES CIVILES","Femenino",5001,"Antioquia","Medellín","Colombia","Urbana"
2704,2110,"COLEGIO MAYOR DE ANTIOQUIA",2025,2,"Antiguo",6644,"CONSTRUCCIONES CIVILES","Masculino",5001,"Antioquia","Medellín","Colombia","Urbana"
2705,2110,"COLEGIO MAYOR DE ANTIOQUIA",2025,2,"Antiguo",6644,"CONSTRUCCIONES CIVILES","Masculino",5001,"Antioquia","Medellín","Colombia","Urbana"
2706,2110,"COLEGIO MAYOR DE ANTIOQUIA",2025,2,"Antiguo",6644,"CONSTRUCCIONES CIVILES","Masculino",5001,"Antioquia","Medellín","Colombia","Urbana"
2707,2110,"COLEGIO MAYOR DE ANTIOQUIA",2025,2,"Antiguo",6644,"CONSTRUCCIONES CIVILES","Femenino",5001,"Antioquia","Medellín","Colombia","Urbana"
2708,2110,"COLEGIO MAYOR DE ANTIOQUIA",2025,2,"Antiguo",6644,"CONSTRUCCIONES CIVILES","Femenino",5001,"Antioquia","Medellín","Colombia","Urbana"
2709,2110,"COLEGIO MAYOR DE ANTIOQUIA",2025,2,"Antiguo",6644,"CONSTRUCCIONES CIVILES","Masculino",5001,"Antioquia","Medellín","Colombia","Urbana"
2710,2110,"COLEGIO MAYOR DE ANTIOQUIA",2025,2,"Antiguo",6644,"CONSTRUCCIONES CIVILES","Femenino",5001,"Antioquia","Medellín","Colombia","Urbana"
2711,2110,"COLEGIO MAYOR DE ANTIOQUIA",2025,2,"Antiguo",6644,"CONSTRUCCIONES CIVILES","Masculino",5001,"Antioquia","Medellín","Colombia","Urbana"
2712,2110,"COLEGIO MAYOR DE ANTIOQUIA",2025,2,"Antiguo",6644,"CONSTRUCCIONES CIVILES","Masculino",5001,"Antioquia","Medellín","Colombia","Urbana"
2713,2110,"COLEGIO MAYOR DE ANTIOQUIA",2025,2,"Antiguo",6644,"CONSTRUCCIONES CIVILES","Masculino",5001,"Antioquia","Medellín","Colombia","Urbana"
2714,2110,"COLEGIO MAYOR DE ANTIOQUIA",2025,2,"Antiguo",6644,"CONSTRUCCIONES CIVILES","Masculino",5001,"Antioquia","Medellín","Colombia","Urbana"
2715,2110,"COLEGIO MAYOR DE ANTIOQUIA",2025,2,"Antiguo",6644,"CONSTRUCCIONES CIVILES","Femenino",5001,"Antioquia","Medellín","Colombia","Urbana"
2716,2110,"COLEGIO MAYOR DE ANTIOQUIA",2025,2,"Antiguo",6644,"CONSTRUCCIONES CIVILES","Masculino",5001,"Antioquia","Medellín","Colombia","Urbana"
2717,2110,"COLEGIO MAYOR DE ANTIOQUIA",2025,2,"Antiguo",6644,"CONSTRUCCIONES CIVILES","Femenino",5001,"Antioquia","Medellín","Colombia","Urbana"
2718,2110,"COLEGIO MAYOR DE ANTIOQUIA",2025,2,"Antiguo",6644,"CONSTRUCCIONES CIVILES","Femenino",5001,"Antioquia","Medellín","Colombia","Urbana"
2719,2110,"COLEGIO MAYOR DE ANTIOQUIA",2025,2,"Antiguo",6644,"CONSTRUCCIONES CIVILES","Femenino",5001,"Antioquia","Medellín","Colombia","Urbana"
2720,2110,"COLEGIO MAYOR DE ANTIOQUIA",2025,2,"Antiguo",6644,"CONSTRUCCIONES CIVILES","Femenino",5001,"Antioquia","Caldas","Colombia","Urbana"
2721,2110,"COLEGIO MAYOR DE ANTIOQUIA",2025,2,"Antiguo",6644,"CONSTRUCCIONES CIVILES","Femenino",5001,"Antioquia","Medellín","Colombia","Urbana"
2722,2110,"COLEGIO MAYOR DE ANTIOQUIA",2025,2,"Antiguo",6644,"CONSTRUCCIONES CIVILES","Masculino",5001,"Antioquia","Medellín","Colombia","Urbana"
2723,2110,"COLEGIO MAYOR DE ANTIOQUIA",2025,2,"Antiguo",6644,"CONSTRUCCIONES CIVILES","Masculino",5001,"Antioquia","Medellín","Colombia","Urbana"
2724,2110,"COLEGIO MAYOR DE ANTIOQUIA",2025,2,"Antiguo",6644,"CONSTRUCCIONES CIVILES","Masculino",5001,"Antioquia","Medellín","Colombia","Urbana"
2725,2110,"COLEGIO MAYOR DE ANTIOQUIA",2025,2,"Antiguo",6644,"CONSTRUCCIONES CIVILES","Masculino",5001,"Antioquia","Medellín","Colombia","Urbana"
2726,2110,"COLEGIO MAYOR DE ANTIOQUIA",2025,2,"Antiguo",6644,"CONSTRUCCIONES CIVILES","Femenino",5001,"Antioquia","Medellín","Colombia","Urbana"
2727,2110,"COLEGIO MAYOR DE ANTIOQUIA",2025,2,"Antiguo",6644,"CONSTRUCCIONES CIVILES","Femenino",5001,"Antioquia","Medellín","Colombia","Urbana"
2728,2110,"COLEGIO MAYOR DE ANTIOQUIA",2025,2,"Antiguo",6644,"CONSTRUCCIONES CIVILES","Femenino",5001,"Antioquia","Bello","Colombia","Urbana"
2729,2110,"COLEGIO MAYOR DE ANTIOQUIA",2025,2,"Antiguo",6644,"CONSTRUCCIONES CIVILES","Masculino",5001,"Antioquia","Medellín","Colombia","Urbana"
2730,2110,"COLEGIO MAYOR DE ANTIOQUIA",2025,2,"Antiguo",6644,"CONSTRUCCIONES CIVILES","Masculino",5001,"Antioquia","Medellín","Colombia","Urbana"
2731,2110,"COLEGIO MAYOR DE ANTIOQUIA",2025,2,"Antiguo",6644,"CONSTRUCCIONES CIVILES","Femenino",5001,"Antioquia","La Estrella","Colombia","Urbana"
2732,2110,"COLEGIO MAYOR DE ANTIOQUIA",2025,2,"Antiguo",6644,"CONSTRUCCIONES CIVILES","Masculino",5001,"Antioquia","Medellín","Colombia","Urbana"
2733,2110,"COLEGIO MAYOR DE ANTIOQUIA",2025,2,"Antiguo",6644,"CONSTRUCCIONES CIVILES","Femenino",5001,"Antioquia","Medellín","Colombia","Urbana"
2734,2110,"COLEGIO MAYOR DE ANTIOQUIA",2025,2,"Antiguo",6644,"CONSTRUCCIONES CIVILES","Masculino",5001,"Antioquia","Bello","Colombia","Urbana"
2735,2110,"COLEGIO MAYOR DE ANTIOQUIA",2025,2,"Antiguo",6644,"CONSTRUCCIONES CIVILES","Masculino",5001,"Antioquia","Bello","Colombia","Urbana"
2736,2110,"COLEGIO MAYOR DE ANTIOQUIA",2025,2,"Antiguo",6644,"CONSTRUCCIONES CIVILES","Masculino",5001,"Antioquia","Medellín","Colombia","Urbana"
2737,2110,"COLEGIO MAYOR DE ANTIOQUIA",2025,2,"Antiguo",6644,"CONSTRUCCIONES CIVILES","Masculino",5001,"Antioquia","Medellín","Colombia","Urbana"
2738,2110,"COLEGIO MAYOR DE ANTIOQUIA",2025,2,"Antiguo",6644,"CONSTRUCCIONES CIVILES","Masculino",5001,"Antioquia","Itagüí","Colombia","Urbana"
2739,2110,"COLEGIO MAYOR DE ANTIOQUIA",2025,2,"Antiguo",6644,"CONSTRUCCIONES CIVILES","Masculino",5001,"Antioquia","Medellín","Colombia","Urbana"
2740,2110,"COLEGIO MAYOR DE ANTIOQUIA",2025,2,"Antiguo",6644,"CONSTRUCCIONES CIVILES","Masculino",5001,"Antioquia","Medellín","Colombia","Urbana"
2741,2110,"COLEGIO MAYOR DE ANTIOQUIA",2025,2,"Antiguo",6644,"CONSTRUCCIONES CIVILES","Masculino",5001,"Antioquia","Medellín","Colombia","Urbana"
2742,2110,"COLEGIO MAYOR DE ANTIOQUIA",2025,2,"Antiguo",6644,"CONSTRUCCIONES CIVILES","Masculino",5001,"Antioquia","Medellín","Colombia","Urbana"
2743,2110,"COLEGIO MAYOR DE ANTIOQUIA",2025,2,"Antiguo",6644,"CONSTRUCCIONES CIVILES","Masculino",5001,"Antioquia","Medellín","Colombia","Urbana"
2744,2110,"COLEGIO MAYOR DE ANTIOQUIA",2025,2,"Antiguo",6644,"CONSTRUCCIONES CIVILES","Masculino",5001,"Antioquia","Medellín","Colombia","Urbana"
2745,2110,"COLEGIO MAYOR DE ANTIOQUIA",2025,2,"Antiguo",6644,"CONSTRUCCIONES CIVILES","Masculino",5001,"Antioquia","Medellín","Colombia","Urbana"
2746,2110,"COLEGIO MAYOR DE ANTIOQUIA",2025,2,"Antiguo",6644,"CONSTRUCCIONES CIVILES","Masculino",5001,"Antioquia","Medellín","Colombia","Urbana"
2747,2110,"COLEGIO MAYOR DE ANTIOQUIA",2025,2,"Antiguo",6644,"CONSTRUCCIONES CIVILES","Femenino",5001,"Caldas","Manizales","Colombia","Urbana"
2748,2110,"COLEGIO MAYOR DE ANTIOQUIA",2025,2,"Antiguo",6644,"CONSTRUCCIONES CIVILES","Masculino",5001,"Antioquia","San Pedro","Colombia","Urbana"
2749,2110,"COLEGIO MAYOR DE ANTIOQUIA",2025,2,"Antiguo",6644,"CONSTRUCCIONES CIVILES","Masculino",5001,"Antioquia","Medellín","Colombia","Urbana"
2750,2110,"COLEGIO MAYOR DE ANTIOQUIA",2025,2,"Antiguo",6644,"CONSTRUCCIONES CIVILES","Femenino",5001,"Antioquia","Copacabana","Colombia","Urbana"
2751,2110,"COLEGIO MAYOR DE ANTIOQUIA",2025,2,"Antiguo",6644,"CONSTRUCCIONES CIVILES","Femenino",5001,"Antioquia","Yarumal","Colombia","Urbana"
2752,2110,"COLEGIO MAYOR DE ANTIOQUIA",2025,2,"Antiguo",6644,"CONSTRUCCIONES CIVILES","Femenino",5001,"Antioquia","Envigado","Colombia","Urbana"
2753,2110,"COLEGIO MAYOR DE ANTIOQUIA",2025,2,"Antiguo",6644,"CONSTRUCCIONES CIVILES","Masculino",5001,"Antioquia","Caldas","Colombia","Urbana"
2754,2110,"COLEGIO MAYOR DE ANTIOQUIA",2025,2,"Antiguo",6644,"CONSTRUCCIONES CIVILES","Masculino",5001,"Antioquia","Medellín","Colombia","Urbana"
2755,2110,"COLEGIO MAYOR DE ANTIOQUIA",2025,2,"Antiguo",6644,"CONSTRUCCIONES CIVILES","Femenino",5001,"Antioquia","Medellín","Colombia","Urbana"
2756,2110,"COLEGIO MAYOR DE ANTIOQUIA",2025,2,"Antiguo",6644,"CONSTRUCCIONES CIVILES","Masculino",5001,"Antioquia","Itagüí","Colombia","Urbana"
2757,2110,"COLEGIO MAYOR DE ANTIOQUIA",2025,2,"Antiguo",6644,"CONSTRUCCIONES CIVILES","Masculino",5001,"Antioquia","Medellín","Colombia","Urbana"
2758,2110,"COLEGIO MAYOR DE ANTIOQUIA",2025,2,"Antiguo",6644,"CONSTRUCCIONES CIVILES","Femenino",5001,"Antioquia","Medellín","Colombia","Urbana"
2759,2110,"COLEGIO MAYOR DE ANTIOQUIA",2025,2,"Antiguo",6644,"CONSTRUCCIONES CIVILES","Femenino",5001,"Antioquia","Medellín","Colombia","Urbana"
2760,2110,"COLEGIO MAYOR DE ANTIOQUIA",2025,2,"Antiguo",6644,"CONSTRUCCIONES CIVILES","Femenino",5001,"Antioquia","La Ceja","Colombia","Urbana"
2761,2110,"COLEGIO MAYOR DE ANTIOQUIA",2025,2,"Antiguo",6644,"CONSTRUCCIONES CIVILES","Masculino",5001,"Antioquia","Medellín","Colombia","Urbana"
2762,2110,"COLEGIO MAYOR DE ANTIOQUIA",2025,2,"Antiguo",6644,"CONSTRUCCIONES CIVILES","Masculino",5001,"Antioquia","Medellín","Colombia","Urbana"
2763,2110,"COLEGIO MAYOR DE ANTIOQUIA",2025,2,"Antiguo",6644,"CONSTRUCCIONES CIVILES","Masculino",5001,"Antioquia","Medellín","Colombia","Urbana"
2764,2110,"COLEGIO MAYOR DE ANTIOQUIA",2025,2,"Antiguo",6644,"CONSTRUCCIONES CIVILES","Femenino",5001,"Antioquia","Medellín","Colombia","Urbana"
2765,2110,"COLEGIO MAYOR DE ANTIOQUIA",2025,2,"Antiguo",6644,"CONSTRUCCIONES CIVILES","Masculino",5001,"Antioquia","Medellín","Colombia","Urbana"
2766,2110,"COLEGIO MAYOR DE ANTIOQUIA",2025,2,"Antiguo",6644,"CONSTRUCCIONES CIVILES","Masculino",5001,"Antioquia","Medellín","Colombia","Urbana"
2767,2110,"COLEGIO MAYOR DE ANTIOQUIA",2025,2,"Antiguo",6644,"CONSTRUCCIONES CIVILES","Masculino",5001,"Antioquia","Medellín","Colombia","Urbana"
2768,2110,"COLEGIO MAYOR DE ANTIOQUIA",2025,2,"Antiguo",6644,"CONSTRUCCIONES CIVILES","Masculino",5001,"Antioquia","Medellín","Colombia","Urbana"
2769,2110,"COLEGIO MAYOR DE ANTIOQUIA",2025,2,"Antiguo",6644,"CONSTRUCCIONES CIVILES","Masculino",5001,"Antioquia","Medellín","Colombia","Urbana"
2770,2110,"COLEGIO MAYOR DE ANTIOQUIA",2025,2,"Antiguo",6644,"CONSTRUCCIONES CIVILES","Femenino",5001,"Antioquia","Medellín","Colombia","Urbana"
2771,2110,"COLEGIO MAYOR DE ANTIOQUIA",2025,2,"Antiguo",6644,"CONSTRUCCIONES CIVILES","Femenino",5001,"Antioquia","Medellín","Colombia","Urbana"
2772,2110,"COLEGIO MAYOR DE ANTIOQUIA",2025,2,"Antiguo",6644,"CONSTRUCCIONES CIVILES","Femenino",5001,"Antioquia","Medellín","Colombia","Urbana"
2773,2110,"COLEGIO MAYOR DE ANTIOQUIA",2025,2,"Antiguo",6644,"CONSTRUCCIONES CIVILES","Masculino",5001,"Antioquia","Bello","Colombia","Urbana"
2774,2110,"COLEGIO MAYOR DE ANTIOQUIA",2025,2,"Antiguo",6644,"CONSTRUCCIONES CIVILES","Masculino",5001,"Antioquia","Bello","Colombia","Urbana"
2775,2110,"COLEGIO MAYOR DE ANTIOQUIA",2025,2,"Antiguo",6644,"CONSTRUCCIONES CIVILES","Masculino",5001,"Antioquia","Itagüí","Colombia","Urbana"
2776,2110,"COLEGIO MAYOR DE ANTIOQUIA",2025,2,"Antiguo",6644,"CONSTRUCCIONES CIVILES","Masculino",5001,"Cauca","Buenos Aires","Colombia","Urbana"
2777,2110,"COLEGIO MAYOR DE ANTIOQUIA",2025,2,"Antiguo",6644,"CONSTRUCCIONES CIVILES","Masculino",5001,"Antioquia","Bello","Colombia","Urbana"
2778,2110,"COLEGIO MAYOR DE ANTIOQUIA",2025,2,"Antiguo",6644,"CONSTRUCCIONES CIVILES","Masculino",5001,"Antioquia","Bello","Colombia","Urbana"
2779,2110,"COLEGIO MAYOR DE ANTIOQUIA",2025,2,"Antiguo",6644,"CONSTRUCCIONES CIVILES","Femenino",5001,"Antioquia","Medellín","Colombia","Urbana"
2780,2110,"COLEGIO MAYOR DE ANTIOQUIA",2025,2,"Antiguo",6644,"CONSTRUCCIONES CIVILES","Femenino",5001,"Antioquia","Fredonia","Colombia","Urbana"
2781,2110,"COLEGIO MAYOR DE ANTIOQUIA",2025,2,"Antiguo",6644,"CONSTRUCCIONES CIVILES","Masculino",5001,"Antioquia","Medellín","Colombia","Urbana"
2782,2110,"COLEGIO MAYOR DE ANTIOQUIA",2025,2,"Antiguo",6644,"CONSTRUCCIONES CIVILES","Masculino",5001,"Antioquia","Medellín","Colombia","Urbana"
2783,2110,"COLEGIO MAYOR DE ANTIOQUIA",2025,2,"Antiguo",6644,"CONSTRUCCIONES CIVILES","Femenino",5001,"Antioquia","Medellín","Colombia","Urbana"
2784,2110,"COLEGIO MAYOR DE ANTIOQUIA",2025,2,"Antiguo",6644,"CONSTRUCCIONES CIVILES","Femenino",5001,"Antioquia","Medellín","Colombia","Urbana"
2785,2110,"COLEGIO MAYOR DE ANTIOQUIA",2025,2,"Antiguo",6644,"CONSTRUCCIONES CIVILES","Masculino",5001,"Antioquia","Medellín","Colombia","Urbana"
2786,2110,"COLEGIO MAYOR DE ANTIOQUIA",2025,2,"Antiguo",6644,"CONSTRUCCIONES CIVILES","Masculino",5001,"Antioquia","Medellín","Colombia","Urbana"
2787,2110,"COLEGIO MAYOR DE ANTIOQUIA",2025,2,"Antiguo",6644,"CONSTRUCCIONES CIVILES","Masculino",5001,"Antioquia","Medellín","Colombia","Urbana"
2788,2110,"COLEGIO MAYOR DE ANTIOQUIA",2025,2,"Antiguo",6644,"CONSTRUCCIONES CIVILES","Masculino",5001,"Antioquia","Copacabana","Colombia","Urbana"
2789,2110,"COLEGIO MAYOR DE ANTIOQUIA",2025,2,"Antiguo",6644,"CONSTRUCCIONES CIVILES","Femenino",5001,"Antioquia","Bello","Colombia","Urbana"
2790,2110,"COLEGIO MAYOR DE ANTIOQUIA",2025,2,"Antiguo",6644,"CONSTRUCCIONES CIVILES","Masculino",5001,"Chocó","Istmina","Colombia","Urbana"
2791,2110,"COLEGIO MAYOR DE ANTIOQUIA",2025,2,"Antiguo",6644,"CONSTRUCCIONES CIVILES","Femenino",5001,"Antioquia","Medellín","Colombia","Urbana"
2792,2110,"COLEGIO MAYOR DE ANTIOQUIA",2025,2,"Antiguo",6644,"CONSTRUCCIONES CIVILES","Masculino",5001,"Antioquia","Medellín","Colombia","Urbana"
2793,2110,"COLEGIO MAYOR DE ANTIOQUIA",2025,2,"Antiguo",6644,"CONSTRUCCIONES CIVILES","Femenino",5001,"Antioquia","Medellín","Colombia","Urbana"
2794,2110,"COLEGIO MAYOR DE ANTIOQUIA",2025,2,"Antiguo",6644,"CONSTRUCCIONES CIVILES","Masculino",5001,"Antioquia","Medellín","Colombia","Urbana"
2795,2110,"COLEGIO MAYOR DE ANTIOQUIA",2025,2,"Antiguo",6644,"CONSTRUCCIONES CIVILES","Masculino",5001,"Antioquia","Bello","Colombia","Urbana"
2796,2110,"COLEGIO MAYOR DE ANTIOQUIA",2025,2,"Antiguo",6644,"CONSTRUCCIONES CIVILES","Masculino",5001,"Antioquia","Bello","Colombia","Urbana"
2797,2110,"COLEGIO MAYOR DE ANTIOQUIA",2025,2,"Antiguo",6644,"CONSTRUCCIONES CIVILES","Masculino",5001,"Antioquia","Bello","Colombia","Urbana"
2798,2110,"COLEGIO MAYOR DE ANTIOQUIA",2025,2,"Antiguo",6644,"CONSTRUCCIONES CIVILES","Masculino",5001,"Antioquia","Medellín","Colombia","Urbana"
2799,2110,"COLEGIO MAYOR DE ANTIOQUIA",2025,2,"Antiguo",6644,"CONSTRUCCIONES CIVILES","Masculino",5001,"Antioquia","Medellín","Colombia","Urbana"
2800,2110,"COLEGIO MAYOR DE ANTIOQUIA",2025,2,"Antiguo",6644,"CONSTRUCCIONES CIVILES","Masculino",5001,"Antioquia","Medellín","Colombia","Urbana"
2801,2110,"COLEGIO MAYOR DE ANTIOQUIA",2025,2,"Antiguo",6644,"CONSTRUCCIONES CIVILES","Masculino",5001,"Antioquia","Cisneros","Colombia","Urbana"
2802,2110,"COLEGIO MAYOR DE ANTIOQUIA",2025,2,"Antiguo",6644,"CONSTRUCCIONES CIVILES","Masculino",5001,"Antioquia","Medellín","Colombia","Urbana"
2803,2110,"COLEGIO MAYOR DE ANTIOQUIA",2025,2,"Antiguo",6644,"CONSTRUCCIONES CIVILES","Masculino",5001,"Antioquia","Medellín","Colombia","Urbana"
2804,2110,"COLEGIO MAYOR DE ANTIOQUIA",2025,2,"Antiguo",6644,"CONSTRUCCIONES CIVILES","Masculino",5001,"Antioquia","San Pedro de Urabá","Colombia","Urbana"
2805,2110,"COLEGIO MAYOR DE ANTIOQUIA",2025,2,"Antiguo",6644,"CONSTRUCCIONES CIVILES","Femenino",5001,"Antioquia","Barbosa","Colombia","Urbana"
2806,2110,"COLEGIO MAYOR DE ANTIOQUIA",2025,2,"Antiguo",6644,"CONSTRUCCIONES CIVILES","Masculino",5001,"Antioquia","Medellín","Colombia","Urbana"
2807,2110,"COLEGIO MAYOR DE ANTIOQUIA",2025,2,"Antiguo",6644,"CONSTRUCCIONES CIVILES","Masculino",5001,"Antioquia","Medellín","Colombia","Urbana"
2808,2110,"COLEGIO MAYOR DE ANTIOQUIA",2025,2,"Antiguo",6644,"CONSTRUCCIONES CIVILES","Masculino",5001,"Antioquia","Medellín","Colombia","Urbana"
2809,2110,"COLEGIO MAYOR DE ANTIOQUIA",2025,2,"Antiguo",6644,"CONSTRUCCIONES CIVILES","Femenino",5001,"Antioquia","Medellín","Colombia","Urbana"
2810,2110,"COLEGIO MAYOR DE ANTIOQUIA",2025,2,"Antiguo",6644,"CONSTRUCCIONES CIVILES","Masculino",5001,"Antioquia","Medellín","Colombia","Urbana"
2811,2110,"COLEGIO MAYOR DE ANTIOQUIA",2025,2,"Antiguo",6644,"CONSTRUCCIONES CIVILES","Femenino",5001,"Antioquia","Bello","Colombia","Urbana"
2812,2110,"COLEGIO MAYOR DE ANTIOQUIA",2025,2,"Antiguo",6644,"CONSTRUCCIONES CIVILES","Masculino",5001,"Antioquia","Medellín","Colombia","Urbana"
2813,2110,"COLEGIO MAYOR DE ANTIOQUIA",2025,2,"Antiguo",6644,"CONSTRUCCIONES CIVILES","Masculino",5001,"Antioquia","Medellín","Colombia","Urbana"
2814,2110,"COLEGIO MAYOR DE ANTIOQUIA",2025,2,"Antiguo",6644,"CONSTRUCCIONES CIVILES","Masculino",5001,"Antioquia","Medellín","Colombia","Urbana"
2815,2110,"COLEGIO MAYOR DE ANTIOQUIA",2025,2,"Antiguo",6644,"CONSTRUCCIONES CIVILES","Masculino",5001,"Antioquia","Medellín","Colombia","Urbana"
2816,2110,"COLEGIO MAYOR DE ANTIOQUIA",2025,2,"Antiguo",6644,"CONSTRUCCIONES CIVILES","Femenino",5001,"Antioquia","Girardota","Colombia","Urbana"
2817,2110,"COLEGIO MAYOR DE ANTIOQUIA",2025,2,"Antiguo",6644,"CONSTRUCCIONES CIVILES","Femenino",5001,"Antioquia","Medellín","Colombia","Urbana"
2818,2110,"COLEGIO MAYOR DE ANTIOQUIA",2025,2,"Antiguo",6644,"CONSTRUCCIONES CIVILES","Masculino",5001,"Antioquia","Medellín","Colombia","Urbana"
2819,2110,"COLEGIO MAYOR DE ANTIOQUIA",2025,2,"Antiguo",6644,"CONSTRUCCIONES CIVILES","Masculino",5001,"Antioquia","Medellín","Colombia","Urbana"
2820,2110,"COLEGIO MAYOR DE ANTIOQUIA",2025,2,"Antiguo",6644,"CONSTRUCCIONES CIVILES","Masculino",5001,"Antioquia","Medellín","Colombia","Urbana"
2821,2110,"COLEGIO MAYOR DE ANTIOQUIA",2025,2,"Antiguo",6644,"CONSTRUCCIONES CIVILES","Femenino",5001,"Antioquia","Medellín","Colombia","Urbana"
2822,2110,"COLEGIO MAYOR DE ANTIOQUIA",2025,2,"Antiguo",6644,"CONSTRUCCIONES CIVILES","Masculino",5001,"Antioquia","Medellín","Colombia","Urbana"
2823,2110,"COLEGIO MAYOR DE ANTIOQUIA",2025,2,"Antiguo",6644,"CONSTRUCCIONES CIVILES","Masculino",5001,"Antioquia","Medellín","Colombia","Urbana"
2824,2110,"COLEGIO MAYOR DE ANTIOQUIA",2025,2,"Antiguo",6644,"CONSTRUCCIONES CIVILES","Masculino",5001,"Antioquia","Medellín","Colombia","Urbana"
2825,2110,"COLEGIO MAYOR DE ANTIOQUIA",2025,2,"Antiguo",6644,"CONSTRUCCIONES CIVILES","Masculino",5001,"Antioquia","Barbosa","Colombia","Urbana"
2826,2110,"COLEGIO MAYOR DE ANTIOQUIA",2025,2,"Antiguo",6644,"CONSTRUCCIONES CIVILES","Masculino",5001,"Antioquia","Medellín","Colombia","Urbana"
2827,2110,"COLEGIO MAYOR DE ANTIOQUIA",2025,2,"Antiguo",6644,"CONSTRUCCIONES CIVILES","Masculino",5001,"Antioquia","Medellín","Colombia","Urbana"
2828,2110,"COLEGIO MAYOR DE ANTIOQUIA",2025,2,"Antiguo",6644,"CONSTRUCCIONES CIVILES","Masculino",5001,"Antioquia","Medellín","Colombia","Urbana"
2829,2110,"COLEGIO MAYOR DE ANTIOQUIA",2025,2,"Antiguo",6644,"CONSTRUCCIONES CIVILES","Masculino",5001,"Antioquia","Medellín","Colombia","Urbana"
2830,2110,"COLEGIO MAYOR DE ANTIOQUIA",2025,2,"Antiguo",6644,"CONSTRUCCIONES CIVILES","Masculino",5001,"Antioquia","Medellín","Colombia","Urbana"
2831,2110,"COLEGIO MAYOR DE ANTIOQUIA",2025,2,"Antiguo",6644,"CONSTRUCCIONES CIVILES","Femenino",5001,"Antioquia","Medellín","Colombia","Urbana"
2832,2110,"COLEGIO MAYOR DE ANTIOQUIA",2025,2,"Antiguo",6644,"CONSTRUCCIONES CIVILES","Femenino",5001,"Antioquia","Medellín","Colombia","Urbana"
2833,2110,"COLEGIO MAYOR DE ANTIOQUIA",2025,2,"Antiguo",6644,"CONSTRUCCIONES CIVILES","Femenino",5001,"Antioquia","Medellín","Colombia","Urbana"
2834,2110,"COLEGIO MAYOR DE ANTIOQUIA",2025,2,"Antiguo",6644,"CONSTRUCCIONES CIVILES","Masculino",5001,"Antioquia","Medellín","Colombia","Urbana"
2835,2110,"COLEGIO MAYOR DE ANTIOQUIA",2025,2,"Reingreso",6644,"CONSTRUCCIONES CIVILES","Femenino",5001,"Antioquia","Medellín","Colombia","Urbana"
2836,2110,"COLEGIO MAYOR DE ANTIOQUIA",2025,2,"Reingreso",6644,"CONSTRUCCIONES CIVILES","Masculino",5001,"Antioquia","Bello","Colombia","Urbana"
2837,2110,"COLEGIO MAYOR DE ANTIOQUIA",2025,2,"Reingreso",6644,"CONSTRUCCIONES CIVILES","Femenino",5001,"Antioquia","Itagüí","Colombia","Urbana"
2838,2110,"COLEGIO MAYOR DE ANTIOQUIA",2025,2,"Reingreso",6644,"CONSTRUCCIONES CIVILES","Femenino",5001,"Antioquia","Medellín","Colombia","Urbana"
2839,2110,"COLEGIO MAYOR DE ANTIOQUIA",2025,2,"Reingreso",6644,"CONSTRUCCIONES CIVILES","Femenino",5001,"Antioquia","Bello","Colombia","Urbana"
2840,2110,"COLEGIO MAYOR DE ANTIOQUIA",2025,2,"Reingreso",6644,"CONSTRUCCIONES CIVILES","Masculino",5001,"Antioquia","Medellín","Colombia","Urbana"
2841,2110,"COLEGIO MAYOR DE ANTIOQUIA",2025,2,"Reingreso",6644,"CONSTRUCCIONES CIVILES","Masculino",5001,"Antioquia","Bello","Colombia","Urbana"
2842,2110,"COLEGIO MAYOR DE ANTIOQUIA",2025,2,"Reingreso",6644,"CONSTRUCCIONES CIVILES","Masculino",5001,"Antioquia","Medellín","Colombia","Urbana"
2843,2110,"COLEGIO MAYOR DE ANTIOQUIA",2025,2,"Reingreso",6644,"CONSTRUCCIONES CIVILES","Femenino",5001,"Antioquia","Medellín","Colombia","Urbana"
2844,2110,"COLEGIO MAYOR DE ANTIOQUIA",2025,2,"Reingreso",6644,"CONSTRUCCIONES CIVILES","Femenino",5001,"Antioquia","Medellín","Colombia","Urbana"
2845,2110,"COLEGIO MAYOR DE ANTIOQUIA",2025,2,"Reingreso",6644,"CONSTRUCCIONES CIVILES","Masculino",5001,"Antioquia","Medellín","Colombia","Urbana"
2846,2110,"COLEGIO MAYOR DE ANTIOQUIA",2025,2,"Reingreso",6644,"CONSTRUCCIONES CIVILES","Masculino",5001,"Antioquia","Medellín","Colombia","Urbana"
2847,2110,"COLEGIO MAYOR DE ANTIOQUIA",2025,2,"Reingreso",6644,"CONSTRUCCIONES CIVILES","Masculino",5001,"Antioquia","Bello","Colombia","Urbana"
2848,2110,"COLEGIO MAYOR DE ANTIOQUIA",2025,2,"Reingreso",6644,"CONSTRUCCIONES CIVILES","Masculino",5001,"Antioquia","Medellín","Colombia","Urbana"
2849,2110,"COLEGIO MAYOR DE ANTIOQUIA",2025,2,"Reingreso",6644,"CONSTRUCCIONES CIVILES","Femenino",5001,"Antioquia","Medellín","Colombia","Urbana"
2850,2110,"COLEGIO MAYOR DE ANTIOQUIA",2025,2,"Reingreso",6644,"CONSTRUCCIONES CIVILES","Femenino",5001,"Antioquia","Medellín","Colombia","Urbana"
2851,2110,"COLEGIO MAYOR DE ANTIOQUIA",2025,2,"Reingreso",6644,"CONSTRUCCIONES CIVILES","Masculino",5001,"Antioquia","Copacabana","Colombia","Urbana"
2852,2110,"COLEGIO MAYOR DE ANTIOQUIA",2025,2,"Reingreso",6644,"CONSTRUCCIONES CIVILES","Femenino",5001,"Antioquia","Dabeiba","Colombia","Urbana"
2853,2110,"COLEGIO MAYOR DE ANTIOQUIA",2025,2,"Reingreso",6644,"CONSTRUCCIONES CIVILES","Masculino",5001,"Antioquia","Itagüí","Colombia","Urbana"
2854,2110,"COLEGIO MAYOR DE ANTIOQUIA",2025,2,"Reingreso",6644,"CONSTRUCCIONES CIVILES","Masculino",5001,"Antioquia","Bello","Colombia","Urbana"
2855,2110,"COLEGIO MAYOR DE ANTIOQUIA",2025,2,"Reingreso",6644,"CONSTRUCCIONES CIVILES","Masculino",5001,"Antioquia","Bello","Colombia","Urbana"
2856,2110,"COLEGIO MAYOR DE ANTIOQUIA",2025,2,"Reintegro",6644,"CONSTRUCCIONES CIVILES","Femenino",5001,"Antioquia","Medellín","Colombia","Urbana"
2857,2110,"COLEGIO MAYOR DE ANTIOQUIA",2025,2,"Reintegro",6644,"CONSTRUCCIONES CIVILES","Femenino",5001,"Antioquia","Medellín","Colombia","Urbana"
2858,2110,"COLEGIO MAYOR DE ANTIOQUIA",2025,2,"Reintegro",6644,"CONSTRUCCIONES CIVILES","Femenino",5001,"Antioquia","Itagüí","Colombia","Urbana"
2859,2110,"COLEGIO MAYOR DE ANTIOQUIA",2025,2,"Reintegro",6644,"CONSTRUCCIONES CIVILES","Femenino",5001,"Antioquia","Medellín","Colombia","Urbana"
2860,2110,"COLEGIO MAYOR DE ANTIOQUIA",2025,2,"Nuevo",53935,"ESPECIALIZACION EN CONSTRUCCION SOSTENIBLE","Femenino",5001,"Valle del Cauca","Santiago de Cali","Colombia","Urbana"
2861,2110,"COLEGIO MAYOR DE ANTIOQUIA",2025,2,"Antiguo",53935,"ESPECIALIZACION EN CONSTRUCCION SOSTENIBLE","Femenino",5001,"Antioquia","Medellín","Colombia","Urbana"
2862,2110,"COLEGIO MAYOR DE ANTIOQUIA",2025,2,"Antiguo",53935,"ESPECIALIZACION EN CONSTRUCCION SOSTENIBLE","Femenino",5001,"Antioquia","Medellín","Colombia","Urbana"
2863,2110,"COLEGIO MAYOR DE ANTIOQUIA",2025,2,"Antiguo",53935,"ESPECIALIZACION EN CONSTRUCCION SOSTENIBLE","Masculino",5001,"Antioquia","Itagüí","Colombia","Urbana"
2864,2110,"COLEGIO MAYOR DE ANTIOQUIA",2025,2,"Antiguo",53935,"ESPECIALIZACION EN CONSTRUCCION SOSTENIBLE","Femenino",5001,"Antioquia","Medellín","Colombia","Urbana"
2865,2110,"COLEGIO MAYOR DE ANTIOQUIA",2025,2,"Antiguo",53935,"ESPECIALIZACION EN CONSTRUCCION SOSTENIBLE","Masculino",5001,"Antioquia","Medellín","Colombia","Urbana"
2866,2110,"COLEGIO MAYOR DE ANTIOQUIA",2025,2,"Antiguo",53935,"ESPECIALIZACION EN CONSTRUCCION SOSTENIBLE","Femenino",5001,"Tolima","Ibagué","Colombia","Urbana"
2867,2110,"COLEGIO MAYOR DE ANTIOQUIA",2025,2,"Antiguo",54263,"INGENIERIA AMBIENTAL","Masculino",5001,"Antioquia","Medellín","Colombia","Urbana"
2868,2110,"COLEGIO MAYOR DE ANTIOQUIA",2025,2,"Antiguo",54263,"INGENIERIA AMBIENTAL","Masculino",5001,"Antioquia","Envigado","Colombia","Urbana"
2869,2110,"COLEGIO MAYOR DE ANTIOQUIA",2025,2,"Antiguo",54263,"INGENIERIA AMBIENTAL","Masculino",5001,"Antioquia","Medellín","Colombia","Urbana"
2870,2110,"COLEGIO MAYOR DE ANTIOQUIA",2025,2,"Antiguo",54263,"INGENIERIA AMBIENTAL","Masculino",5001,"Antioquia","Medellín","Colombia","Urbana"
2871,2110,"COLEGIO MAYOR DE ANTIOQUIA",2025,2,"Antiguo",54263,"INGENIERIA AMBIENTAL","Femenino",5001,"Antioquia","La Ceja","Colombia","Urbana"
2872,2110,"COLEGIO MAYOR DE ANTIOQUIA",2025,2,"Antiguo",54263,"INGENIERIA AMBIENTAL","Femenino",5001,"Antioquia","Medellín","Colombia","Urbana"
2873,2110,"COLEGIO MAYOR DE ANTIOQUIA",2025,2,"Antiguo",54263,"INGENIERIA AMBIENTAL","Femenino",5001,"Antioquia","Bello","Colombia","Urbana"
2874,2110,"COLEGIO MAYOR DE ANTIOQUIA",2025,2,"Antiguo",54263,"INGENIERIA AMBIENTAL","Femenino",5001,"Antioquia","Sabaneta","Colombia","Urbana"
2875,2110,"COLEGIO MAYOR DE ANTIOQUIA",2025,2,"Antiguo",54263,"INGENIERIA AMBIENTAL","Femenino",5001,"Antioquia","Medellín","Colombia","Urbana"
2876,2110,"COLEGIO MAYOR DE ANTIOQUIA",2025,2,"Antiguo",54263,"INGENIERIA AMBIENTAL","Masculino",5001,"Antioquia","Medellín","Colombia","Urbana"
2877,2110,"COLEGIO MAYOR DE ANTIOQUIA",2025,2,"Antiguo",54263,"INGENIERIA AMBIENTAL","Femenino",5001,"Antioquia","Medellín","Colombia","Urbana"
2878,2110,"COLEGIO MAYOR DE ANTIOQUIA",2025,2,"Antiguo",54263,"INGENIERIA AMBIENTAL","Femenino",5001,"Antioquia","Medellín","Colombia","Urbana"
2879,2110,"COLEGIO MAYOR DE ANTIOQUIA",2025,2,"Antiguo",54263,"INGENIERIA AMBIENTAL","Masculino",5001,"Antioquia","Medellín","Colombia","Urbana"
2880,2110,"COLEGIO MAYOR DE ANTIOQUIA",2025,2,"Antiguo",54263,"INGENIERIA AMBIENTAL","Femenino",5001,"Antioquia","Medellín","Colombia","Urbana"
2881,2110,"COLEGIO MAYOR DE ANTIOQUIA",2025,2,"Antiguo",54263,"INGENIERIA AMBIENTAL","Femenino",5001,"Antioquia","Envigado","Colombia","Urbana"
2882,2110,"COLEGIO MAYOR DE ANTIOQUIA",2025,2,"Antiguo",54263,"INGENIERIA AMBIENTAL","Masculino",5001,"Antioquia","Medellín","Colombia","Urbana"
2883,2110,"COLEGIO MAYOR DE ANTIOQUIA",2025,2,"Antiguo",54263,"INGENIERIA AMBIENTAL","Femenino",5001,"Antioquia","Medellín","Colombia","Urbana"
2884,2110,"COLEGIO MAYOR DE ANTIOQUIA",2025,2,"Antiguo",54263,"INGENIERIA AMBIENTAL","Femenino",5001,"Antioquia","Copacabana","Colombia","Urbana"
2885,2110,"COLEGIO MAYOR DE ANTIOQUIA",2025,2,"Antiguo",54263,"INGENIERIA AMBIENTAL","Femenino",5001,"Antioquia","Medellín","Colombia","Urbana"
2886,2110,"COLEGIO MAYOR DE ANTIOQUIA",2025,2,"Antiguo",54263,"INGENIERIA AMBIENTAL","Femenino",5001,"Antioquia","Medellín","Colombia","Urbana"
2887,2110,"COLEGIO MAYOR DE ANTIOQUIA",2025,2,"Antiguo",54263,"INGENIERIA AMBIENTAL","Femenino",5001,"Antioquia","Medellín","Colombia","Urbana"
2888,2110,"COLEGIO MAYOR DE ANTIOQUIA",2025,2,"Antiguo",54263,"INGENIERIA AMBIENTAL","Femenino",5001,"Antioquia","Medellín","Colombia","Urbana"
2889,2110,"COLEGIO MAYOR DE ANTIOQUIA",2025,2,"Antiguo",54263,"INGENIERIA AMBIENTAL","Femenino",5001,"Antioquia","Medellín","Colombia","Urbana"
2890,2110,"COLEGIO MAYOR DE ANTIOQUIA",2025,2,"Antiguo",54263,"INGENIERIA AMBIENTAL","Femenino",5001,"Antioquia","Medellín","Colombia","Urbana"
2891,2110,"COLEGIO MAYOR DE ANTIOQUIA",2025,2,"Antiguo",54263,"INGENIERIA AMBIENTAL","Femenino",5001,"Antioquia","Medellín","Colombia","Urbana"
2892,2110,"COLEGIO MAYOR DE ANTIOQUIA",2025,2,"Antiguo",54263,"INGENIERIA AMBIENTAL","Femenino",5001,"Antioquia","Medellín","Colombia","Urbana"
2893,2110,"COLEGIO MAYOR DE ANTIOQUIA",2025,2,"Antiguo",54263,"INGENIERIA AMBIENTAL","Femenino",5001,"Antioquia","Medellín","Colombia","Urbana"
2894,2110,"COLEGIO MAYOR DE ANTIOQUIA",2025,2,"Antiguo",54263,"INGENIERIA AMBIENTAL","Masculino",5001,"Antioquia","Medellín","Colombia","Urbana"
2895,2110,"COLEGIO MAYOR DE ANTIOQUIA",2025,2,"Antiguo",54263,"INGENIERIA AMBIENTAL","Masculino",5001,"Caldas","La Dorada","Colombia","Urbana"
2896,2110,"COLEGIO MAYOR DE ANTIOQUIA",2025,2,"Antiguo",54263,"INGENIERIA AMBIENTAL","Masculino",5001,"Antioquia","Medellín","Colombia","Urbana"
2897,2110,"COLEGIO MAYOR DE ANTIOQUIA",2025,2,"Antiguo",54263,"INGENIERIA AMBIENTAL","Femenino",5001,"Antioquia","Medellín","Colombia","Urbana"
2898,2110,"COLEGIO MAYOR DE ANTIOQUIA",2025,2,"Antiguo",54263,"INGENIERIA AMBIENTAL","Femenino",5001,"Antioquia","Cañasgordas","Colombia","Urbana"
2899,2110,"COLEGIO MAYOR DE ANTIOQUIA",2025,2,"Antiguo",54263,"INGENIERIA AMBIENTAL","Femenino",5001,"Antioquia","Itagüí","Colombia","Urbana"
2900,2110,"COLEGIO MAYOR DE ANTIOQUIA",2025,2,"Antiguo",54263,"INGENIERIA AMBIENTAL","Masculino",5001,"Antioquia","Medellín","Colombia","Urbana"
2901,2110,"COLEGIO MAYOR DE ANTIOQUIA",2025,2,"Antiguo",54263,"INGENIERIA AMBIENTAL","Femenino",5001,"Antioquia","Medellín","Colombia","Urbana"
2902,2110,"COLEGIO MAYOR DE ANTIOQUIA",2025,2,"Antiguo",54263,"INGENIERIA AMBIENTAL","Masculino",5001,"Antioquia","Sabaneta","Colombia","Urbana"
2903,2110,"COLEGIO MAYOR DE ANTIOQUIA",2025,2,"Antiguo",54263,"INGENIERIA AMBIENTAL","Femenino",5001,"Antioquia","Medellín","Colombia","Urbana"
2904,2110,"COLEGIO MAYOR DE ANTIOQUIA",2025,2,"Antiguo",54263,"INGENIERIA AMBIENTAL","Femenino",5001,"Antioquia","Medellín","Colombia","Urbana"
2905,2110,"COLEGIO MAYOR DE ANTIOQUIA",2025,2,"Antiguo",54263,"INGENIERIA AMBIENTAL","Masculino",5001,"Antioquia","Medellín","Colombia","Urbana"
2906,2110,"COLEGIO MAYOR DE ANTIOQUIA",2025,2,"Antiguo",54263,"INGENIERIA AMBIENTAL","Femenino",5001,"Antioquia","Medellín","Colombia","Urbana"
2907,2110,"COLEGIO MAYOR DE ANTIOQUIA",2025,2,"Antiguo",54263,"INGENIERIA AMBIENTAL","Masculino",5001,"Antioquia","Bello","Colombia","Urbana"
2908,2110,"COLEGIO MAYOR DE ANTIOQUIA",2025,2,"Antiguo",54263,"INGENIERIA AMBIENTAL","Femenino",5001,"Antioquia","Medellín","Colombia","Urbana"
2909,2110,"COLEGIO MAYOR DE ANTIOQUIA",2025,2,"Antiguo",54263,"INGENIERIA AMBIENTAL","Femenino",5001,"Antioquia","Medellín","Colombia","Urbana"
2910,2110,"COLEGIO MAYOR DE ANTIOQUIA",2025,2,"Antiguo",54263,"INGENIERIA AMBIENTAL","Masculino",5001,"Antioquia","Medellín","Colombia","Urbana"
2911,2110,"COLEGIO MAYOR DE ANTIOQUIA",2025,2,"Antiguo",54263,"INGENIERIA AMBIENTAL","Masculino",5001,"Antioquia","Maceo","Colombia","Urbana"
2912,2110,"COLEGIO MAYOR DE ANTIOQUIA",2025,2,"Antiguo",54263,"INGENIERIA AMBIENTAL","Masculino",5001,"Antioquia","Bello","Colombia","Urbana"
2913,2110,"COLEGIO MAYOR DE ANTIOQUIA",2025,2,"Antiguo",54263,"INGENIERIA AMBIENTAL","Femenino",5001,"Antioquia","Medellín","Colombia","Urbana"
2914,2110,"COLEGIO MAYOR DE ANTIOQUIA",2025,2,"Antiguo",54263,"INGENIERIA AMBIENTAL","Masculino",5001,"Antioquia","Medellín","Colombia","Urbana"
2915,2110,"COLEGIO MAYOR DE ANTIOQUIA",2025,2,"Antiguo",54263,"INGENIERIA AMBIENTAL","Femenino",5001,"Antioquia","Medellín","Colombia","Urbana"
2916,2110,"COLEGIO MAYOR DE ANTIOQUIA",2025,2,"Antiguo",54263,"INGENIERIA AMBIENTAL","Femenino",5001,"Antioquia","Medellín","Colombia","Urbana"
2917,2110,"COLEGIO MAYOR DE ANTIOQUIA",2025,2,"Antiguo",54263,"INGENIERIA AMBIENTAL","Femenino",5001,"Antioquia","Medellín","Colombia","Urbana"
2918,2110,"COLEGIO MAYOR DE ANTIOQUIA",2025,2,"Antiguo",54263,"INGENIERIA AMBIENTAL","Femenino",5001,"Antioquia","Medellín","Colombia","Urbana"
2919,2110,"COLEGIO MAYOR DE ANTIOQUIA",2025,2,"Antiguo",54263,"INGENIERIA AMBIENTAL","Masculino",5001,"Antioquia","Medellín","Colombia","Urbana"
2920,2110,"COLEGIO MAYOR DE ANTIOQUIA",2025,2,"Antiguo",54263,"INGENIERIA AMBIENTAL","Femenino",5001,"Antioquia","Bello","Colombia","Urbana"
2921,2110,"COLEGIO MAYOR DE ANTIOQUIA",2025,2,"Antiguo",54263,"INGENIERIA AMBIENTAL","Femenino",5001,"Antioquia","Medellín","Colombia","Urbana"
2922,2110,"COLEGIO MAYOR DE ANTIOQUIA",2025,2,"Antiguo",54263,"INGENIERIA AMBIENTAL","Masculino",5001,"Antioquia","Medellín","Colombia","Urbana"
2923,2110,"COLEGIO MAYOR DE ANTIOQUIA",2025,2,"Antiguo",54263,"INGENIERIA AMBIENTAL","Masculino",5001,"Antioquia","Medellín","Colombia","Urbana"
2924,2110,"COLEGIO MAYOR DE ANTIOQUIA",2025,2,"Antiguo",54263,"INGENIERIA AMBIENTAL","Femenino",5001,"Antioquia","Bello","Colombia","Urbana"
2925,2110,"COLEGIO MAYOR DE ANTIOQUIA",2025,2,"Antiguo",54263,"INGENIERIA AMBIENTAL","Femenino",5001,"Antioquia","Medellín","Colombia","Urbana"
2926,2110,"COLEGIO MAYOR DE ANTIOQUIA",2025,2,"Antiguo",54263,"INGENIERIA AMBIENTAL","Femenino",5001,"Antioquia","Medellín","Colombia","Urbana"
2927,2110,"COLEGIO MAYOR DE ANTIOQUIA",2025,2,"Antiguo",54263,"INGENIERIA AMBIENTAL","Femenino",5001,"Antioquia","Bello","Colombia","Urbana"
2928,2110,"COLEGIO MAYOR DE ANTIOQUIA",2025,2,"Antiguo",54263,"INGENIERIA AMBIENTAL","Femenino",5001,"Antioquia","Medellín","Colombia","Urbana"
2929,2110,"COLEGIO MAYOR DE ANTIOQUIA",2025,2,"Antiguo",54263,"INGENIERIA AMBIENTAL","Femenino",5001,"Antioquia","Medellín","Colombia","Urbana"
2930,2110,"COLEGIO MAYOR DE ANTIOQUIA",2025,2,"Antiguo",54263,"INGENIERIA AMBIENTAL","Femenino",5001,"Antioquia","Medellín","Colombia","Urbana"
2931,2110,"COLEGIO MAYOR DE ANTIOQUIA",2025,2,"Antiguo",54263,"INGENIERIA AMBIENTAL","Femenino",5001,"Antioquia","Medellín","Colombia","Urbana"
2932,2110,"COLEGIO MAYOR DE ANTIOQUIA",2025,2,"Antiguo",54263,"INGENIERIA AMBIENTAL","Femenino",5001,"Antioquia","Medellín","Colombia","Urbana"
2933,2110,"COLEGIO MAYOR DE ANTIOQUIA",2025,2,"Antiguo",54263,"INGENIERIA AMBIENTAL","Masculino",5001,"Antioquia","Medellín","Colombia","Urbana"
2934,2110,"COLEGIO MAYOR DE ANTIOQUIA",2025,2,"Antiguo",54263,"INGENIERIA AMBIENTAL","Masculino",5001,"Antioquia","Medellín","Colombia","Urbana"
2935,2110,"COLEGIO MAYOR DE ANTIOQUIA",2025,2,"Antiguo",54263,"INGENIERIA AMBIENTAL","Masculino",5001,"Antioquia","Liborina","Colombia","Urbana"
2936,2110,"COLEGIO MAYOR DE ANTIOQUIA",2025,2,"Antiguo",54263,"INGENIERIA AMBIENTAL","Femenino",5001,"Antioquia","Bello","Colombia","Urbana"
2937,2110,"COLEGIO MAYOR DE ANTIOQUIA",2025,2,"Antiguo",54263,"INGENIERIA AMBIENTAL","Femenino",5001,"Antioquia","Medellín","Colombia","Urbana"
2938,2110,"COLEGIO MAYOR DE ANTIOQUIA",2025,2,"Antiguo",54263,"INGENIERIA AMBIENTAL","Femenino",5001,"Antioquia","Medellín","Colombia","Urbana"
2939,2110,"COLEGIO MAYOR DE ANTIOQUIA",2025,2,"Antiguo",54263,"INGENIERIA AMBIENTAL","Femenino",5001,"Antioquia","Medellín","Colombia","Urbana"
2940,2110,"COLEGIO MAYOR DE ANTIOQUIA",2025,2,"Antiguo",54263,"INGENIERIA AMBIENTAL","Femenino",5001,"Antioquia","Medellín","Colombia","Urbana"
2941,2110,"COLEGIO MAYOR DE ANTIOQUIA",2025,2,"Antiguo",54263,"INGENIERIA AMBIENTAL","Masculino",5001,"Antioquia","Medellín","Colombia","Urbana"
2942,2110,"COLEGIO MAYOR DE ANTIOQUIA",2025,2,"Antiguo",54263,"INGENIERIA AMBIENTAL","Femenino",5001,"Antioquia","Medellín","Colombia","Urbana"
2943,2110,"COLEGIO MAYOR DE ANTIOQUIA",2025,2,"Antiguo",54263,"INGENIERIA AMBIENTAL","Femenino",5001,"Antioquia","Medellín","Colombia","Urbana"
2944,2110,"COLEGIO MAYOR DE ANTIOQUIA",2025,2,"Antiguo",54263,"INGENIERIA AMBIENTAL","Masculino",5001,"Antioquia","Copacabana","Colombia","Urbana"
2945,2110,"COLEGIO MAYOR DE ANTIOQUIA",2025,2,"Antiguo",54263,"INGENIERIA AMBIENTAL","Femenino",5001,"Antioquia","Medellín","Colombia","Urbana"
2946,2110,"COLEGIO MAYOR DE ANTIOQUIA",2025,2,"Antiguo",54263,"INGENIERIA AMBIENTAL","Femenino",5001,"Antioquia","Copacabana","Colombia","Urbana"
2947,2110,"COLEGIO MAYOR DE ANTIOQUIA",2025,2,"Antiguo",54263,"INGENIERIA AMBIENTAL","Femenino",5001,"Antioquia","Yolombó","Colombia","Urbana"
2948,2110,"COLEGIO MAYOR DE ANTIOQUIA",2025,2,"Antiguo",54263,"INGENIERIA AMBIENTAL","Femenino",5001,"Antioquia","Medellín","Colombia","Urbana"
2949,2110,"COLEGIO MAYOR DE ANTIOQUIA",2025,2,"Antiguo",54263,"INGENIERIA AMBIENTAL","Masculino",5001,"Antioquia","Medellín","Colombia","Urbana"
2950,2110,"COLEGIO MAYOR DE ANTIOQUIA",2025,2,"Antiguo",54263,"INGENIERIA AMBIENTAL","Masculino",5001,"Antioquia","Medellín","Colombia","Urbana"
2951,2110,"COLEGIO MAYOR DE ANTIOQUIA",2025,2,"Antiguo",54263,"INGENIERIA AMBIENTAL","Masculino",5001,"Antioquia","Medellín","Colombia","Urbana"
2952,2110,"COLEGIO MAYOR DE ANTIOQUIA",2025,2,"Antiguo",54263,"INGENIERIA AMBIENTAL","Masculino",5001,"Antioquia","Medellín","Colombia","Urbana"
2953,2110,"COLEGIO MAYOR DE ANTIOQUIA",2025,2,"Antiguo",54263,"INGENIERIA AMBIENTAL","Masculino",5001,"Antioquia","Medellín","Colombia","Urbana"
2954,2110,"COLEGIO MAYOR DE ANTIOQUIA",2025,2,"Antiguo",54263,"INGENIERIA AMBIENTAL","Femenino",5001,"Antioquia","Medellín","Colombia","Urbana"
2955,2110,"COLEGIO MAYOR DE ANTIOQUIA",2025,2,"Antiguo",54263,"INGENIERIA AMBIENTAL","Femenino",5001,"Antioquia","Medellín","Colombia","Urbana"
2956,2110,"COLEGIO MAYOR DE ANTIOQUIA",2025,2,"Antiguo",54263,"INGENIERIA AMBIENTAL","Femenino",5001,"Antioquia","Medellín","Colombia","Urbana"
2957,2110,"COLEGIO MAYOR DE ANTIOQUIA",2025,2,"Antiguo",54263,"INGENIERIA AMBIENTAL","Femenino",5001,"Antioquia","La Estrella","Colombia","Urbana"
2958,2110,"COLEGIO MAYOR DE ANTIOQUIA",2025,2,"Antiguo",54263,"INGENIERIA AMBIENTAL","Masculino",5001,"Antioquia","Medellín","Colombia","Urbana"
2959,2110,"COLEGIO MAYOR DE ANTIOQUIA",2025,2,"Antiguo",54263,"INGENIERIA AMBIENTAL","Femenino",5001,"Antioquia","Medellín","Colombia","Urbana"
2960,2110,"COLEGIO MAYOR DE ANTIOQUIA",2025,2,"Antiguo",54263,"INGENIERIA AMBIENTAL","Femenino",5001,"Antioquia","Medellín","Colombia","Urbana"
2961,2110,"COLEGIO MAYOR DE ANTIOQUIA",2025,2,"Antiguo",54263,"INGENIERIA AMBIENTAL","Femenino",5001,"Antioquia","Medellín","Colombia","Urbana"
2962,2110,"COLEGIO MAYOR DE ANTIOQUIA",2025,2,"Antiguo",54263,"INGENIERIA AMBIENTAL","Femenino",5001,"Antioquia","Medellín","Colombia","Urbana"
2963,2110,"COLEGIO MAYOR DE ANTIOQUIA",2025,2,"Antiguo",54263,"INGENIERIA AMBIENTAL","Femenino",5001,"Antioquia","Medellín","Colombia","Urbana"
2964,2110,"COLEGIO MAYOR DE ANTIOQUIA",2025,2,"Antiguo",54263,"INGENIERIA AMBIENTAL","Femenino",5001,"Antioquia","Medellín","Colombia","Urbana"
2965,2110,"COLEGIO MAYOR DE ANTIOQUIA",2025,2,"Antiguo",54263,"INGENIERIA AMBIENTAL","Masculino",5001,"Antioquia","Medellín","Colombia","Urbana"
2966,2110,"COLEGIO MAYOR DE ANTIOQUIA",2025,2,"Antiguo",54263,"INGENIERIA AMBIENTAL","Femenino",5001,"Antioquia","Medellín","Colombia","Urbana"
2967,2110,"COLEGIO MAYOR DE ANTIOQUIA",2025,2,"Antiguo",54263,"INGENIERIA AMBIENTAL","Masculino",5001,"Antioquia","Bello","Colombia","Urbana"
2968,2110,"COLEGIO MAYOR DE ANTIOQUIA",2025,2,"Antiguo",54263,"INGENIERIA AMBIENTAL","Femenino",5001,"Antioquia","Medellín","Colombia","Urbana"
2969,2110,"COLEGIO MAYOR DE ANTIOQUIA",2025,2,"Antiguo",54263,"INGENIERIA AMBIENTAL","Masculino",5001,"Antioquia","Guarne","Colombia","Urbana"
2970,2110,"COLEGIO MAYOR DE ANTIOQUIA",2025,2,"Antiguo",54263,"INGENIERIA AMBIENTAL","Femenino",5001,"Antioquia","Medellín","Colombia","Urbana"
2971,2110,"COLEGIO MAYOR DE ANTIOQUIA",2025,2,"Antiguo",54263,"INGENIERIA AMBIENTAL","Masculino",5001,"Antioquia","Medellín","Colombia","Urbana"
2972,2110,"COLEGIO MAYOR DE ANTIOQUIA",2025,2,"Antiguo",54263,"INGENIERIA AMBIENTAL","Femenino",5001,"Antioquia","Caicedo","Colombia","Urbana"
2973,2110,"COLEGIO MAYOR DE ANTIOQUIA",2025,2,"Antiguo",54263,"INGENIERIA AMBIENTAL","Femenino",5001,"Antioquia","Medellín","Colombia","Urbana"
2974,2110,"COLEGIO MAYOR DE ANTIOQUIA",2025,2,"Antiguo",54263,"INGENIERIA AMBIENTAL","Femenino",5001,"Antioquia","Medellín","Colombia","Urbana"
2975,2110,"COLEGIO MAYOR DE ANTIOQUIA",2025,2,"Antiguo",54263,"INGENIERIA AMBIENTAL","Femenino",5001,"Antioquia","Medellín","Colombia","Urbana"
2976,2110,"COLEGIO MAYOR DE ANTIOQUIA",2025,2,"Antiguo",54263,"INGENIERIA AMBIENTAL","Femenino",5001,"Antioquia","Medellín","Colombia","Urbana"
2977,2110,"COLEGIO MAYOR DE ANTIOQUIA",2025,2,"Antiguo",54263,"INGENIERIA AMBIENTAL","Femenino",5001,"Antioquia","Medellín","Colombia","Urbana"
2978,2110,"COLEGIO MAYOR DE ANTIOQUIA",2025,2,"Antiguo",54263,"INGENIERIA AMBIENTAL","Masculino",5001,"Caquetá","Florencia","Colombia","Urbana"
2979,2110,"COLEGIO MAYOR DE ANTIOQUIA",2025,2,"Antiguo",54263,"INGENIERIA AMBIENTAL","Masculino",5001,"Antioquia","Medellín","Colombia","Urbana"
2980,2110,"COLEGIO MAYOR DE ANTIOQUIA",2025,2,"Antiguo",54263,"INGENIERIA AMBIENTAL","Femenino",5001,"Antioquia","Medellín","Colombia","Urbana"
2981,2110,"COLEGIO MAYOR DE ANTIOQUIA",2025,2,"Antiguo",54263,"INGENIERIA AMBIENTAL","Masculino",5001,"Antioquia","Medellín","Colombia","Urbana"
2982,2110,"COLEGIO MAYOR DE ANTIOQUIA",2025,2,"Antiguo",54263,"INGENIERIA AMBIENTAL","Masculino",5001,"Antioquia","Medellín","Colombia","Urbana"
2983,2110,"COLEGIO MAYOR DE ANTIOQUIA",2025,2,"Antiguo",54263,"INGENIERIA AMBIENTAL","Femenino",5001,"Antioquia","Medellín","Colombia","Urbana"
2984,2110,"COLEGIO MAYOR DE ANTIOQUIA",2025,2,"Antiguo",54263,"INGENIERIA AMBIENTAL","Masculino",5001,"Antioquia","Medellín","Colombia","Urbana"
2985,2110,"COLEGIO MAYOR DE ANTIOQUIA",2025,2,"Antiguo",54263,"INGENIERIA AMBIENTAL","Femenino",5001,"Antioquia","Medellín","Colombia","Urbana"
2986,2110,"COLEGIO MAYOR DE ANTIOQUIA",2025,2,"Antiguo",54263,"INGENIERIA AMBIENTAL","Masculino",5001,"Antioquia","Medellín","Colombia","Urbana"
2987,2110,"COLEGIO MAYOR DE ANTIOQUIA",2025,2,"Antiguo",54263,"INGENIERIA AMBIENTAL","Femenino",5001,"Antioquia","Medellín","Colombia","Urbana"
2988,2110,"COLEGIO MAYOR DE ANTIOQUIA",2025,2,"Antiguo",54263,"INGENIERIA AMBIENTAL","Masculino",5001,"Antioquia","Caldas","Colombia","Urbana"
2989,2110,"COLEGIO MAYOR DE ANTIOQUIA",2025,2,"Antiguo",54263,"INGENIERIA AMBIENTAL","Femenino",5001,"Antioquia","Medellín","Colombia","Urbana"
2990,2110,"COLEGIO MAYOR DE ANTIOQUIA",2025,2,"Antiguo",54263,"INGENIERIA AMBIENTAL","Femenino",5001,"Antioquia","Medellín","Colombia","Urbana"
2991,2110,"COLEGIO MAYOR DE ANTIOQUIA",2025,2,"Antiguo",54263,"INGENIERIA AMBIENTAL","Femenino",5001,"Antioquia","Medellín","Colombia","Urbana"
2992,2110,"COLEGIO MAYOR DE ANTIOQUIA",2025,2,"Antiguo",54263,"INGENIERIA AMBIENTAL","Femenino",5001,"Antioquia","Medellín","Colombia","Urbana"
2993,2110,"COLEGIO MAYOR DE ANTIOQUIA",2025,2,"Antiguo",54263,"INGENIERIA AMBIENTAL","Masculino",5001,"Antioquia","Cáceres","Colombia","Urbana"
2994,2110,"COLEGIO MAYOR DE ANTIOQUIA",2025,2,"Antiguo",54263,"INGENIERIA AMBIENTAL","Femenino",5001,"Antioquia","Medellín","Colombia","Urbana"
2995,2110,"COLEGIO MAYOR DE ANTIOQUIA",2025,2,"Antiguo",54263,"INGENIERIA AMBIENTAL","Femenino",5001,"Antioquia","Medellín","Colombia","Urbana"
2996,2110,"COLEGIO MAYOR DE ANTIOQUIA",2025,2,"Antiguo",54263,"INGENIERIA AMBIENTAL","Femenino",5001,"Antioquia","Bello","Colombia","Urbana"
2997,2110,"COLEGIO MAYOR DE ANTIOQUIA",2025,2,"Antiguo",54263,"INGENIERIA AMBIENTAL","Femenino",5001,"Antioquia","Medellín","Colombia","Urbana"
2998,2110,"COLEGIO MAYOR DE ANTIOQUIA",2025,2,"Reingreso",54263,"INGENIERIA AMBIENTAL","Masculino",5001,"Antioquia","Medellín","Colombia","Urbana"
2999,2110,"COLEGIO MAYOR DE ANTIOQUIA",2025,2,"Reintegro",54263,"INGENIERIA AMBIENTAL","Femenino",5001,"Antioquia","Medellín","Colombia","Urbana"
3000,2110,"COLEGIO MAYOR DE ANTIOQUIA",2025,2,"Reintegro",54263,"INGENIERIA AMBIENTAL","Masculino",5001,"Antioquia","Medellín","Colombia","Urbana"
3001,2110,"COLEGIO MAYOR DE ANTIOQUIA",2025,2,"Nuevo",54263,"INGENIERIA AMBIENTAL","Femenino",5001,"Antioquia","Medellín","Colombia","Urbana"
3002,2110,"COLEGIO MAYOR DE ANTIOQUIA",2025,2,"Nuevo",54263,"INGENIERIA AMBIENTAL","Femenino",5001,"Antioquia","Medellín","Colombia","Urbana"
3003,2110,"COLEGIO MAYOR DE ANTIOQUIA",2025,2,"Nuevo",54263,"INGENIERIA AMBIENTAL","Femenino",5001,"Antioquia","Bello","Colombia","Urbana"
3004,2110,"COLEGIO MAYOR DE ANTIOQUIA",2025,2,"Nuevo",54263,"INGENIERIA AMBIENTAL","Masculino",5001,"Amazonas","Puerto Arica","Colombia","Urbana"
3005,2110,"COLEGIO MAYOR DE ANTIOQUIA",2025,2,"Nuevo",54263,"INGENIERIA AMBIENTAL","Masculino",5001,"Antioquia","Medellín","Colombia","Urbana"
3006,2110,"COLEGIO MAYOR DE ANTIOQUIA",2025,2,"Nuevo",54263,"INGENIERIA AMBIENTAL","Femenino",5001,"Antioquia","Medellín","Colombia","Urbana"
3007,2110,"COLEGIO MAYOR DE ANTIOQUIA",2025,2,"Nuevo",54263,"INGENIERIA AMBIENTAL","Femenino",5001,"Antioquia","Medellín","Colombia","Urbana"
3008,2110,"COLEGIO MAYOR DE ANTIOQUIA",2025,2,"Nuevo",54263,"INGENIERIA AMBIENTAL","Masculino",5001,"Antioquia","Medellín","Colombia","Urbana"
3009,2110,"COLEGIO MAYOR DE ANTIOQUIA",2025,2,"Nuevo",54263,"INGENIERIA AMBIENTAL","Femenino",5001,"Antioquia","Medellín","Colombia","Urbana"
3010,2110,"COLEGIO MAYOR DE ANTIOQUIA",2025,2,"Nuevo",54263,"INGENIERIA AMBIENTAL","Femenino",5001,"Antioquia","Bello","Colombia","Urbana"
3011,2110,"COLEGIO MAYOR DE ANTIOQUIA",2025,2,"Nuevo",54263,"INGENIERIA AMBIENTAL","Femenino",5001,"Antioquia","Medellín","Colombia","Urbana"
3012,2110,"COLEGIO MAYOR DE ANTIOQUIA",2025,2,"Nuevo",54263,"INGENIERIA AMBIENTAL","Femenino",5001,"Antioquia","Medellín","Colombia","Urbana"
3013,2110,"COLEGIO MAYOR DE ANTIOQUIA",2025,2,"Nuevo",54263,"INGENIERIA AMBIENTAL","Masculino",5001,"Antioquia","Medellín","Colombia","Urbana"
3014,2110,"COLEGIO MAYOR DE ANTIOQUIA",2025,2,"Nuevo",54263,"INGENIERIA AMBIENTAL","Femenino",5001,"Antioquia","Bello","Colombia","Urbana"
3015,2110,"COLEGIO MAYOR DE ANTIOQUIA",2025,2,"Nuevo",54263,"INGENIERIA AMBIENTAL","Masculino",5001,"Antioquia","Medellín","Colombia","Urbana"
3016,2110,"COLEGIO MAYOR DE ANTIOQUIA",2025,2,"Nuevo",54263,"INGENIERIA AMBIENTAL","Masculino",5001,"Antioquia","Medellín","Colombia","Urbana"
3017,2110,"COLEGIO MAYOR DE ANTIOQUIA",2025,2,"Nuevo",54263,"INGENIERIA AMBIENTAL","Masculino",5001,"Antioquia","Bello","Colombia","Urbana"
3018,2110,"COLEGIO MAYOR DE ANTIOQUIA",2025,2,"Nuevo",54263,"INGENIERIA AMBIENTAL","Masculino",5001,"Antioquia","Andes","Colombia","Urbana"
3019,2110,"COLEGIO MAYOR DE ANTIOQUIA",2025,2,"Nuevo",54263,"INGENIERIA AMBIENTAL","Femenino",5001,"Antioquia","Medellín","Colombia","Urbana"
3020,2110,"COLEGIO MAYOR DE ANTIOQUIA",2025,2,"Nuevo",54263,"INGENIERIA AMBIENTAL","Femenino",5001,"Antioquia","Medellín","Colombia","Urbana"
3021,2110,"COLEGIO MAYOR DE ANTIOQUIA",2025,2,"Nuevo",54263,"INGENIERIA AMBIENTAL","Masculino",5001,"Antioquia","Medellín","Colombia","Urbana"
3022,2110,"COLEGIO MAYOR DE ANTIOQUIA",2025,2,"Nuevo",54263,"INGENIERIA AMBIENTAL","Femenino",5001,"Antioquia","Medellín","Colombia","Urbana"
3023,2110,"COLEGIO MAYOR DE ANTIOQUIA",2025,2,"Nuevo",54263,"INGENIERIA AMBIENTAL","Masculino",5001,"Antioquia","Medellín","Colombia","Urbana"
3024,2110,"COLEGIO MAYOR DE ANTIOQUIA",2025,2,"Nuevo",54263,"INGENIERIA AMBIENTAL","Femenino",5001,"Antioquia","Medellín","Colombia","Urbana"
3025,2110,"COLEGIO MAYOR DE ANTIOQUIA",2025,2,"Transferencia interna",54263,"INGENIERIA AMBIENTAL","Femenino",5001,"Antioquia","Bolívar","Colombia","Urbana"
3026,2110,"COLEGIO MAYOR DE ANTIOQUIA",2025,2,"Transferencia interna",54263,"INGENIERIA AMBIENTAL","Masculino",5001,"Antioquia","Bolívar","Colombia","Urbana"
3027,2110,"COLEGIO MAYOR DE ANTIOQUIA",2025,2,"Transferencia externa",54263,"INGENIERIA AMBIENTAL","Masculino",5001,"Antioquia","Medellín","Colombia","Urbana"
3028,2110,"COLEGIO MAYOR DE ANTIOQUIA",2025,2,"Transferencia externa",54263,"INGENIERIA AMBIENTAL","Femenino",5001,"Antioquia","Medellín","Colombia","Urbana"
3029,2110,"COLEGIO MAYOR DE ANTIOQUIA",2025,2,"Transferencia externa",54263,"INGENIERIA AMBIENTAL","Masculino",5001,"Antioquia","Medellín","Colombia","Urbana"
3030,2110,"COLEGIO MAYOR DE ANTIOQUIA",2025,2,"Antiguo",54263,"INGENIERIA AMBIENTAL","Masculino",5001,"Antioquia","Bello","Colombia","Urbana"
3031,2110,"COLEGIO MAYOR DE ANTIOQUIA",2025,2,"Antiguo",54263,"INGENIERIA AMBIENTAL","Femenino",5001,"Antioquia","Medellín","Colombia","Urbana"
3032,2110,"COLEGIO MAYOR DE ANTIOQUIA",2025,2,"Antiguo",54263,"INGENIERIA AMBIENTAL","Masculino",5001,"Antioquia","Envigado","Colombia","Urbana"
3033,2110,"COLEGIO MAYOR DE ANTIOQUIA",2025,2,"Antiguo",54263,"INGENIERIA AMBIENTAL","Femenino",5001,"Antioquia","Bello","Colombia","Urbana"
3034,2110,"COLEGIO MAYOR DE ANTIOQUIA",2025,2,"Antiguo",54263,"INGENIERIA AMBIENTAL","Femenino",5001,"Antioquia","Andes","Colombia","Urbana"
3035,2110,"COLEGIO MAYOR DE ANTIOQUIA",2025,2,"Antiguo",54263,"INGENIERIA AMBIENTAL","Femenino",5001,"Antioquia","Medellín","Colombia","Urbana"
3036,2110,"COLEGIO MAYOR DE ANTIOQUIA",2025,2,"Antiguo",54263,"INGENIERIA AMBIENTAL","Masculino",5001,"Antioquia","Medellín","Colombia","Urbana"
3037,2110,"COLEGIO MAYOR DE ANTIOQUIA",2025,2,"Antiguo",54263,"INGENIERIA AMBIENTAL","Masculino",5001,"Antioquia","Medellín","Colombia","Urbana"
3038,2110,"COLEGIO MAYOR DE ANTIOQUIA",2025,2,"Antiguo",54263,"INGENIERIA AMBIENTAL","Femenino",5001,"Antioquia","Medellín","Colombia","Urbana"
3039,2110,"COLEGIO MAYOR DE ANTIOQUIA",2025,2,"Antiguo",54263,"INGENIERIA AMBIENTAL","Masculino",5001,"Antioquia","La Estrella","Colombia","Urbana"
3040,2110,"COLEGIO MAYOR DE ANTIOQUIA",2025,2,"Antiguo",54263,"INGENIERIA AMBIENTAL","Femenino",5001,"Antioquia","Medellín","Colombia","Urbana"
3041,2110,"COLEGIO MAYOR DE ANTIOQUIA",2025,2,"Antiguo",54263,"INGENIERIA AMBIENTAL","Femenino",5001,"Antioquia","Medellín","Colombia","Urbana"
3042,2110,"COLEGIO MAYOR DE ANTIOQUIA",2025,2,"Antiguo",54263,"INGENIERIA AMBIENTAL","Femenino",5001,"Antioquia","Bello","Colombia","Urbana"
3043,2110,"COLEGIO MAYOR DE ANTIOQUIA",2025,2,"Antiguo",54263,"INGENIERIA AMBIENTAL","Femenino",5001,"Antioquia","Medellín","Colombia","Urbana"
3044,2110,"COLEGIO MAYOR DE ANTIOQUIA",2025,2,"Antiguo",54263,"INGENIERIA AMBIENTAL","Femenino",5001,"Antioquia","Medellín","Colombia","Urbana"
3045,2110,"COLEGIO MAYOR DE ANTIOQUIA",2025,2,"Antiguo",54263,"INGENIERIA AMBIENTAL","Masculino",5001,"Antioquia","Medellín","Colombia","Urbana"
3046,2110,"COLEGIO MAYOR DE ANTIOQUIA",2025,2,"Antiguo",54263,"INGENIERIA AMBIENTAL","Femenino",5001,"Antioquia","Medellín","Colombia","Urbana"
3047,2110,"COLEGIO MAYOR DE ANTIOQUIA",2025,2,"Antiguo",54263,"INGENIERIA AMBIENTAL","Masculino",5001,"Antioquia","Medellín","Colombia","Urbana"
3048,2110,"COLEGIO MAYOR DE ANTIOQUIA",2025,2,"Antiguo",54263,"INGENIERIA AMBIENTAL","Femenino",5001,"Antioquia","Medellín","Colombia","Urbana"
3049,2110,"COLEGIO MAYOR DE ANTIOQUIA",2025,2,"Antiguo",54263,"INGENIERIA AMBIENTAL","Femenino",5001,"Antioquia","Medellín","Colombia","Urbana"
3050,2110,"COLEGIO MAYOR DE ANTIOQUIA",2025,2,"Antiguo",54263,"INGENIERIA AMBIENTAL","Femenino",5001,"Antioquia","Medellín","Colombia","Urbana"
3051,2110,"COLEGIO MAYOR DE ANTIOQUIA",2025,2,"Antiguo",54263,"INGENIERIA AMBIENTAL","Femenino",5001,"Antioquia","Medellín","Colombia","Urbana"
3052,2110,"COLEGIO MAYOR DE ANTIOQUIA",2025,2,"Antiguo",54263,"INGENIERIA AMBIENTAL","Femenino",5001,"Antioquia","Medellín","Colombia","Urbana"
3053,2110,"COLEGIO MAYOR DE ANTIOQUIA",2025,2,"Antiguo",54263,"INGENIERIA AMBIENTAL","Femenino",5001,"Antioquia","Bello","Colombia","Urbana"
3054,2110,"COLEGIO MAYOR DE ANTIOQUIA",2025,2,"Antiguo",54263,"INGENIERIA AMBIENTAL","Femenino",5001,"Antioquia","Medellín","Colombia","Urbana"
3055,2110,"COLEGIO MAYOR DE ANTIOQUIA",2025,2,"Antiguo",54263,"INGENIERIA AMBIENTAL","Femenino",5001,"Antioquia","Medellín","Colombia","Urbana"
3056,2110,"COLEGIO MAYOR DE ANTIOQUIA",2025,2,"Antiguo",54263,"INGENIERIA AMBIENTAL","Femenino",5001,"Antioquia","Medellín","Colombia","Urbana"
3057,2110,"COLEGIO MAYOR DE ANTIOQUIA",2025,2,"Antiguo",54263,"INGENIERIA AMBIENTAL","Femenino",5001,"Antioquia","Bello","Colombia","Urbana"
3058,2110,"COLEGIO MAYOR DE ANTIOQUIA",2025,2,"Antiguo",54263,"INGENIERIA AMBIENTAL","Femenino",5001,"Antioquia","Medellín","Colombia","Urbana"
3059,2110,"COLEGIO MAYOR DE ANTIOQUIA",2025,2,"Antiguo",54263,"INGENIERIA AMBIENTAL","Femenino",5001,"Antioquia","Medellín","Colombia","Urbana"
3060,2110,"COLEGIO MAYOR DE ANTIOQUIA",2025,2,"Antiguo",54263,"INGENIERIA AMBIENTAL","Masculino",5001,"Antioquia","Medellín","Colombia","Urbana"
3061,2110,"COLEGIO MAYOR DE ANTIOQUIA",2025,2,"Antiguo",54263,"INGENIERIA AMBIENTAL","Masculino",5001,"Antioquia","Medellín","Colombia","Urbana"
3062,2110,"COLEGIO MAYOR DE ANTIOQUIA",2025,2,"Antiguo",54263,"INGENIERIA AMBIENTAL","Femenino",5001,"Antioquia","Medellín","Colombia","Urbana"
3063,2110,"COLEGIO MAYOR DE ANTIOQUIA",2025,2,"Antiguo",54263,"INGENIERIA AMBIENTAL","Masculino",5001,"Antioquia","Medellín","Colombia","Urbana"
3064,2110,"COLEGIO MAYOR DE ANTIOQUIA",2025,2,"Antiguo",54263,"INGENIERIA AMBIENTAL","Femenino",5001,"Antioquia","Santa Rosa de Osos","Colombia","Urbana"
3065,2110,"COLEGIO MAYOR DE ANTIOQUIA",2025,2,"Antiguo",54263,"INGENIERIA AMBIENTAL","Masculino",5001,"Antioquia","Medellín","Colombia","Urbana"
3066,2110,"COLEGIO MAYOR DE ANTIOQUIA",2025,2,"Antiguo",54263,"INGENIERIA AMBIENTAL","Femenino",5001,"Antioquia","Medellín","Colombia","Urbana"
3067,2110,"COLEGIO MAYOR DE ANTIOQUIA",2025,2,"Antiguo",54263,"INGENIERIA AMBIENTAL","Femenino",5001,"Antioquia","Bello","Colombia","Urbana"
3068,2110,"COLEGIO MAYOR DE ANTIOQUIA",2025,2,"Antiguo",54263,"INGENIERIA AMBIENTAL","Femenino",5001,"Antioquia","Medellín","Colombia","Urbana"
3069,2110,"COLEGIO MAYOR DE ANTIOQUIA",2025,2,"Antiguo",54263,"INGENIERIA AMBIENTAL","Masculino",5001,"Antioquia","Medellín","Colombia","Urbana"
3070,2110,"COLEGIO MAYOR DE ANTIOQUIA",2025,2,"Antiguo",54263,"INGENIERIA AMBIENTAL","Femenino",5001,"Antioquia","Medellín","Colombia","Urbana"
3071,2110,"COLEGIO MAYOR DE ANTIOQUIA",2025,2,"Antiguo",54263,"INGENIERIA AMBIENTAL","Masculino",5001,"Antioquia","Medellín","Colombia","Urbana"
3072,2110,"COLEGIO MAYOR DE ANTIOQUIA",2025,2,"Antiguo",54263,"INGENIERIA AMBIENTAL","Femenino",5001,"Antioquia","Medellín","Colombia","Urbana"
3073,2110,"COLEGIO MAYOR DE ANTIOQUIA",2025,2,"Antiguo",54263,"INGENIERIA AMBIENTAL","Femenino",5001,"Antioquia","Medellín","Colombia","Urbana"
3074,2110,"COLEGIO MAYOR DE ANTIOQUIA",2025,2,"Antiguo",54263,"INGENIERIA AMBIENTAL","Femenino",5001,"Antioquia","Medellín","Colombia","Urbana"
3075,2110,"COLEGIO MAYOR DE ANTIOQUIA",2025,2,"Antiguo",54263,"INGENIERIA AMBIENTAL","Masculino",5001,"Antioquia","Medellín","Colombia","Urbana"
3076,2110,"COLEGIO MAYOR DE ANTIOQUIA",2025,2,"Antiguo",54263,"INGENIERIA AMBIENTAL","Femenino",5001,"Antioquia","San Roque","Colombia","Urbana"
3077,2110,"COLEGIO MAYOR DE ANTIOQUIA",2025,2,"Antiguo",54263,"INGENIERIA AMBIENTAL","Femenino",5001,"Antioquia","La Estrella","Colombia","Urbana"
3078,2110,"COLEGIO MAYOR DE ANTIOQUIA",2025,2,"Antiguo",54263,"INGENIERIA AMBIENTAL","Femenino",5001,"Antioquia","Medellín","Colombia","Urbana"
3079,2110,"COLEGIO MAYOR DE ANTIOQUIA",2025,2,"Antiguo",54263,"INGENIERIA AMBIENTAL","Femenino",5001,"Antioquia","Medellín","Colombia","Urbana"
3080,2110,"COLEGIO MAYOR DE ANTIOQUIA",2025,2,"Antiguo",54263,"INGENIERIA AMBIENTAL","Femenino",5001,"Antioquia","Medellín","Colombia","Urbana"
3081,2110,"COLEGIO MAYOR DE ANTIOQUIA",2025,2,"Antiguo",54263,"INGENIERIA AMBIENTAL","Femenino",5001,"Antioquia","Medellín","Colombia","Urbana"
3082,2110,"COLEGIO MAYOR DE ANTIOQUIA",2025,2,"Antiguo",54263,"INGENIERIA AMBIENTAL","Masculino",5001,"Antioquia","Medellín","Colombia","Urbana"
3083,2110,"COLEGIO MAYOR DE ANTIOQUIA",2025,2,"Antiguo",54263,"INGENIERIA AMBIENTAL","Femenino",5001,"Antioquia","Barbosa","Colombia","Urbana"
3084,2110,"COLEGIO MAYOR DE ANTIOQUIA",2025,2,"Antiguo",54263,"INGENIERIA AMBIENTAL","Masculino",5001,"Antioquia","Anorí","Colombia","Urbana"
3085,2110,"COLEGIO MAYOR DE ANTIOQUIA",2025,2,"Antiguo",54263,"INGENIERIA AMBIENTAL","Masculino",5001,"Antioquia","Medellín","Colombia","Urbana"
3086,2110,"COLEGIO MAYOR DE ANTIOQUIA",2025,2,"Antiguo",54263,"INGENIERIA AMBIENTAL","Masculino",5001,"Antioquia","Medellín","Colombia","Urbana"
3087,2110,"COLEGIO MAYOR DE ANTIOQUIA",2025,2,"Antiguo",54263,"INGENIERIA AMBIENTAL","Femenino",5001,"Antioquia","Medellín","Colombia","Urbana"
3088,2110,"COLEGIO MAYOR DE ANTIOQUIA",2025,2,"Antiguo",54263,"INGENIERIA AMBIENTAL","Femenino",5001,"Antioquia","Medellín","Colombia","Urbana"
3089,2110,"COLEGIO MAYOR DE ANTIOQUIA",2025,2,"Antiguo",54263,"INGENIERIA AMBIENTAL","Masculino",5001,"Antioquia","Medellín","Colombia","Urbana"
3090,2110,"COLEGIO MAYOR DE ANTIOQUIA",2025,2,"Antiguo",54263,"INGENIERIA AMBIENTAL","Femenino",5001,"Antioquia","Itagüí","Colombia","Urbana"
3091,2110,"COLEGIO MAYOR DE ANTIOQUIA",2025,2,"Antiguo",54263,"INGENIERIA AMBIENTAL","Femenino",5001,"Antioquia","Medellín","Colombia","Urbana"
3092,2110,"COLEGIO MAYOR DE ANTIOQUIA",2025,2,"Antiguo",54263,"INGENIERIA AMBIENTAL","Femenino",5001,"Antioquia","Medellín","Colombia","Urbana"
3093,2110,"COLEGIO MAYOR DE ANTIOQUIA",2025,2,"Antiguo",54263,"INGENIERIA AMBIENTAL","Femenino",5001,"Antioquia","Bello","Colombia","Urbana"
3094,2110,"COLEGIO MAYOR DE ANTIOQUIA",2025,2,"Antiguo",54263,"INGENIERIA AMBIENTAL","Femenino",5001,"Antioquia","Medellín","Colombia","Urbana"
3095,2110,"COLEGIO MAYOR DE ANTIOQUIA",2025,2,"Antiguo",54263,"INGENIERIA AMBIENTAL","Femenino",5001,"Antioquia","Medellín","Colombia","Urbana"
3096,2110,"COLEGIO MAYOR DE ANTIOQUIA",2025,2,"Antiguo",54263,"INGENIERIA AMBIENTAL","Femenino",5001,"Antioquia","Itagüí","Colombia","Urbana"
3097,2110,"COLEGIO MAYOR DE ANTIOQUIA",2025,2,"Antiguo",54263,"INGENIERIA AMBIENTAL","Femenino",5001,"Antioquia","Medellín","Colombia","Urbana"
3098,2110,"COLEGIO MAYOR DE ANTIOQUIA",2025,2,"Antiguo",54263,"INGENIERIA AMBIENTAL","Femenino",5001,"Antioquia","Medellín","Colombia","Urbana"
3099,2110,"COLEGIO MAYOR DE ANTIOQUIA",2025,2,"Antiguo",54263,"INGENIERIA AMBIENTAL","Femenino",5001,"Antioquia","Bello","Colombia","Urbana"
3100,2110,"COLEGIO MAYOR DE ANTIOQUIA",2025,2,"Antiguo",54263,"INGENIERIA AMBIENTAL","Femenino",5001,"Antioquia","Medellín","Colombia","Urbana"
3101,2110,"COLEGIO MAYOR DE ANTIOQUIA",2025,2,"Antiguo",54263,"INGENIERIA AMBIENTAL","Femenino",5001,"Antioquia","Medellín","Colombia","Urbana"
3102,2110,"COLEGIO MAYOR DE ANTIOQUIA",2025,2,"Antiguo",54263,"INGENIERIA AMBIENTAL","Masculino",5001,"Antioquia","Guarne","Colombia","Urbana"
3103,2110,"COLEGIO MAYOR DE ANTIOQUIA",2025,2,"Antiguo",54263,"INGENIERIA AMBIENTAL","Femenino",5001,"Antioquia","Medellín","Colombia","Urbana"
3104,2110,"COLEGIO MAYOR DE ANTIOQUIA",2025,2,"Antiguo",54263,"INGENIERIA AMBIENTAL","Femenino",5001,"Antioquia","Medellín","Colombia","Urbana"
3105,2110,"COLEGIO MAYOR DE ANTIOQUIA",2025,2,"Antiguo",54263,"INGENIERIA AMBIENTAL","Masculino",5001,"Antioquia","Medellín","Colombia","Urbana"
3106,2110,"COLEGIO MAYOR DE ANTIOQUIA",2025,2,"Antiguo",54263,"INGENIERIA AMBIENTAL","Masculino",5001,"Antioquia","Medellín","Colombia","Urbana"
3107,2110,"COLEGIO MAYOR DE ANTIOQUIA",2025,2,"Antiguo",54263,"INGENIERIA AMBIENTAL","Femenino",5001,"Antioquia","San Pedro","Colombia","Urbana"
3108,2110,"COLEGIO MAYOR DE ANTIOQUIA",2025,2,"Antiguo",54263,"INGENIERIA AMBIENTAL","Femenino",5001,"Antioquia","Itagüí","Colombia","Urbana"
3109,2110,"COLEGIO MAYOR DE ANTIOQUIA",2025,2,"Antiguo",54263,"INGENIERIA AMBIENTAL","Femenino",5001,"Antioquia","Frontino","Colombia","Urbana"
3110,2110,"COLEGIO MAYOR DE ANTIOQUIA",2025,2,"Antiguo",54263,"INGENIERIA AMBIENTAL","Femenino",5001,"Antioquia","Medellín","Colombia","Urbana"
3111,2110,"COLEGIO MAYOR DE ANTIOQUIA",2025,2,"Antiguo",54263,"INGENIERIA AMBIENTAL","Femenino",5001,"Antioquia","Medellín","Colombia","Urbana"
3112,2110,"COLEGIO MAYOR DE ANTIOQUIA",2025,2,"Antiguo",54263,"INGENIERIA AMBIENTAL","Femenino",5001,"Antioquia","Itagüí","Colombia","Urbana"
3113,2110,"COLEGIO MAYOR DE ANTIOQUIA",2025,2,"Antiguo",54263,"INGENIERIA AMBIENTAL","Femenino",5001,"Antioquia","Medellín","Colombia","Urbana"
3114,2110,"COLEGIO MAYOR DE ANTIOQUIA",2025,2,"Antiguo",54263,"INGENIERIA AMBIENTAL","Masculino",5001,"Antioquia","Medellín","Colombia","Urbana"
3115,2110,"COLEGIO MAYOR DE ANTIOQUIA",2025,2,"Antiguo",54263,"INGENIERIA AMBIENTAL","Femenino",5001,"Antioquia","Medellín","Colombia","Urbana"
3116,2110,"COLEGIO MAYOR DE ANTIOQUIA",2025,2,"Antiguo",54263,"INGENIERIA AMBIENTAL","Masculino",5001,"Antioquia","Marinilla","Colombia","Urbana"
3117,2110,"COLEGIO MAYOR DE ANTIOQUIA",2025,2,"Antiguo",54263,"INGENIERIA AMBIENTAL","Femenino",5001,"Antioquia","Medellín","Colombia","Urbana"
3118,2110,"COLEGIO MAYOR DE ANTIOQUIA",2025,2,"Antiguo",54263,"INGENIERIA AMBIENTAL","Femenino",5001,"Antioquia","Medellín","Colombia","Urbana"
3119,2110,"COLEGIO MAYOR DE ANTIOQUIA",2025,2,"Antiguo",54263,"INGENIERIA AMBIENTAL","Femenino",5001,"Cundinamarca","Guachetá","Colombia","Urbana"
3120,2110,"COLEGIO MAYOR DE ANTIOQUIA",2025,2,"Antiguo",54263,"INGENIERIA AMBIENTAL","Femenino",5001,"Antioquia","Medellín","Colombia","Urbana"
3121,2110,"COLEGIO MAYOR DE ANTIOQUIA",2025,2,"Antiguo",54263,"INGENIERIA AMBIENTAL","Femenino",5001,"Antioquia","Medellín","Colombia","Urbana"
3122,2110,"COLEGIO MAYOR DE ANTIOQUIA",2025,2,"Antiguo",54263,"INGENIERIA AMBIENTAL","Masculino",5001,"Antioquia","Medellín","Colombia","Urbana"
3123,2110,"COLEGIO MAYOR DE ANTIOQUIA",2025,2,"Antiguo",54263,"INGENIERIA AMBIENTAL","Femenino",5001,"Antioquia","Itagüí","Colombia","Urbana"
3124,2110,"COLEGIO MAYOR DE ANTIOQUIA",2025,2,"Antiguo",54263,"INGENIERIA AMBIENTAL","Femenino",5001,"Antioquia","La Estrella","Colombia","Urbana"
3125,2110,"COLEGIO MAYOR DE ANTIOQUIA",2025,2,"Antiguo",54263,"INGENIERIA AMBIENTAL","Masculino",5001,"Antioquia","Medellín","Colombia","Urbana"
3126,2110,"COLEGIO MAYOR DE ANTIOQUIA",2025,2,"Antiguo",54263,"INGENIERIA AMBIENTAL","Femenino",5001,"Antioquia","Medellín","Colombia","Urbana"
3127,2110,"COLEGIO MAYOR DE ANTIOQUIA",2025,2,"Antiguo",54263,"INGENIERIA AMBIENTAL","Femenino",5001,"Antioquia","Medellín","Colombia","Urbana"
3128,2110,"COLEGIO MAYOR DE ANTIOQUIA",2025,2,"Antiguo",54263,"INGENIERIA AMBIENTAL","Femenino",5001,"Antioquia","Medellín","Colombia","Urbana"
3129,2110,"COLEGIO MAYOR DE ANTIOQUIA",2025,2,"Antiguo",54263,"INGENIERIA AMBIENTAL","Femenino",5001,"Antioquia","Medellín","Colombia","Urbana"
3130,2110,"COLEGIO MAYOR DE ANTIOQUIA",2025,2,"Antiguo",54263,"INGENIERIA AMBIENTAL","Femenino",5001,"Antioquia","Medellín","Colombia","Urbana"
3131,2110,"COLEGIO MAYOR DE ANTIOQUIA",2025,2,"Antiguo",54263,"INGENIERIA AMBIENTAL","Femenino",5001,"Antioquia","Briceño","Colombia","Urbana"
3132,2110,"COLEGIO MAYOR DE ANTIOQUIA",2025,2,"Antiguo",54263,"INGENIERIA AMBIENTAL","Femenino",5001,"Antioquia","Medellín","Colombia","Urbana"
3133,2110,"COLEGIO MAYOR DE ANTIOQUIA",2025,2,"Antiguo",54263,"INGENIERIA AMBIENTAL","Femenino",5001,"Antioquia","Medellín","Colombia","Urbana"
3134,2110,"COLEGIO MAYOR DE ANTIOQUIA",2025,2,"Antiguo",54263,"INGENIERIA AMBIENTAL","Masculino",5001,"Antioquia","Medellín","Colombia","Urbana"
3135,2110,"COLEGIO MAYOR DE ANTIOQUIA",2025,2,"Antiguo",54263,"INGENIERIA AMBIENTAL","Femenino",5001,"Antioquia","Medellín","Colombia","Urbana"
3136,2110,"COLEGIO MAYOR DE ANTIOQUIA",2025,2,"Antiguo",54263,"INGENIERIA AMBIENTAL","Masculino",5001,"Antioquia","Medellín","Colombia","Urbana"
3137,2110,"COLEGIO MAYOR DE ANTIOQUIA",2025,2,"Antiguo",54263,"INGENIERIA AMBIENTAL","Femenino",5001,"Antioquia","Medellín","Colombia","Urbana"
3138,2110,"COLEGIO MAYOR DE ANTIOQUIA",2025,2,"Antiguo",54263,"INGENIERIA AMBIENTAL","Femenino",5001,"Antioquia","Medellín","Colombia","Urbana"
3139,2110,"COLEGIO MAYOR DE ANTIOQUIA",2025,2,"Antiguo",54263,"INGENIERIA AMBIENTAL","Femenino",5001,"Antioquia","Medellín","Colombia","Urbana"
3140,2110,"COLEGIO MAYOR DE ANTIOQUIA",2025,2,"Antiguo",54263,"INGENIERIA AMBIENTAL","Femenino",5001,"Antioquia","Medellín","Colombia","Urbana"
3141,2110,"COLEGIO MAYOR DE ANTIOQUIA",2025,2,"Antiguo",54263,"INGENIERIA AMBIENTAL","Masculino",5001,"Antioquia","Medellín","Colombia","Urbana"
3142,2110,"COLEGIO MAYOR DE ANTIOQUIA",2025,2,"Antiguo",54263,"INGENIERIA AMBIENTAL","Masculino",5001,"Antioquia","Bello","Colombia","Urbana"
3143,2110,"COLEGIO MAYOR DE ANTIOQUIA",2025,2,"Antiguo",54263,"INGENIERIA AMBIENTAL","Masculino",5001,"Boyacá","Duitama","Colombia","Urbana"
3144,2110,"COLEGIO MAYOR DE ANTIOQUIA",2025,2,"Antiguo",54263,"INGENIERIA AMBIENTAL","Masculino",5001,"Antioquia","Medellín","Colombia","Urbana"
3145,2110,"COLEGIO MAYOR DE ANTIOQUIA",2025,2,"Antiguo",54263,"INGENIERIA AMBIENTAL","Femenino",5001,"Antioquia","Medellín","Colombia","Urbana"
3146,2110,"COLEGIO MAYOR DE ANTIOQUIA",2025,2,"Antiguo",54263,"INGENIERIA AMBIENTAL","Femenino",5001,"Antioquia","Frontino","Colombia","Urbana"
3147,2110,"COLEGIO MAYOR DE ANTIOQUIA",2025,2,"Antiguo",54263,"INGENIERIA AMBIENTAL","Masculino",5001,"Antioquia","Medellín","Colombia","Urbana"
3148,2110,"COLEGIO MAYOR DE ANTIOQUIA",2025,2,"Antiguo",54263,"INGENIERIA AMBIENTAL","Masculino",5001,"Antioquia","Bello","Colombia","Urbana"
3149,2110,"COLEGIO MAYOR DE ANTIOQUIA",2025,2,"Antiguo",54263,"INGENIERIA AMBIENTAL","Femenino",5001,"Antioquia","Medellín","Colombia","Urbana"
3150,2110,"COLEGIO MAYOR DE ANTIOQUIA",2025,2,"Antiguo",54263,"INGENIERIA AMBIENTAL","Femenino",5001,"Antioquia","Medellín","Colombia","Urbana"
3151,2110,"COLEGIO MAYOR DE ANTIOQUIA",2025,2,"Antiguo",54263,"INGENIERIA AMBIENTAL","Femenino",5001,"Antioquia","Medellín","Colombia","Urbana"
3152,2110,"COLEGIO MAYOR DE ANTIOQUIA",2025,2,"Antiguo",54263,"INGENIERIA AMBIENTAL","Masculino",5001,"Antioquia","Bello","Colombia","Urbana"
3153,2110,"COLEGIO MAYOR DE ANTIOQUIA",2025,2,"Antiguo",54263,"INGENIERIA AMBIENTAL","Masculino",5001,"Antioquia","Medellín","Colombia","Urbana"
3154,2110,"COLEGIO MAYOR DE ANTIOQUIA",2025,2,"Antiguo",54263,"INGENIERIA AMBIENTAL","Femenino",5001,"Antioquia","Medellín","Colombia","Urbana"
3155,2110,"COLEGIO MAYOR DE ANTIOQUIA",2025,2,"Antiguo",54263,"INGENIERIA AMBIENTAL","Femenino",5001,"Antioquia","Medellín","Colombia","Urbana"
3156,2110,"COLEGIO MAYOR DE ANTIOQUIA",2025,2,"Antiguo",54263,"INGENIERIA AMBIENTAL","Masculino",5001,"Antioquia","Medellín","Colombia","Urbana"
3157,2110,"COLEGIO MAYOR DE ANTIOQUIA",2025,2,"Antiguo",54263,"INGENIERIA AMBIENTAL","Femenino",5001,"Tolima","Líbano","Colombia","Urbana"
3158,2110,"COLEGIO MAYOR DE ANTIOQUIA",2025,2,"Antiguo",54263,"INGENIERIA AMBIENTAL","Femenino",5001,"Antioquia","Medellín","Colombia","Urbana"
3159,2110,"COLEGIO MAYOR DE ANTIOQUIA",2025,2,"Antiguo",54263,"INGENIERIA AMBIENTAL","Masculino",5001,"Antioquia","Medellín","Colombia","Urbana"
3160,2110,"COLEGIO MAYOR DE ANTIOQUIA",2025,2,"Antiguo",54263,"INGENIERIA AMBIENTAL","Femenino",5001,"Antioquia","Bello","Colombia","Urbana"
3161,2110,"COLEGIO MAYOR DE ANTIOQUIA",2025,2,"Antiguo",54263,"INGENIERIA AMBIENTAL","Masculino",5001,"Antioquia","Medellín","Colombia","Urbana"
3162,2110,"COLEGIO MAYOR DE ANTIOQUIA",2025,2,"Antiguo",54263,"INGENIERIA AMBIENTAL","Femenino",5001,"Antioquia","Medellín","Colombia","Urbana"
3163,2110,"COLEGIO MAYOR DE ANTIOQUIA",2025,2,"Antiguo",54263,"INGENIERIA AMBIENTAL","Femenino",5001,"Antioquia","Medellín","Colombia","Urbana"
3164,2110,"COLEGIO MAYOR DE ANTIOQUIA",2025,2,"Antiguo",54263,"INGENIERIA AMBIENTAL","Femenino",5001,"Antioquia","Medellín","Colombia","Urbana"
3165,2110,"COLEGIO MAYOR DE ANTIOQUIA",2025,2,"Antiguo",54263,"INGENIERIA AMBIENTAL","Femenino",5001,"Antioquia","Medellín","Colombia","Urbana"
3166,2110,"COLEGIO MAYOR DE ANTIOQUIA",2025,2,"Antiguo",54263,"INGENIERIA AMBIENTAL","Femenino",5001,"Antioquia","Medellín","Colombia","Urbana"
3167,2110,"COLEGIO MAYOR DE ANTIOQUIA",2025,2,"Antiguo",54263,"INGENIERIA AMBIENTAL","Masculino",5001,"Antioquia","Medellín","Colombia","Urbana"
3168,2110,"COLEGIO MAYOR DE ANTIOQUIA",2025,2,"Antiguo",54263,"INGENIERIA AMBIENTAL","Femenino",5001,"Antioquia","Medellín","Colombia","Urbana"
3169,2110,"COLEGIO MAYOR DE ANTIOQUIA",2025,2,"Antiguo",54263,"INGENIERIA AMBIENTAL","Masculino",5001,"Antioquia","Sopetrán","Colombia","Urbana"
3170,2110,"COLEGIO MAYOR DE ANTIOQUIA",2025,2,"Antiguo",54263,"INGENIERIA AMBIENTAL","Masculino",5001,"Antioquia","Uramita","Colombia","Urbana"
3171,2110,"COLEGIO MAYOR DE ANTIOQUIA",2025,2,"Antiguo",54263,"INGENIERIA AMBIENTAL","Femenino",5001,"Antioquia","Amagá","Colombia","Urbana"
3172,2110,"COLEGIO MAYOR DE ANTIOQUIA",2025,2,"Antiguo",54263,"INGENIERIA AMBIENTAL","Femenino",5001,"Antioquia","Medellín","Colombia","Urbana"
3173,2110,"COLEGIO MAYOR DE ANTIOQUIA",2025,2,"Antiguo",54263,"INGENIERIA AMBIENTAL","Masculino",5001,"Antioquia","Apartadó","Colombia","Urbana"
3174,2110,"COLEGIO MAYOR DE ANTIOQUIA",2025,2,"Antiguo",54263,"INGENIERIA AMBIENTAL","Femenino",5001,"Antioquia","Burítica","Colombia","Urbana"
3175,2110,"COLEGIO MAYOR DE ANTIOQUIA",2025,2,"Antiguo",54263,"INGENIERIA AMBIENTAL","Masculino",5001,"Antioquia","Medellín","Colombia","Urbana"
3176,2110,"COLEGIO MAYOR DE ANTIOQUIA",2025,2,"Antiguo",54263,"INGENIERIA AMBIENTAL","Femenino",5001,"Antioquia","Girardota","Colombia","Urbana"
3177,2110,"COLEGIO MAYOR DE ANTIOQUIA",2025,2,"Antiguo",54263,"INGENIERIA AMBIENTAL","Femenino",5001,"Antioquia","Medellín","Colombia","Urbana"
3178,2110,"COLEGIO MAYOR DE ANTIOQUIA",2025,2,"Antiguo",54263,"INGENIERIA AMBIENTAL","Masculino",5001,"Antioquia","Medellín","Colombia","Urbana"
3179,2110,"COLEGIO MAYOR DE ANTIOQUIA",2025,2,"Antiguo",54263,"INGENIERIA AMBIENTAL","Masculino",5001,"Antioquia","Medellín","Colombia","Urbana"
3180,2110,"COLEGIO MAYOR DE ANTIOQUIA",2025,2,"Antiguo",54263,"INGENIERIA AMBIENTAL","Femenino",5001,"Antioquia","Medellín","Colombia","Urbana"
3181,2110,"COLEGIO MAYOR DE ANTIOQUIA",2025,2,"Antiguo",54263,"INGENIERIA AMBIENTAL","Femenino",5001,"Antioquia","Medellín","Colombia","Urbana"
3182,2110,"COLEGIO MAYOR DE ANTIOQUIA",2025,2,"Antiguo",54263,"INGENIERIA AMBIENTAL","Masculino",5001,"Antioquia","Fredonia","Colombia","Urbana"
3183,2110,"COLEGIO MAYOR DE ANTIOQUIA",2025,2,"Antiguo",54263,"INGENIERIA AMBIENTAL","Femenino",5001,"Antioquia","Medellín","Colombia","Urbana"
3184,2110,"COLEGIO MAYOR DE ANTIOQUIA",2025,2,"Antiguo",54263,"INGENIERIA AMBIENTAL","Masculino",5001,"Antioquia","Medellín","Colombia","Urbana"
3185,2110,"COLEGIO MAYOR DE ANTIOQUIA",2025,2,"Reingreso",54263,"INGENIERIA AMBIENTAL","Masculino",5001,"Antioquia","Santa Fé de Antioquia","Colombia","Urbana"
3186,2110,"COLEGIO MAYOR DE ANTIOQUIA",2025,2,"Reingreso",54263,"INGENIERIA AMBIENTAL","Masculino",5001,"Antioquia","Medellín","Colombia","Urbana"
3187,2110,"COLEGIO MAYOR DE ANTIOQUIA",2025,2,"Reingreso",54263,"INGENIERIA AMBIENTAL","Femenino",5001,"Antioquia","Medellín","Colombia","Urbana"
3188,2110,"COLEGIO MAYOR DE ANTIOQUIA",2025,2,"Reingreso",54263,"INGENIERIA AMBIENTAL","Masculino",5001,"Antioquia","Jardín","Colombia","Urbana"
3189,2110,"COLEGIO MAYOR DE ANTIOQUIA",2025,2,"Reingreso",54263,"INGENIERIA AMBIENTAL","Masculino",5001,"Antioquia","Medellín","Colombia","Urbana"
3190,2110,"COLEGIO MAYOR DE ANTIOQUIA",2025,2,"Reingreso",54263,"INGENIERIA AMBIENTAL","Femenino",5001,"Antioquia","Medellín","Colombia","Urbana"
3191,2110,"COLEGIO MAYOR DE ANTIOQUIA",2025,2,"Reingreso",54263,"INGENIERIA AMBIENTAL","Femenino",5001,"Antioquia","Medellín","Colombia","Urbana"
3192,2110,"COLEGIO MAYOR DE ANTIOQUIA",2025,2,"Reingreso",54263,"INGENIERIA AMBIENTAL","Masculino",5001,"Antioquia","Medellín","Colombia","Urbana"
3193,2110,"COLEGIO MAYOR DE ANTIOQUIA",2025,2,"Reingreso",54263,"INGENIERIA AMBIENTAL","Femenino",5001,"Antioquia","Medellín","Colombia","Urbana"
3194,2110,"COLEGIO MAYOR DE ANTIOQUIA",2025,2,"Reingreso",54263,"INGENIERIA AMBIENTAL","Femenino",5001,"Antioquia","Medellín","Colombia","Urbana"
3195,2110,"COLEGIO MAYOR DE ANTIOQUIA",2025,2,"Reingreso",54263,"INGENIERIA AMBIENTAL","Femenino",5001,"Antioquia","Medellín","Colombia","Urbana"
3196,2110,"COLEGIO MAYOR DE ANTIOQUIA",2025,2,"Reingreso",54263,"INGENIERIA AMBIENTAL","Masculino",5001,"Antioquia","Medellín","Colombia","Urbana"
3197,2110,"COLEGIO MAYOR DE ANTIOQUIA",2025,2,"Reingreso",54263,"INGENIERIA AMBIENTAL","Femenino",5001,"Antioquia","Medellín","Colombia","Urbana"
3198,2110,"COLEGIO MAYOR DE ANTIOQUIA",2025,2,"Reingreso",54263,"INGENIERIA AMBIENTAL","Masculino",5001,"Antioquia","Medellín","Colombia","Urbana"
3199,2110,"COLEGIO MAYOR DE ANTIOQUIA",2025,2,"Reingreso",54263,"INGENIERIA AMBIENTAL","Masculino",5001,"Antioquia","Medellín","Colombia","Urbana"
3200,2110,"COLEGIO MAYOR DE ANTIOQUIA",2025,2,"Reintegro",54263,"INGENIERIA AMBIENTAL","Femenino",5001,"Antioquia","Medellín","Colombia","Urbana"
3201,2110,"COLEGIO MAYOR DE ANTIOQUIA",2025,2,"Reintegro",54263,"INGENIERIA AMBIENTAL","Femenino",5001,"Antioquia","Medellín","Colombia","Urbana"
3202,2110,"COLEGIO MAYOR DE ANTIOQUIA",2025,2,"Antiguo",101313,"ARQUITECTURA","Masculino",5001,"Antioquia","Medellín","Colombia","Urbana"
3203,2110,"COLEGIO MAYOR DE ANTIOQUIA",2025,2,"Antiguo",101313,"ARQUITECTURA","Masculino",5001,"Antioquia","Sabaneta","Colombia","Urbana"
3204,2110,"COLEGIO MAYOR DE ANTIOQUIA",2025,2,"Antiguo",101313,"ARQUITECTURA","Masculino",5001,"Antioquia","Itagüí","Colombia","Urbana"
3205,2110,"COLEGIO MAYOR DE ANTIOQUIA",2025,2,"Antiguo",101313,"ARQUITECTURA","Femenino",5001,"Antioquia","Medellín","Colombia","Urbana"
3206,2110,"COLEGIO MAYOR DE ANTIOQUIA",2025,2,"Antiguo",101313,"ARQUITECTURA","Masculino",5001,"Antioquia","Medellín","Colombia","Urbana"
3207,2110,"COLEGIO MAYOR DE ANTIOQUIA",2025,2,"Antiguo",101313,"ARQUITECTURA","Masculino",5001,"Antioquia","Medellín","Colombia","Urbana"
3208,2110,"COLEGIO MAYOR DE ANTIOQUIA",2025,2,"Antiguo",101313,"ARQUITECTURA","Masculino",5001,"Antioquia","San Pedro","Colombia","Urbana"
3209,2110,"COLEGIO MAYOR DE ANTIOQUIA",2025,2,"Antiguo",101313,"ARQUITECTURA","Masculino",5001,"Antioquia","Medellín","Colombia","Urbana"
3210,2110,"COLEGIO MAYOR DE ANTIOQUIA",2025,2,"Antiguo",101313,"ARQUITECTURA","Femenino",5001,"Antioquia","Medellín","Colombia","Urbana"
3211,2110,"COLEGIO MAYOR DE ANTIOQUIA",2025,2,"Reintegro",101313,"ARQUITECTURA","Masculino",5001,"Antioquia","Medellín","Colombia","Urbana"
3212,2110,"COLEGIO MAYOR DE ANTIOQUIA",2025,2,"Reintegro",101313,"ARQUITECTURA","Masculino",5001,"Antioquia","Medellín","Colombia","Urbana"
3213,2110,"COLEGIO MAYOR DE ANTIOQUIA",2025,2,"Nuevo",101313,"ARQUITECTURA","Femenino",5001,"Antioquia","Medellín","Colombia","Urbana"
3214,2110,"COLEGIO MAYOR DE ANTIOQUIA",2025,2,"Nuevo",101313,"ARQUITECTURA","Femenino",5001,"Antioquia","Medellín","Colombia","Urbana"
3215,2110,"COLEGIO MAYOR DE ANTIOQUIA",2025,2,"Nuevo",101313,"ARQUITECTURA","Masculino",5001,"Antioquia","Medellín","Colombia","Urbana"
3216,2110,"COLEGIO MAYOR DE ANTIOQUIA",2025,2,"Nuevo",101313,"ARQUITECTURA","Masculino",5001,"Antioquia","Medellín","Colombia","Urbana"
3217,2110,"COLEGIO MAYOR DE ANTIOQUIA",2025,2,"Nuevo",101313,"ARQUITECTURA","Femenino",5001,"Antioquia","Envigado","Colombia","Urbana"
3218,2110,"COLEGIO MAYOR DE ANTIOQUIA",2025,2,"Nuevo",101313,"ARQUITECTURA","Femenino",5001,"Antioquia","Medellín","Colombia","Urbana"
3219,2110,"COLEGIO MAYOR DE ANTIOQUIA",2025,2,"Nuevo",101313,"ARQUITECTURA","Masculino",5001,"Antioquia","Medellín","Colombia","Urbana"
3220,2110,"COLEGIO MAYOR DE ANTIOQUIA",2025,2,"Nuevo",101313,"ARQUITECTURA","Femenino",5001,"Nariño","Pasto","Colombia","Urbana"
3221,2110,"COLEGIO MAYOR DE ANTIOQUIA",2025,2,"Nuevo",101313,"ARQUITECTURA","Femenino",5001,"Antioquia","Medellín","Colombia","Urbana"
3222,2110,"COLEGIO MAYOR DE ANTIOQUIA",2025,2,"Nuevo",101313,"ARQUITECTURA","Femenino",5001,"Antioquia","Medellín","Colombia","Urbana"
3223,2110,"COLEGIO MAYOR DE ANTIOQUIA",2025,2,"Nuevo",101313,"ARQUITECTURA","Masculino",5001,"Nariño","Tangua","Colombia","Urbana"
3224,2110,"COLEGIO MAYOR DE ANTIOQUIA",2025,2,"Nuevo",101313,"ARQUITECTURA","Femenino",5001,"Antioquia","Medellín","Colombia","Urbana"
3225,2110,"COLEGIO MAYOR DE ANTIOQUIA",2025,2,"Nuevo",101313,"ARQUITECTURA","Masculino",5001,"Antioquia","Medellín","Colombia","Urbana"
3226,2110,"COLEGIO MAYOR DE ANTIOQUIA",2025,2,"Nuevo",101313,"ARQUITECTURA","Femenino",5001,"Antioquia","Caldas","Colombia","Urbana"
3227,2110,"COLEGIO MAYOR DE ANTIOQUIA",2025,2,"Nuevo",101313,"ARQUITECTURA","Masculino",5001,"Antioquia","Medellín","Colombia","Urbana"
3228,2110,"COLEGIO MAYOR DE ANTIOQUIA",2025,2,"Nuevo",101313,"ARQUITECTURA","Femenino",5001,"Antioquia","Medellín","Colombia","Urbana"
3229,2110,"COLEGIO MAYOR DE ANTIOQUIA",2025,2,"Nuevo",101313,"ARQUITECTURA","Femenino",5001,"Antioquia","Medellín","Colombia","Urbana"
3230,2110,"COLEGIO MAYOR DE ANTIOQUIA",2025,2,"Nuevo",101313,"ARQUITECTURA","Femenino",5001,"Antioquia","Medellín","Colombia","Urbana"
3231,2110,"COLEGIO MAYOR DE ANTIOQUIA",2025,2,"Nuevo",101313,"ARQUITECTURA","Masculino",5001,"Antioquia","Medellín","Colombia","Urbana"
3232,2110,"COLEGIO MAYOR DE ANTIOQUIA",2025,2,"Nuevo",101313,"ARQUITECTURA","Femenino",5001,"Antioquia","Medellín","Colombia","Urbana"
3233,2110,"COLEGIO MAYOR DE ANTIOQUIA",2025,2,"Nuevo",101313,"ARQUITECTURA","Femenino",5001,"Antioquia","Barbosa","Colombia","Urbana"
3234,2110,"COLEGIO MAYOR DE ANTIOQUIA",2025,2,"Nuevo",101313,"ARQUITECTURA","Femenino",5001,"Antioquia","Medellín","Colombia","Urbana"
3235,2110,"COLEGIO MAYOR DE ANTIOQUIA",2025,2,"Nuevo",101313,"ARQUITECTURA","Femenino",5001,"Antioquia","Itagüí","Colombia","Urbana"
3236,2110,"COLEGIO MAYOR DE ANTIOQUIA",2025,2,"Nuevo",101313,"ARQUITECTURA","Masculino",5001,"Antioquia","Caldas","Colombia","Urbana"
3237,2110,"COLEGIO MAYOR DE ANTIOQUIA",2025,2,"Nuevo",101313,"ARQUITECTURA","Femenino",5001,"Antioquia","Itagüí","Colombia","Urbana"
3238,2110,"COLEGIO MAYOR DE ANTIOQUIA",2025,2,"Nuevo",101313,"ARQUITECTURA","Masculino",5001,"Antioquia","Medellín","Colombia","Urbana"
3239,2110,"COLEGIO MAYOR DE ANTIOQUIA",2025,2,"Nuevo",101313,"ARQUITECTURA","Femenino",5001,"Antioquia","Bello","Colombia","Urbana"
3240,2110,"COLEGIO MAYOR DE ANTIOQUIA",2025,2,"Nuevo",101313,"ARQUITECTURA","Masculino",5001,"Antioquia","La Estrella","Colombia","Urbana"
3241,2110,"COLEGIO MAYOR DE ANTIOQUIA",2025,2,"Nuevo",101313,"ARQUITECTURA","Femenino",5001,"Antioquia","Medellín","Colombia","Urbana"
3242,2110,"COLEGIO MAYOR DE ANTIOQUIA",2025,2,"Nuevo",101313,"ARQUITECTURA","Masculino",5001,"Antioquia","Amalfi","Colombia","Urbana"
3243,2110,"COLEGIO MAYOR DE ANTIOQUIA",2025,2,"Nuevo",101313,"ARQUITECTURA","Femenino",5001,"Antioquia","Medellín","Colombia","Urbana"
3244,2110,"COLEGIO MAYOR DE ANTIOQUIA",2025,2,"Nuevo",101313,"ARQUITECTURA","Masculino",5001,"Antioquia","Medellín","Colombia","Urbana"
3245,2110,"COLEGIO MAYOR DE ANTIOQUIA",2025,2,"Nuevo",101313,"ARQUITECTURA","Masculino",5001,"Antioquia","Medellín","Colombia","Urbana"
3246,2110,"COLEGIO MAYOR DE ANTIOQUIA",2025,2,"Nuevo",101313,"ARQUITECTURA","Femenino",5001,"Antioquia","Yarumal","Colombia","Urbana"
3247,2110,"COLEGIO MAYOR DE ANTIOQUIA",2025,2,"Nuevo",101313,"ARQUITECTURA","Masculino",5001,"Antioquia","Medellín","Colombia","Urbana"
3248,2110,"COLEGIO MAYOR DE ANTIOQUIA",2025,2,"Nuevo",101313,"ARQUITECTURA","Masculino",5001,"Antioquia","Medellín","Colombia","Urbana"
3249,2110,"COLEGIO MAYOR DE ANTIOQUIA",2025,2,"Nuevo",101313,"ARQUITECTURA","Masculino",5001,"Antioquia","Santa Fé de Antioquia","Colombia","Urbana"
3250,2110,"COLEGIO MAYOR DE ANTIOQUIA",2025,2,"Nuevo",101313,"ARQUITECTURA","Masculino",5001,"Antioquia","Medellín","Colombia","Urbana"
3251,2110,"COLEGIO MAYOR DE ANTIOQUIA",2025,2,"Nuevo",101313,"ARQUITECTURA","Femenino",5001,"Antioquia","Medellín","Colombia","Urbana"
3252,2110,"COLEGIO MAYOR DE ANTIOQUIA",2025,2,"Nuevo",101313,"ARQUITECTURA","Masculino",5001,"Antioquia","Santa Fé de Antioquia","Colombia","Urbana"
3253,2110,"COLEGIO MAYOR DE ANTIOQUIA",2025,2,"Nuevo",101313,"ARQUITECTURA","Femenino",5001,"Antioquia","Medellín","Colombia","Urbana"
3254,2110,"COLEGIO MAYOR DE ANTIOQUIA",2025,2,"Nuevo",101313,"ARQUITECTURA","Femenino",5001,"Antioquia","Barbosa","Colombia","Urbana"
3255,2110,"COLEGIO MAYOR DE ANTIOQUIA",2025,2,"Nuevo",101313,"ARQUITECTURA","Femenino",5001,"Antioquia","Medellín","Colombia","Urbana"
3256,2110,"COLEGIO MAYOR DE ANTIOQUIA",2025,2,"Nuevo",101313,"ARQUITECTURA","Femenino",5001,"Antioquia","Bello","Colombia","Urbana"
3257,2110,"COLEGIO MAYOR DE ANTIOQUIA",2025,2,"Nuevo",101313,"ARQUITECTURA","Femenino",5001,"Antioquia","Medellín","Colombia","Urbana"
3258,2110,"COLEGIO MAYOR DE ANTIOQUIA",2025,2,"Nuevo",101313,"ARQUITECTURA","Femenino",5001,"Antioquia","Medellín","Colombia","Urbana"
3259,2110,"COLEGIO MAYOR DE ANTIOQUIA",2025,2,"Nuevo",101313,"ARQUITECTURA","Masculino",5001,"Antioquia","Medellín","Colombia","Urbana"
3260,2110,"COLEGIO MAYOR DE ANTIOQUIA",2025,2,"Nuevo",101313,"ARQUITECTURA","Femenino",5001,"Antioquia","Medellín","Colombia","Urbana"
3261,2110,"COLEGIO MAYOR DE ANTIOQUIA",2025,2,"Nuevo",101313,"ARQUITECTURA","Masculino",5001,"Antioquia","Medellín","Colombia","Urbana"
3262,2110,"COLEGIO MAYOR DE ANTIOQUIA",2025,2,"Nuevo",101313,"ARQUITECTURA","Femenino",5001,"Boyacá","Puerto Boyacá","Colombia","Urbana"
3263,2110,"COLEGIO MAYOR DE ANTIOQUIA",2025,2,"Nuevo",101313,"ARQUITECTURA","Masculino",5001,"Antioquia","Medellín","Colombia","Urbana"
3264,2110,"COLEGIO MAYOR DE ANTIOQUIA",2025,2,"Nuevo",101313,"ARQUITECTURA","Masculino",5001,"Antioquia","Medellín","Colombia","Urbana"
3265,2110,"COLEGIO MAYOR DE ANTIOQUIA",2025,2,"Nuevo",101313,"ARQUITECTURA","Masculino",5001,"Antioquia","Medellín","Colombia","Urbana"
3266,2110,"COLEGIO MAYOR DE ANTIOQUIA",2025,2,"Nuevo",101313,"ARQUITECTURA","Femenino",5001,"Antioquia","Medellín","Colombia","Urbana"
3267,2110,"COLEGIO MAYOR DE ANTIOQUIA",2025,2,"Nuevo",101313,"ARQUITECTURA","Masculino",5001,"Antioquia","Bello","Colombia","Urbana"
3268,2110,"COLEGIO MAYOR DE ANTIOQUIA",2025,2,"Nuevo",101313,"ARQUITECTURA","Masculino",5001,"Antioquia","Medellín","Colombia","Urbana"
3269,2110,"COLEGIO MAYOR DE ANTIOQUIA",2025,2,"Nuevo",101313,"ARQUITECTURA","Masculino",5001,"Antioquia","Medellín","Colombia","Urbana"
3270,2110,"COLEGIO MAYOR DE ANTIOQUIA",2025,2,"Nuevo",101313,"ARQUITECTURA","Femenino",5001,"Antioquia","Medellín","Colombia","Urbana"
3271,2110,"COLEGIO MAYOR DE ANTIOQUIA",2025,2,"Transferencia interna",101313,"ARQUITECTURA","Masculino",5001,"Antioquia","Tarso","Colombia","Urbana"
3272,2110,"COLEGIO MAYOR DE ANTIOQUIA",2025,2,"Transferencia interna",101313,"ARQUITECTURA","Masculino",5001,"Cauca","Popayán","Colombia","Urbana"
3273,2110,"COLEGIO MAYOR DE ANTIOQUIA",2025,2,"Transferencia interna",101313,"ARQUITECTURA","Femenino",5001,"Antioquia","Medellín","Colombia","Urbana"
3274,2110,"COLEGIO MAYOR DE ANTIOQUIA",2025,2,"Transferencia interna",101313,"ARQUITECTURA","Femenino",5001,"Antioquia","Medellín","Colombia","Urbana"
3275,2110,"COLEGIO MAYOR DE ANTIOQUIA",2025,2,"Transferencia interna",101313,"ARQUITECTURA","Masculino",5001,"Antioquia","Medellín","Colombia","Urbana"
3276,2110,"COLEGIO MAYOR DE ANTIOQUIA",2025,2,"Transferencia interna",101313,"ARQUITECTURA","Masculino",5001,"Antioquia","Bello","Colombia","Urbana"
3277,2110,"COLEGIO MAYOR DE ANTIOQUIA",2025,2,"Transferencia interna",101313,"ARQUITECTURA","Masculino",5001,"Antioquia","Medellín","Colombia","Urbana"
3278,2110,"COLEGIO MAYOR DE ANTIOQUIA",2025,2,"Transferencia interna",101313,"ARQUITECTURA","Masculino",5001,"Antioquia","Medellín","Colombia","Urbana"
3279,2110,"COLEGIO MAYOR DE ANTIOQUIA",2025,2,"Transferencia externa",101313,"ARQUITECTURA","Masculino",5001,"Antioquia","Itagüí","Colombia","Urbana"
3280,2110,"COLEGIO MAYOR DE ANTIOQUIA",2025,2,"Transferencia externa",101313,"ARQUITECTURA","Femenino",5001,"Antioquia","La Estrella","Colombia","Urbana"
3281,2110,"COLEGIO MAYOR DE ANTIOQUIA",2025,2,"Transferencia externa",101313,"ARQUITECTURA","Masculino",5001,"Antioquia","Abejorral","Colombia","Urbana"
3282,2110,"COLEGIO MAYOR DE ANTIOQUIA",2025,2,"Transferencia externa",101313,"ARQUITECTURA","Masculino",5001,"Antioquia","Medellín","Colombia","Urbana"
3283,2110,"COLEGIO MAYOR DE ANTIOQUIA",2025,2,"Transferencia externa",101313,"ARQUITECTURA","Masculino",5001,"Antioquia","Bello","Colombia","Urbana"
3284,2110,"COLEGIO MAYOR DE ANTIOQUIA",2025,2,"Transferencia externa",101313,"ARQUITECTURA","Femenino",5001,"Antioquia","Medellín","Colombia","Urbana"
3285,2110,"COLEGIO MAYOR DE ANTIOQUIA",2025,2,"Transferencia externa",101313,"ARQUITECTURA","Masculino",5001,"Antioquia","Medellín","Colombia","Urbana"
3286,2110,"COLEGIO MAYOR DE ANTIOQUIA",2025,2,"Antiguo",101313,"ARQUITECTURA","Femenino",5001,"Antioquia","Medellín","Colombia","Urbana"
3287,2110,"COLEGIO MAYOR DE ANTIOQUIA",2025,2,"Antiguo",101313,"ARQUITECTURA","Masculino",5001,"Antioquia","Medellín","Colombia","Urbana"
3288,2110,"COLEGIO MAYOR DE ANTIOQUIA",2025,2,"Antiguo",101313,"ARQUITECTURA","Masculino",5001,"Antioquia","Medellín","Colombia","Urbana"
3289,2110,"COLEGIO MAYOR DE ANTIOQUIA",2025,2,"Antiguo",101313,"ARQUITECTURA","Femenino",5001,"Antioquia","Medellín","Colombia","Urbana"
3290,2110,"COLEGIO MAYOR DE ANTIOQUIA",2025,2,"Antiguo",101313,"ARQUITECTURA","Femenino",5001,"Antioquia","Envigado","Colombia","Urbana"
3291,2110,"COLEGIO MAYOR DE ANTIOQUIA",2025,2,"Antiguo",101313,"ARQUITECTURA","Masculino",5001,"Antioquia","Ríonegro","Colombia","Urbana"
3292,2110,"COLEGIO MAYOR DE ANTIOQUIA",2025,2,"Antiguo",101313,"ARQUITECTURA","Femenino",5001,"Antioquia","Bello","Colombia","Urbana"
3293,2110,"COLEGIO MAYOR DE ANTIOQUIA",2025,2,"Antiguo",101313,"ARQUITECTURA","Femenino",5001,"Antioquia","Medellín","Colombia","Urbana"
3294,2110,"COLEGIO MAYOR DE ANTIOQUIA",2025,2,"Antiguo",101313,"ARQUITECTURA","Masculino",5001,"Antioquia","Retiro","Colombia","Urbana"
3295,2110,"COLEGIO MAYOR DE ANTIOQUIA",2025,2,"Antiguo",101313,"ARQUITECTURA","Masculino",5001,"Antioquia","Sabaneta","Colombia","Urbana"
3296,2110,"COLEGIO MAYOR DE ANTIOQUIA",2025,2,"Antiguo",101313,"ARQUITECTURA","Femenino",5001,"Antioquia","Medellín","Colombia","Urbana"
3297,2110,"COLEGIO MAYOR DE ANTIOQUIA",2025,2,"Antiguo",101313,"ARQUITECTURA","Femenino",5001,"Antioquia","Medellín","Colombia","Urbana"
3298,2110,"COLEGIO MAYOR DE ANTIOQUIA",2025,2,"Antiguo",101313,"ARQUITECTURA","Masculino",5001,"Antioquia","Medellín","Colombia","Urbana"
3299,2110,"COLEGIO MAYOR DE ANTIOQUIA",2025,2,"Antiguo",101313,"ARQUITECTURA","Femenino",5001,"Antioquia","La Estrella","Colombia","Urbana"
3300,2110,"COLEGIO MAYOR DE ANTIOQUIA",2025,2,"Antiguo",101313,"ARQUITECTURA","Masculino",5001,"Antioquia","Sabaneta","Colombia","Urbana"
3301,2110,"COLEGIO MAYOR DE ANTIOQUIA",2025,2,"Antiguo",101313,"ARQUITECTURA","Femenino",5001,"Antioquia","Itagüí","Colombia","Urbana"
3302,2110,"COLEGIO MAYOR DE ANTIOQUIA",2025,2,"Antiguo",101313,"ARQUITECTURA","Femenino",5001,"Antioquia","Medellín","Colombia","Urbana"
3303,2110,"COLEGIO MAYOR DE ANTIOQUIA",2025,2,"Antiguo",101313,"ARQUITECTURA","Femenino",5001,"Antioquia","Bello","Colombia","Urbana"
3304,2110,"COLEGIO MAYOR DE ANTIOQUIA",2025,2,"Antiguo",101313,"ARQUITECTURA","Femenino",5001,"Antioquia","Medellín","Colombia","Urbana"
3305,2110,"COLEGIO MAYOR DE ANTIOQUIA",2025,2,"Antiguo",101313,"ARQUITECTURA","Femenino",5001,"Antioquia","Medellín","Colombia","Urbana"
3306,2110,"COLEGIO MAYOR DE ANTIOQUIA",2025,2,"Antiguo",101313,"ARQUITECTURA","Femenino",5001,"Antioquia","Medellín","Colombia","Urbana"
3307,2110,"COLEGIO MAYOR DE ANTIOQUIA",2025,2,"Antiguo",101313,"ARQUITECTURA","Femenino",5001,"Antioquia","Medellín","Colombia","Urbana"
3308,2110,"COLEGIO MAYOR DE ANTIOQUIA",2025,2,"Antiguo",101313,"ARQUITECTURA","Masculino",5001,"Antioquia","Medellín","Colombia","Urbana"
3309,2110,"COLEGIO MAYOR DE ANTIOQUIA",2025,2,"Antiguo",101313,"ARQUITECTURA","Femenino",5001,"Norte de Santander","Los Patios","Colombia","Urbana"
3310,2110,"COLEGIO MAYOR DE ANTIOQUIA",2025,2,"Antiguo",101313,"ARQUITECTURA","Femenino",5001,"Antioquia","Medellín","Colombia","Urbana"
3311,2110,"COLEGIO MAYOR DE ANTIOQUIA",2025,2,"Antiguo",101313,"ARQUITECTURA","Femenino",5001,"Antioquia","La Estrella","Colombia","Urbana"
3312,2110,"COLEGIO MAYOR DE ANTIOQUIA",2025,2,"Antiguo",101313,"ARQUITECTURA","Femenino",5001,"Antioquia","Medellín","Colombia","Urbana"
3313,2110,"COLEGIO MAYOR DE ANTIOQUIA",2025,2,"Antiguo",101313,"ARQUITECTURA","Femenino",5001,"Antioquia","La Ceja","Colombia","Urbana"
3314,2110,"COLEGIO MAYOR DE ANTIOQUIA",2025,2,"Antiguo",101313,"ARQUITECTURA","Femenino",5001,"Antioquia","La Estrella","Colombia","Urbana"
3315,2110,"COLEGIO MAYOR DE ANTIOQUIA",2025,2,"Antiguo",101313,"ARQUITECTURA","Femenino",5001,"Antioquia","Ríonegro","Colombia","Urbana"
3316,2110,"COLEGIO MAYOR DE ANTIOQUIA",2025,2,"Antiguo",101313,"ARQUITECTURA","Masculino",5001,"Antioquia","Medellín","Colombia","Urbana"
3317,2110,"COLEGIO MAYOR DE ANTIOQUIA",2025,2,"Antiguo",101313,"ARQUITECTURA","Femenino",5001,"Córdoba","Sahagún","Colombia","Urbana"
3318,2110,"COLEGIO MAYOR DE ANTIOQUIA",2025,2,"Antiguo",101313,"ARQUITECTURA","Femenino",5001,"Antioquia","Medellín","Colombia","Urbana"
3319,2110,"COLEGIO MAYOR DE ANTIOQUIA",2025,2,"Antiguo",101313,"ARQUITECTURA","Femenino",5001,"Antioquia","San Pedro","Colombia","Urbana"
3320,2110,"COLEGIO MAYOR DE ANTIOQUIA",2025,2,"Antiguo",101313,"ARQUITECTURA","Femenino",5001,"Antioquia","Medellín","Colombia","Urbana"
3321,2110,"COLEGIO MAYOR DE ANTIOQUIA",2025,2,"Antiguo",101313,"ARQUITECTURA","Femenino",5001,"Antioquia","Ríonegro","Colombia","Urbana"
3322,2110,"COLEGIO MAYOR DE ANTIOQUIA",2025,2,"Antiguo",101313,"ARQUITECTURA","Masculino",5001,"Antioquia","Medellín","Colombia","Urbana"
3323,2110,"COLEGIO MAYOR DE ANTIOQUIA",2025,2,"Antiguo",101313,"ARQUITECTURA","Femenino",5001,"Antioquia","Medellín","Colombia","Urbana"
3324,2110,"COLEGIO MAYOR DE ANTIOQUIA",2025,2,"Antiguo",101313,"ARQUITECTURA","Femenino",5001,"Antioquia","Medellín","Colombia","Urbana"
3325,2110,"COLEGIO MAYOR DE ANTIOQUIA",2025,2,"Antiguo",101313,"ARQUITECTURA","Masculino",5001,"Antioquia","Medellín","Colombia","Urbana"
3326,2110,"COLEGIO MAYOR DE ANTIOQUIA",2025,2,"Antiguo",101313,"ARQUITECTURA","Femenino",5001,"Antioquia","Medellín","Colombia","Urbana"
3327,2110,"COLEGIO MAYOR DE ANTIOQUIA",2025,2,"Antiguo",101313,"ARQUITECTURA","Femenino",5001,"Antioquia","Girardota","Colombia","Urbana"
3328,2110,"COLEGIO MAYOR DE ANTIOQUIA",2025,2,"Antiguo",101313,"ARQUITECTURA","Masculino",5001,"Antioquia","Medellín","Colombia","Urbana"
3329,2110,"COLEGIO MAYOR DE ANTIOQUIA",2025,2,"Antiguo",101313,"ARQUITECTURA","Masculino",5001,"Antioquia","Medellín","Colombia","Urbana"
3330,2110,"COLEGIO MAYOR DE ANTIOQUIA",2025,2,"Antiguo",101313,"ARQUITECTURA","Femenino",5001,"Antioquia","Medellín","Colombia","Urbana"
3331,2110,"COLEGIO MAYOR DE ANTIOQUIA",2025,2,"Antiguo",101313,"ARQUITECTURA","Femenino",5001,"Antioquia","Medellín","Colombia","Urbana"
3332,2110,"COLEGIO MAYOR DE ANTIOQUIA",2025,2,"Antiguo",101313,"ARQUITECTURA","Femenino",5001,"Antioquia","Medellín","Colombia","Urbana"
3333,2110,"COLEGIO MAYOR DE ANTIOQUIA",2025,2,"Antiguo",101313,"ARQUITECTURA","Femenino",5001,"Antioquia","Medellín","Colombia","Urbana"
3334,2110,"COLEGIO MAYOR DE ANTIOQUIA",2025,2,"Antiguo",101313,"ARQUITECTURA","Masculino",5001,"Antioquia","Itagüí","Colombia","Urbana"
3335,2110,"COLEGIO MAYOR DE ANTIOQUIA",2025,2,"Antiguo",101313,"ARQUITECTURA","Masculino",5001,"Antioquia","Santa Bárbara","Colombia","Urbana"
3336,2110,"COLEGIO MAYOR DE ANTIOQUIA",2025,2,"Antiguo",101313,"ARQUITECTURA","Masculino",5001,"Antioquia","San Vicente Ferrer","Colombia","Urbana"
3337,2110,"COLEGIO MAYOR DE ANTIOQUIA",2025,2,"Antiguo",101313,"ARQUITECTURA","Masculino",5001,"Antioquia","Medellín","Colombia","Urbana"
3338,2110,"COLEGIO MAYOR DE ANTIOQUIA",2025,2,"Antiguo",101313,"ARQUITECTURA","Femenino",5001,"Antioquia","Medellín","Colombia","Urbana"
3339,2110,"COLEGIO MAYOR DE ANTIOQUIA",2025,2,"Antiguo",101313,"ARQUITECTURA","Femenino",5001,"Antioquia","Envigado","Colombia","Urbana"
3340,2110,"COLEGIO MAYOR DE ANTIOQUIA",2025,2,"Antiguo",101313,"ARQUITECTURA","Femenino",5001,"Antioquia","Medellín","Colombia","Urbana"
3341,2110,"COLEGIO MAYOR DE ANTIOQUIA",2025,2,"Antiguo",101313,"ARQUITECTURA","Femenino",5001,"Antioquia","Medellín","Colombia","Urbana"
3342,2110,"COLEGIO MAYOR DE ANTIOQUIA",2025,2,"Antiguo",101313,"ARQUITECTURA","Femenino",5001,"Antioquia","Medellín","Colombia","Urbana"
3343,2110,"COLEGIO MAYOR DE ANTIOQUIA",2025,2,"Antiguo",101313,"ARQUITECTURA","Masculino",5001,"Antioquia","San Pedro","Colombia","Urbana"
3344,2110,"COLEGIO MAYOR DE ANTIOQUIA",2025,2,"Antiguo",101313,"ARQUITECTURA","Femenino",5001,"Antioquia","Envigado","Colombia","Urbana"
3345,2110,"COLEGIO MAYOR DE ANTIOQUIA",2025,2,"Antiguo",101313,"ARQUITECTURA","Femenino",5001,"Antioquia","Medellín","Colombia","Urbana"
3346,2110,"COLEGIO MAYOR DE ANTIOQUIA",2025,2,"Antiguo",101313,"ARQUITECTURA","Femenino",5001,"Antioquia","Medellín","Colombia","Urbana"
3347,2110,"COLEGIO MAYOR DE ANTIOQUIA",2025,2,"Antiguo",101313,"ARQUITECTURA","Femenino",5001,"Antioquia","Caldas","Colombia","Urbana"
3348,2110,"COLEGIO MAYOR DE ANTIOQUIA",2025,2,"Antiguo",101313,"ARQUITECTURA","Femenino",5001,"Antioquia","Medellín","Colombia","Urbana"
3349,2110,"COLEGIO MAYOR DE ANTIOQUIA",2025,2,"Antiguo",101313,"ARQUITECTURA","Masculino",5001,"Antioquia","Bello","Colombia","Urbana"
3350,2110,"COLEGIO MAYOR DE ANTIOQUIA",2025,2,"Antiguo",101313,"ARQUITECTURA","Femenino",5001,"Antioquia","Medellín","Colombia","Urbana"
3351,2110,"COLEGIO MAYOR DE ANTIOQUIA",2025,2,"Antiguo",101313,"ARQUITECTURA","Femenino",5001,"Antioquia","Medellín","Colombia","Urbana"
3352,2110,"COLEGIO MAYOR DE ANTIOQUIA",2025,2,"Antiguo",101313,"ARQUITECTURA","Masculino",5001,"Antioquia","Medellín","Colombia","Urbana"
3353,2110,"COLEGIO MAYOR DE ANTIOQUIA",2025,2,"Antiguo",101313,"ARQUITECTURA","Masculino",5001,"Antioquia","Medellín","Colombia","Urbana"
3354,2110,"COLEGIO MAYOR DE ANTIOQUIA",2025,2,"Antiguo",101313,"ARQUITECTURA","Femenino",5001,"Antioquia","Medellín","Colombia","Urbana"
3355,2110,"COLEGIO MAYOR DE ANTIOQUIA",2025,2,"Antiguo",101313,"ARQUITECTURA","Femenino",5001,"Cesar","Valledupar","Colombia","Urbana"
3356,2110,"COLEGIO MAYOR DE ANTIOQUIA",2025,2,"Antiguo",101313,"ARQUITECTURA","Femenino",5001,"Santander","Barrancabermeja","Colombia","Urbana"
3357,2110,"COLEGIO MAYOR DE ANTIOQUIA",2025,2,"Antiguo",101313,"ARQUITECTURA","Masculino",5001,"Antioquia","Envigado","Colombia","Urbana"
3358,2110,"COLEGIO MAYOR DE ANTIOQUIA",2025,2,"Antiguo",101313,"ARQUITECTURA","Masculino",5001,"Antioquia","Medellín","Colombia","Urbana"
3359,2110,"COLEGIO MAYOR DE ANTIOQUIA",2025,2,"Antiguo",101313,"ARQUITECTURA","Masculino",5001,"Antioquia","Medellín","Colombia","Urbana"
3360,2110,"COLEGIO MAYOR DE ANTIOQUIA",2025,2,"Antiguo",101313,"ARQUITECTURA","Femenino",5001,"Antioquia","Medellín","Colombia","Urbana"
3361,2110,"COLEGIO MAYOR DE ANTIOQUIA",2025,2,"Antiguo",101313,"ARQUITECTURA","Masculino",5001,"Antioquia","Medellín","Colombia","Urbana"
3362,2110,"COLEGIO MAYOR DE ANTIOQUIA",2025,2,"Antiguo",101313,"ARQUITECTURA","Femenino",5001,"Antioquia","Medellín","Colombia","Urbana"
3363,2110,"COLEGIO MAYOR DE ANTIOQUIA",2025,2,"Antiguo",101313,"ARQUITECTURA","Femenino",5001,"Antioquia","Medellín","Colombia","Urbana"
3364,2110,"COLEGIO MAYOR DE ANTIOQUIA",2025,2,"Antiguo",101313,"ARQUITECTURA","Femenino",5001,"Antioquia","Bello","Colombia","Urbana"
3365,2110,"COLEGIO MAYOR DE ANTIOQUIA",2025,2,"Antiguo",101313,"ARQUITECTURA","Femenino",5001,"Antioquia","Medellín","Colombia","Urbana"
3366,2110,"COLEGIO MAYOR DE ANTIOQUIA",2025,2,"Antiguo",101313,"ARQUITECTURA","Femenino",5001,"Antioquia","Medellín","Colombia","Urbana"
3367,2110,"COLEGIO MAYOR DE ANTIOQUIA",2025,2,"Antiguo",101313,"ARQUITECTURA","Masculino",5001,"Antioquia","Medellín","Colombia","Urbana"
3368,2110,"COLEGIO MAYOR DE ANTIOQUIA",2025,2,"Antiguo",101313,"ARQUITECTURA","Masculino",5001,"Antioquia","Medellín","Colombia","Urbana"
3369,2110,"COLEGIO MAYOR DE ANTIOQUIA",2025,2,"Antiguo",101313,"ARQUITECTURA","Femenino",5001,"Antioquia","Medellín","Colombia","Urbana"
3370,2110,"COLEGIO MAYOR DE ANTIOQUIA",2025,2,"Antiguo",101313,"ARQUITECTURA","Femenino",5001,"Antioquia","Medellín","Colombia","Urbana"
3371,2110,"COLEGIO MAYOR DE ANTIOQUIA",2025,2,"Antiguo",101313,"ARQUITECTURA","Masculino",5001,"Antioquia","Bello","Colombia","Urbana"
3372,2110,"COLEGIO MAYOR DE ANTIOQUIA",2025,2,"Antiguo",101313,"ARQUITECTURA","Femenino",5001,"Antioquia","Medellín","Colombia","Urbana"
3373,2110,"COLEGIO MAYOR DE ANTIOQUIA",2025,2,"Antiguo",101313,"ARQUITECTURA","Femenino",5001,"Antioquia","Medellín","Colombia","Urbana"
3374,2110,"COLEGIO MAYOR DE ANTIOQUIA",2025,2,"Antiguo",101313,"ARQUITECTURA","Femenino",5001,"Antioquia","Ríonegro","Colombia","Urbana"
3375,2110,"COLEGIO MAYOR DE ANTIOQUIA",2025,2,"Antiguo",101313,"ARQUITECTURA","Masculino",5001,"Antioquia","Medellín","Colombia","Urbana"
3376,2110,"COLEGIO MAYOR DE ANTIOQUIA",2025,2,"Antiguo",101313,"ARQUITECTURA","Masculino",5001,"Antioquia","Amagá","Colombia","Urbana"
3377,2110,"COLEGIO MAYOR DE ANTIOQUIA",2025,2,"Antiguo",101313,"ARQUITECTURA","Masculino",5001,"Antioquia","Medellín","Colombia","Urbana"
3378,2110,"COLEGIO MAYOR DE ANTIOQUIA",2025,2,"Antiguo",101313,"ARQUITECTURA","Masculino",5001,"Antioquia","Medellín","Colombia","Urbana"
3379,2110,"COLEGIO MAYOR DE ANTIOQUIA",2025,2,"Antiguo",101313,"ARQUITECTURA","Femenino",5001,"Antioquia","Medellín","Colombia","Urbana"
3380,2110,"COLEGIO MAYOR DE ANTIOQUIA",2025,2,"Antiguo",101313,"ARQUITECTURA","Masculino",5001,"Antioquia","Medellín","Colombia","Urbana"
3381,2110,"COLEGIO MAYOR DE ANTIOQUIA",2025,2,"Antiguo",101313,"ARQUITECTURA","Masculino",5001,"Antioquia","Medellín","Colombia","Urbana"
3382,2110,"COLEGIO MAYOR DE ANTIOQUIA",2025,2,"Antiguo",101313,"ARQUITECTURA","Femenino",5001,"Antioquia","Bello","Colombia","Urbana"
3383,2110,"COLEGIO MAYOR DE ANTIOQUIA",2025,2,"Antiguo",101313,"ARQUITECTURA","Masculino",5001,"Antioquia","Medellín","Colombia","Urbana"
3384,2110,"COLEGIO MAYOR DE ANTIOQUIA",2025,2,"Antiguo",101313,"ARQUITECTURA","Femenino",5001,"Antioquia","Bello","Colombia","Urbana"
3385,2110,"COLEGIO MAYOR DE ANTIOQUIA",2025,2,"Antiguo",101313,"ARQUITECTURA","Masculino",5001,"Antioquia","Medellín","Colombia","Urbana"
3386,2110,"COLEGIO MAYOR DE ANTIOQUIA",2025,2,"Antiguo",101313,"ARQUITECTURA","Femenino",5001,"Antioquia","Medellín","Colombia","Urbana"
3387,2110,"COLEGIO MAYOR DE ANTIOQUIA",2025,2,"Antiguo",101313,"ARQUITECTURA","Femenino",5001,"Antioquia","Medellín","Colombia","Urbana"
3388,2110,"COLEGIO MAYOR DE ANTIOQUIA",2025,2,"Antiguo",101313,"ARQUITECTURA","Femenino",5001,"Antioquia","San Pedro","Colombia","Urbana"
3389,2110,"COLEGIO MAYOR DE ANTIOQUIA",2025,2,"Antiguo",101313,"ARQUITECTURA","Masculino",5001,"Antioquia","Ríonegro","Colombia","Urbana"
3390,2110,"COLEGIO MAYOR DE ANTIOQUIA",2025,2,"Antiguo",101313,"ARQUITECTURA","Femenino",5001,"Antioquia","Caldas","Colombia","Urbana"
3391,2110,"COLEGIO MAYOR DE ANTIOQUIA",2025,2,"Antiguo",101313,"ARQUITECTURA","Masculino",5001,"Antioquia","Itagüí","Colombia","Urbana"
3392,2110,"COLEGIO MAYOR DE ANTIOQUIA",2025,2,"Antiguo",101313,"ARQUITECTURA","Masculino",5001,"Antioquia","Bello","Colombia","Urbana"
3393,2110,"COLEGIO MAYOR DE ANTIOQUIA",2025,2,"Antiguo",101313,"ARQUITECTURA","Masculino",5001,"Antioquia","Copacabana","Colombia","Urbana"
3394,2110,"COLEGIO MAYOR DE ANTIOQUIA",2025,2,"Antiguo",101313,"ARQUITECTURA","Masculino",5001,"Antioquia","Medellín","Colombia","Urbana"
3395,2110,"COLEGIO MAYOR DE ANTIOQUIA",2025,2,"Antiguo",101313,"ARQUITECTURA","Femenino",5001,"Antioquia","Medellín","Colombia","Urbana"
3396,2110,"COLEGIO MAYOR DE ANTIOQUIA",2025,2,"Antiguo",101313,"ARQUITECTURA","Femenino",5001,"Antioquia","Medellín","Colombia","Urbana"
3397,2110,"COLEGIO MAYOR DE ANTIOQUIA",2025,2,"Antiguo",101313,"ARQUITECTURA","Masculino",5001,"Antioquia","Medellín","Colombia","Urbana"
3398,2110,"COLEGIO MAYOR DE ANTIOQUIA",2025,2,"Antiguo",101313,"ARQUITECTURA","Masculino",5001,"Antioquia","Medellín","Colombia","Urbana"
3399,2110,"COLEGIO MAYOR DE ANTIOQUIA",2025,2,"Antiguo",101313,"ARQUITECTURA","Femenino",5001,"Antioquia","Girardota","Colombia","Urbana"
3400,2110,"COLEGIO MAYOR DE ANTIOQUIA",2025,2,"Antiguo",101313,"ARQUITECTURA","Masculino",5001,"Antioquia","Medellín","Colombia","Urbana"
3401,2110,"COLEGIO MAYOR DE ANTIOQUIA",2025,2,"Antiguo",101313,"ARQUITECTURA","Femenino",5001,"Antioquia","Peque","Colombia","Urbana"
3402,2110,"COLEGIO MAYOR DE ANTIOQUIA",2025,2,"Antiguo",101313,"ARQUITECTURA","Masculino",5001,"Antioquia","La Ceja","Colombia","Urbana"
3403,2110,"COLEGIO MAYOR DE ANTIOQUIA",2025,2,"Antiguo",101313,"ARQUITECTURA","Femenino",5001,"Antioquia","Bello","Colombia","Urbana"
3404,2110,"COLEGIO MAYOR DE ANTIOQUIA",2025,2,"Antiguo",101313,"ARQUITECTURA","Femenino",5001,"Antioquia","Medellín","Colombia","Urbana"
3405,2110,"COLEGIO MAYOR DE ANTIOQUIA",2025,2,"Antiguo",101313,"ARQUITECTURA","Masculino",5001,"Antioquia","Medellín","Colombia","Urbana"
3406,2110,"COLEGIO MAYOR DE ANTIOQUIA",2025,2,"Antiguo",101313,"ARQUITECTURA","Masculino",5001,"Huila","Neiva","Colombia","Urbana"
3407,2110,"COLEGIO MAYOR DE ANTIOQUIA",2025,2,"Antiguo",101313,"ARQUITECTURA","Masculino",5001,"Antioquia","Medellín","Colombia","Urbana"
3408,2110,"COLEGIO MAYOR DE ANTIOQUIA",2025,2,"Antiguo",101313,"ARQUITECTURA","Femenino",5001,"Antioquia","Medellín","Colombia","Urbana"
3409,2110,"COLEGIO MAYOR DE ANTIOQUIA",2025,2,"Antiguo",101313,"ARQUITECTURA","Femenino",5001,"Antioquia","Medellín","Colombia","Urbana"
3410,2110,"COLEGIO MAYOR DE ANTIOQUIA",2025,2,"Antiguo",101313,"ARQUITECTURA","Masculino",5001,"Antioquia","Bello","Colombia","Urbana"
3411,2110,"COLEGIO MAYOR DE ANTIOQUIA",2025,2,"Antiguo",101313,"ARQUITECTURA","Femenino",5001,"Antioquia","Medellín","Colombia","Urbana"
3412,2110,"COLEGIO MAYOR DE ANTIOQUIA",2025,2,"Antiguo",101313,"ARQUITECTURA","Masculino",5001,"Antioquia","El Carmen de Viboral","Colombia","Urbana"
3413,2110,"COLEGIO MAYOR DE ANTIOQUIA",2025,2,"Antiguo",101313,"ARQUITECTURA","Masculino",5001,"Antioquia","Medellín","Colombia","Urbana"
3414,2110,"COLEGIO MAYOR DE ANTIOQUIA",2025,2,"Antiguo",101313,"ARQUITECTURA","Femenino",5001,"Antioquia","Medellín","Colombia","Urbana"
3415,2110,"COLEGIO MAYOR DE ANTIOQUIA",2025,2,"Antiguo",101313,"ARQUITECTURA","Masculino",5001,"Antioquia","Medellín","Colombia","Urbana"
3416,2110,"COLEGIO MAYOR DE ANTIOQUIA",2025,2,"Antiguo",101313,"ARQUITECTURA","Femenino",5001,"Antioquia","Medellín","Colombia","Urbana"
3417,2110,"COLEGIO MAYOR DE ANTIOQUIA",2025,2,"Antiguo",101313,"ARQUITECTURA","Masculino",5001,"Antioquia","Medellín","Colombia","Urbana"
3418,2110,"COLEGIO MAYOR DE ANTIOQUIA",2025,2,"Antiguo",101313,"ARQUITECTURA","Femenino",5001,"Antioquia","Medellín","Colombia","Urbana"
3419,2110,"COLEGIO MAYOR DE ANTIOQUIA",2025,2,"Antiguo",101313,"ARQUITECTURA","Femenino",5001,"Antioquia","Medellín","Colombia","Urbana"
3420,2110,"COLEGIO MAYOR DE ANTIOQUIA",2025,2,"Antiguo",101313,"ARQUITECTURA","Femenino",5001,"Antioquia","Medellín","Colombia","Urbana"
3421,2110,"COLEGIO MAYOR DE ANTIOQUIA",2025,2,"Antiguo",101313,"ARQUITECTURA","Femenino",5001,"Antioquia","Amalfi","Colombia","Urbana"
3422,2110,"COLEGIO MAYOR DE ANTIOQUIA",2025,2,"Antiguo",101313,"ARQUITECTURA","Masculino",5001,"Antioquia","Medellín","Colombia","Urbana"
3423,2110,"COLEGIO MAYOR DE ANTIOQUIA",2025,2,"Antiguo",101313,"ARQUITECTURA","Femenino",5001,"Antioquia","Medellín","Colombia","Urbana"
3424,2110,"COLEGIO MAYOR DE ANTIOQUIA",2025,2,"Antiguo",101313,"ARQUITECTURA","Masculino",5001,"Antioquia","Medellín","Colombia","Urbana"
3425,2110,"COLEGIO MAYOR DE ANTIOQUIA",2025,2,"Antiguo",101313,"ARQUITECTURA","Masculino",5001,"Antioquia","Medellín","Colombia","Urbana"
3426,2110,"COLEGIO MAYOR DE ANTIOQUIA",2025,2,"Antiguo",101313,"ARQUITECTURA","Femenino",5001,"Antioquia","Medellín","Colombia","Urbana"
3427,2110,"COLEGIO MAYOR DE ANTIOQUIA",2025,2,"Antiguo",101313,"ARQUITECTURA","Masculino",5001,"Antioquia","Medellín","Colombia","Urbana"
3428,2110,"COLEGIO MAYOR DE ANTIOQUIA",2025,2,"Antiguo",101313,"ARQUITECTURA","Masculino",5001,"Antioquia","Medellín","Colombia","Urbana"
3429,2110,"COLEGIO MAYOR DE ANTIOQUIA",2025,2,"Antiguo",101313,"ARQUITECTURA","Masculino",5001,"Antioquia","Medellín","Colombia","Urbana"
3430,2110,"COLEGIO MAYOR DE ANTIOQUIA",2025,2,"Antiguo",101313,"ARQUITECTURA","Masculino",5001,"Cesar","Valledupar","Colombia","Urbana"
3431,2110,"COLEGIO MAYOR DE ANTIOQUIA",2025,2,"Antiguo",101313,"ARQUITECTURA","Masculino",5001,"Antioquia","Medellín","Colombia","Urbana"
3432,2110,"COLEGIO MAYOR DE ANTIOQUIA",2025,2,"Antiguo",101313,"ARQUITECTURA","Masculino",5001,"Antioquia","Medellín","Colombia","Urbana"
3433,2110,"COLEGIO MAYOR DE ANTIOQUIA",2025,2,"Antiguo",101313,"ARQUITECTURA","Masculino",5001,"Antioquia","Sabaneta","Colombia","Urbana"
3434,2110,"COLEGIO MAYOR DE ANTIOQUIA",2025,2,"Antiguo",101313,"ARQUITECTURA","Femenino",5001,"Antioquia","Medellín","Colombia","Urbana"
3435,2110,"COLEGIO MAYOR DE ANTIOQUIA",2025,2,"Antiguo",101313,"ARQUITECTURA","Femenino",5001,"Antioquia","Medellín","Colombia","Urbana"
3436,2110,"COLEGIO MAYOR DE ANTIOQUIA",2025,2,"Antiguo",101313,"ARQUITECTURA","Masculino",5001,"Antioquia","Caldas","Colombia","Urbana"
3437,2110,"COLEGIO MAYOR DE ANTIOQUIA",2025,2,"Antiguo",101313,"ARQUITECTURA","Masculino",5001,"Antioquia","Sabaneta","Colombia","Urbana"
3438,2110,"COLEGIO MAYOR DE ANTIOQUIA",2025,2,"Antiguo",101313,"ARQUITECTURA","Femenino",5001,"Antioquia","Medellín","Colombia","Urbana"
3439,2110,"COLEGIO MAYOR DE ANTIOQUIA",2025,2,"Antiguo",101313,"ARQUITECTURA","Masculino",5001,"Antioquia","Medellín","Colombia","Urbana"
3440,2110,"COLEGIO MAYOR DE ANTIOQUIA",2025,2,"Antiguo",101313,"ARQUITECTURA","Masculino",5001,"Antioquia","Medellín","Colombia","Urbana"
3441,2110,"COLEGIO MAYOR DE ANTIOQUIA",2025,2,"Antiguo",101313,"ARQUITECTURA","Masculino",5001,"Antioquia","Medellín","Colombia","Urbana"
3442,2110,"COLEGIO MAYOR DE ANTIOQUIA",2025,2,"Antiguo",101313,"ARQUITECTURA","Masculino",5001,"Antioquia","Medellín","Colombia","Urbana"
3443,2110,"COLEGIO MAYOR DE ANTIOQUIA",2025,2,"Antiguo",101313,"ARQUITECTURA","Femenino",5001,"Antioquia","Medellín","Colombia","Urbana"
3444,2110,"COLEGIO MAYOR DE ANTIOQUIA",2025,2,"Antiguo",101313,"ARQUITECTURA","Femenino",5001,"Antioquia","Bello","Colombia","Urbana"
3445,2110,"COLEGIO MAYOR DE ANTIOQUIA",2025,2,"Antiguo",101313,"ARQUITECTURA","Masculino",5001,"Antioquia","Medellín","Colombia","Urbana"
3446,2110,"COLEGIO MAYOR DE ANTIOQUIA",2025,2,"Antiguo",101313,"ARQUITECTURA","Femenino",5001,"Antioquia","Medellín","Colombia","Urbana"
3447,2110,"COLEGIO MAYOR DE ANTIOQUIA",2025,2,"Antiguo",101313,"ARQUITECTURA","Masculino",5001,"Antioquia","Andes","Colombia","Urbana"
3448,2110,"COLEGIO MAYOR DE ANTIOQUIA",2025,2,"Antiguo",101313,"ARQUITECTURA","Femenino",5001,"Antioquia","Medellín","Colombia","Urbana"
3449,2110,"COLEGIO MAYOR DE ANTIOQUIA",2025,2,"Antiguo",101313,"ARQUITECTURA","Masculino",5001,"Antioquia","Medellín","Colombia","Urbana"
3450,2110,"COLEGIO MAYOR DE ANTIOQUIA",2025,2,"Antiguo",101313,"ARQUITECTURA","Femenino",5001,"Antioquia","Itagüí","Colombia","Urbana"
3451,2110,"COLEGIO MAYOR DE ANTIOQUIA",2025,2,"Antiguo",101313,"ARQUITECTURA","Femenino",5001,"Antioquia","Bello","Colombia","Urbana"
3452,2110,"COLEGIO MAYOR DE ANTIOQUIA",2025,2,"Antiguo",101313,"ARQUITECTURA","Masculino",5001,"Antioquia","Medellín","Colombia","Urbana"
3453,2110,"COLEGIO MAYOR DE ANTIOQUIA",2025,2,"Antiguo",101313,"ARQUITECTURA","Masculino",5001,"Antioquia","Bello","Colombia","Urbana"
3454,2110,"COLEGIO MAYOR DE ANTIOQUIA",2025,2,"Antiguo",101313,"ARQUITECTURA","Masculino",5001,"Antioquia","Medellín","Colombia","Urbana"
3455,2110,"COLEGIO MAYOR DE ANTIOQUIA",2025,2,"Antiguo",101313,"ARQUITECTURA","Masculino",5001,"Antioquia","Medellín","Colombia","Urbana"
3456,2110,"COLEGIO MAYOR DE ANTIOQUIA",2025,2,"Antiguo",101313,"ARQUITECTURA","Femenino",5001,"Antioquia","Medellín","Colombia","Urbana"
3457,2110,"COLEGIO MAYOR DE ANTIOQUIA",2025,2,"Antiguo",101313,"ARQUITECTURA","Femenino",5001,"Antioquia","Medellín","Colombia","Urbana"
3458,2110,"COLEGIO MAYOR DE ANTIOQUIA",2025,2,"Antiguo",101313,"ARQUITECTURA","Femenino",5001,"Antioquia","Medellín","Colombia","Urbana"
3459,2110,"COLEGIO MAYOR DE ANTIOQUIA",2025,2,"Antiguo",101313,"ARQUITECTURA","Masculino",5001,"Antioquia","Medellín","Colombia","Urbana"
3460,2110,"COLEGIO MAYOR DE ANTIOQUIA",2025,2,"Antiguo",101313,"ARQUITECTURA","Femenino",5001,"Antioquia","Medellín","Colombia","Urbana"
3461,2110,"COLEGIO MAYOR DE ANTIOQUIA",2025,2,"Antiguo",101313,"ARQUITECTURA","Masculino",5001,"Antioquia","Medellín","Colombia","Urbana"
3462,2110,"COLEGIO MAYOR DE ANTIOQUIA",2025,2,"Antiguo",101313,"ARQUITECTURA","Masculino",5001,"Antioquia","Medellín","Colombia","Urbana"
3463,2110,"COLEGIO MAYOR DE ANTIOQUIA",2025,2,"Antiguo",101313,"ARQUITECTURA","Femenino",5001,"Antioquia","Medellín","Colombia","Urbana"
3464,2110,"COLEGIO MAYOR DE ANTIOQUIA",2025,2,"Antiguo",101313,"ARQUITECTURA","Femenino",5001,"Antioquia","Medellín","Colombia","Urbana"
3465,2110,"COLEGIO MAYOR DE ANTIOQUIA",2025,2,"Antiguo",101313,"ARQUITECTURA","Masculino",5001,"Antioquia","Medellín","Colombia","Urbana"
3466,2110,"COLEGIO MAYOR DE ANTIOQUIA",2025,2,"Antiguo",101313,"ARQUITECTURA","Femenino",5001,"Antioquia","Medellín","Colombia","Urbana"
3467,2110,"COLEGIO MAYOR DE ANTIOQUIA",2025,2,"Antiguo",101313,"ARQUITECTURA","Masculino",5001,"Antioquia","Medellín","Colombia","Urbana"
3468,2110,"COLEGIO MAYOR DE ANTIOQUIA",2025,2,"Antiguo",101313,"ARQUITECTURA","Femenino",5001,"Antioquia","Medellín","Colombia","Urbana"
3469,2110,"COLEGIO MAYOR DE ANTIOQUIA",2025,2,"Antiguo",101313,"ARQUITECTURA","Masculino",5001,"Antioquia","Betulia","Colombia","Urbana"
3470,2110,"COLEGIO MAYOR DE ANTIOQUIA",2025,2,"Antiguo",101313,"ARQUITECTURA","Masculino",5001,"Antioquia","Medellín","Colombia","Urbana"
3471,2110,"COLEGIO MAYOR DE ANTIOQUIA",2025,2,"Antiguo",101313,"ARQUITECTURA","Femenino",5001,"Antioquia","Medellín","Colombia","Urbana"
3472,2110,"COLEGIO MAYOR DE ANTIOQUIA",2025,2,"Antiguo",101313,"ARQUITECTURA","Masculino",5001,"Antioquia","Medellín","Colombia","Urbana"
3473,2110,"COLEGIO MAYOR DE ANTIOQUIA",2025,2,"Antiguo",101313,"ARQUITECTURA","Femenino",5001,"Antioquia","Medellín","Colombia","Urbana"
3474,2110,"COLEGIO MAYOR DE ANTIOQUIA",2025,2,"Antiguo",101313,"ARQUITECTURA","Femenino",5001,"Antioquia","Medellín","Colombia","Urbana"
3475,2110,"COLEGIO MAYOR DE ANTIOQUIA",2025,2,"Antiguo",101313,"ARQUITECTURA","Masculino",5001,"Antioquia","La Ceja","Colombia","Urbana"
3476,2110,"COLEGIO MAYOR DE ANTIOQUIA",2025,2,"Antiguo",101313,"ARQUITECTURA","Masculino",5001,"Antioquia","Medellín","Colombia","Urbana"
3477,2110,"COLEGIO MAYOR DE ANTIOQUIA",2025,2,"Antiguo",101313,"ARQUITECTURA","Femenino",5001,"Antioquia","Bello","Colombia","Urbana"
3478,2110,"COLEGIO MAYOR DE ANTIOQUIA",2025,2,"Antiguo",101313,"ARQUITECTURA","Femenino",5001,"Antioquia","Medellín","Colombia","Urbana"
3479,2110,"COLEGIO MAYOR DE ANTIOQUIA",2025,2,"Antiguo",101313,"ARQUITECTURA","Femenino",5001,"Antioquia","Medellín","Colombia","Urbana"
3480,2110,"COLEGIO MAYOR DE ANTIOQUIA",2025,2,"Antiguo",101313,"ARQUITECTURA","Masculino",5001,"Antioquia","Medellín","Colombia","Urbana"
3481,2110,"COLEGIO MAYOR DE ANTIOQUIA",2025,2,"Antiguo",101313,"ARQUITECTURA","Masculino",5001,"Antioquia","Medellín","Colombia","Urbana"
3482,2110,"COLEGIO MAYOR DE ANTIOQUIA",2025,2,"Antiguo",101313,"ARQUITECTURA","Masculino",5001,"Antioquia","Bello","Colombia","Urbana"
3483,2110,"COLEGIO MAYOR DE ANTIOQUIA",2025,2,"Antiguo",101313,"ARQUITECTURA","Masculino",5001,"Antioquia","Medellín","Colombia","Urbana"
3484,2110,"COLEGIO MAYOR DE ANTIOQUIA",2025,2,"Antiguo",101313,"ARQUITECTURA","Masculino",5001,"Antioquia","Girardota","Colombia","Urbana"
3485,2110,"COLEGIO MAYOR DE ANTIOQUIA",2025,2,"Antiguo",101313,"ARQUITECTURA","Femenino",5001,"Antioquia","Itagüí","Colombia","Urbana"
3486,2110,"COLEGIO MAYOR DE ANTIOQUIA",2025,2,"Antiguo",101313,"ARQUITECTURA","Femenino",5001,"Antioquia","Bello","Colombia","Urbana"
3487,2110,"COLEGIO MAYOR DE ANTIOQUIA",2025,2,"Antiguo",101313,"ARQUITECTURA","Femenino",5001,"Antioquia","Medellín","Colombia","Urbana"
3488,2110,"COLEGIO MAYOR DE ANTIOQUIA",2025,2,"Antiguo",101313,"ARQUITECTURA","Masculino",5001,"Antioquia","Medellín","Colombia","Urbana"
3489,2110,"COLEGIO MAYOR DE ANTIOQUIA",2025,2,"Antiguo",101313,"ARQUITECTURA","Masculino",5001,"Antioquia","Itagüí","Colombia","Urbana"
3490,2110,"COLEGIO MAYOR DE ANTIOQUIA",2025,2,"Antiguo",101313,"ARQUITECTURA","Femenino",5001,"Antioquia","Medellín","Colombia","Urbana"
3491,2110,"COLEGIO MAYOR DE ANTIOQUIA",2025,2,"Antiguo",101313,"ARQUITECTURA","Masculino",5001,"Antioquia","Medellín","Colombia","Urbana"
3492,2110,"COLEGIO MAYOR DE ANTIOQUIA",2025,2,"Antiguo",101313,"ARQUITECTURA","Femenino",5001,"Antioquia","Támesis","Colombia","Urbana"
3493,2110,"COLEGIO MAYOR DE ANTIOQUIA",2025,2,"Antiguo",101313,"ARQUITECTURA","Masculino",5001,"Antioquia","Medellín","Colombia","Urbana"
3494,2110,"COLEGIO MAYOR DE ANTIOQUIA",2025,2,"Antiguo",101313,"ARQUITECTURA","Femenino",5001,"Antioquia","Bello","Colombia","Urbana"
3495,2110,"COLEGIO MAYOR DE ANTIOQUIA",2025,2,"Antiguo",101313,"ARQUITECTURA","Masculino",5001,"Antioquia","Medellín","Colombia","Urbana"
3496,2110,"COLEGIO MAYOR DE ANTIOQUIA",2025,2,"Antiguo",101313,"ARQUITECTURA","Masculino",5001,"Antioquia","Bello","Colombia","Urbana"
3497,2110,"COLEGIO MAYOR DE ANTIOQUIA",2025,2,"Antiguo",101313,"ARQUITECTURA","Masculino",5001,"Antioquia","Bello","Colombia","Urbana"
3498,2110,"COLEGIO MAYOR DE ANTIOQUIA",2025,2,"Antiguo",101313,"ARQUITECTURA","Masculino",5001,"Antioquia","San Rafael","Colombia","Urbana"
3499,2110,"COLEGIO MAYOR DE ANTIOQUIA",2025,2,"Antiguo",101313,"ARQUITECTURA","Masculino",5001,"Antioquia","Medellín","Colombia","Urbana"
3500,2110,"COLEGIO MAYOR DE ANTIOQUIA",2025,2,"Antiguo",101313,"ARQUITECTURA","Femenino",5001,"Antioquia","Medellín","Colombia","Urbana"
3501,2110,"COLEGIO MAYOR DE ANTIOQUIA",2025,2,"Antiguo",101313,"ARQUITECTURA","Masculino",5001,"Antioquia","Envigado","Colombia","Urbana"
3502,2110,"COLEGIO MAYOR DE ANTIOQUIA",2025,2,"Antiguo",101313,"ARQUITECTURA","Femenino",5001,"Antioquia","Medellín","Colombia","Urbana"
3503,2110,"COLEGIO MAYOR DE ANTIOQUIA",2025,2,"Antiguo",101313,"ARQUITECTURA","Femenino",5001,"Antioquia","Itagüí","Colombia","Urbana"
3504,2110,"COLEGIO MAYOR DE ANTIOQUIA",2025,2,"Antiguo",101313,"ARQUITECTURA","Masculino",5001,"Antioquia","Medellín","Colombia","Urbana"
3505,2110,"COLEGIO MAYOR DE ANTIOQUIA",2025,2,"Antiguo",101313,"ARQUITECTURA","Masculino",5001,"Antioquia","Medellín","Colombia","Urbana"
3506,2110,"COLEGIO MAYOR DE ANTIOQUIA",2025,2,"Antiguo",101313,"ARQUITECTURA","Masculino",5001,"Antioquia","Envigado","Colombia","Urbana"
3507,2110,"COLEGIO MAYOR DE ANTIOQUIA",2025,2,"Antiguo",101313,"ARQUITECTURA","Femenino",5001,"Antioquia","Medellín","Colombia","Urbana"
3508,2110,"COLEGIO MAYOR DE ANTIOQUIA",2025,2,"Antiguo",101313,"ARQUITECTURA","Masculino",5001,"Antioquia","Medellín","Colombia","Urbana"
3509,2110,"COLEGIO MAYOR DE ANTIOQUIA",2025,2,"Antiguo",101313,"ARQUITECTURA","Femenino",5001,"Antioquia","Apartadó","Colombia","Urbana"
3510,2110,"COLEGIO MAYOR DE ANTIOQUIA",2025,2,"Antiguo",101313,"ARQUITECTURA","Femenino",5001,"Antioquia","Medellín","Colombia","Urbana"
3511,2110,"COLEGIO MAYOR DE ANTIOQUIA",2025,2,"Antiguo",101313,"ARQUITECTURA","Masculino",5001,"Antioquia","Medellín","Colombia","Urbana"
3512,2110,"COLEGIO MAYOR DE ANTIOQUIA",2025,2,"Antiguo",101313,"ARQUITECTURA","Femenino",5001,"Antioquia","Medellín","Colombia","Urbana"
3513,2110,"COLEGIO MAYOR DE ANTIOQUIA",2025,2,"Antiguo",101313,"ARQUITECTURA","Masculino",5001,"Antioquia","Medellín","Colombia","Urbana"
3514,2110,"COLEGIO MAYOR DE ANTIOQUIA",2025,2,"Antiguo",101313,"ARQUITECTURA","Femenino",5001,"Antioquia","Medellín","Colombia","Urbana"
3515,2110,"COLEGIO MAYOR DE ANTIOQUIA",2025,2,"Antiguo",101313,"ARQUITECTURA","Masculino",5001,"Antioquia","Bello","Colombia","Urbana"
3516,2110,"COLEGIO MAYOR DE ANTIOQUIA",2025,2,"Antiguo",101313,"ARQUITECTURA","Masculino",5001,"Antioquia","Medellín","Colombia","Urbana"
3517,2110,"COLEGIO MAYOR DE ANTIOQUIA",2025,2,"Antiguo",101313,"ARQUITECTURA","Femenino",5001,"Antioquia","Medellín","Colombia","Urbana"
3518,2110,"COLEGIO MAYOR DE ANTIOQUIA",2025,2,"Antiguo",101313,"ARQUITECTURA","Femenino",5001,"Antioquia","Medellín","Colombia","Urbana"
3519,2110,"COLEGIO MAYOR DE ANTIOQUIA",2025,2,"Antiguo",101313,"ARQUITECTURA","Masculino",5001,"Antioquia","Medellín","Colombia","Urbana"
3520,2110,"COLEGIO MAYOR DE ANTIOQUIA",2025,2,"Antiguo",101313,"ARQUITECTURA","Masculino",5001,"Antioquia","Medellín","Colombia","Urbana"
3521,2110,"COLEGIO MAYOR DE ANTIOQUIA",2025,2,"Antiguo",101313,"ARQUITECTURA","Femenino",5001,"Antioquia","Medellín","Colombia","Urbana"
3522,2110,"COLEGIO MAYOR DE ANTIOQUIA",2025,2,"Antiguo",101313,"ARQUITECTURA","Masculino",5001,"Antioquia","Girardota","Colombia","Urbana"
3523,2110,"COLEGIO MAYOR DE ANTIOQUIA",2025,2,"Antiguo",101313,"ARQUITECTURA","Masculino",5001,"Antioquia","Medellín","Colombia","Urbana"
3524,2110,"COLEGIO MAYOR DE ANTIOQUIA",2025,2,"Antiguo",101313,"ARQUITECTURA","Femenino",5001,"Antioquia","Medellín","Colombia","Urbana"
3525,2110,"COLEGIO MAYOR DE ANTIOQUIA",2025,2,"Antiguo",101313,"ARQUITECTURA","Masculino",5001,"Antioquia","Medellín","Colombia","Urbana"
3526,2110,"COLEGIO MAYOR DE ANTIOQUIA",2025,2,"Antiguo",101313,"ARQUITECTURA","Femenino",5001,"Antioquia","Medellín","Colombia","Urbana"
3527,2110,"COLEGIO MAYOR DE ANTIOQUIA",2025,2,"Antiguo",101313,"ARQUITECTURA","Femenino",5001,"Huila","Neiva","Colombia","Urbana"
3528,2110,"COLEGIO MAYOR DE ANTIOQUIA",2025,2,"Antiguo",101313,"ARQUITECTURA","Masculino",5001,"Antioquia","Bello","Colombia","Urbana"
3529,2110,"COLEGIO MAYOR DE ANTIOQUIA",2025,2,"Antiguo",101313,"ARQUITECTURA","Femenino",5001,"Antioquia","Medellín","Colombia","Urbana"
3530,2110,"COLEGIO MAYOR DE ANTIOQUIA",2025,2,"Antiguo",101313,"ARQUITECTURA","Masculino",5001,"Antioquia","Bello","Colombia","Urbana"
3531,2110,"COLEGIO MAYOR DE ANTIOQUIA",2025,2,"Antiguo",101313,"ARQUITECTURA","Masculino",5001,"Antioquia","Medellín","Colombia","Urbana"
3532,2110,"COLEGIO MAYOR DE ANTIOQUIA",2025,2,"Antiguo",101313,"ARQUITECTURA","Femenino",5001,"Antioquia","Medellín","Colombia","Urbana"
3533,2110,"COLEGIO MAYOR DE ANTIOQUIA",2025,2,"Antiguo",101313,"ARQUITECTURA","Femenino",5001,"Antioquia","Medellín","Colombia","Urbana"
3534,2110,"COLEGIO MAYOR DE ANTIOQUIA",2025,2,"Antiguo",101313,"ARQUITECTURA","Masculino",5001,"Antioquia","Medellín","Colombia","Urbana"
3535,2110,"COLEGIO MAYOR DE ANTIOQUIA",2025,2,"Antiguo",101313,"ARQUITECTURA","Masculino",5001,"Antioquia","Medellín","Colombia","Urbana"
3536,2110,"COLEGIO MAYOR DE ANTIOQUIA",2025,2,"Antiguo",101313,"ARQUITECTURA","Femenino",5001,"Antioquia","Medellín","Colombia","Urbana"
3537,2110,"COLEGIO MAYOR DE ANTIOQUIA",2025,2,"Antiguo",101313,"ARQUITECTURA","Masculino",5001,"Antioquia","Medellín","Colombia","Urbana"
3538,2110,"COLEGIO MAYOR DE ANTIOQUIA",2025,2,"Antiguo",101313,"ARQUITECTURA","Masculino",5001,"Antioquia","Medellín","Colombia","Urbana"
3539,2110,"COLEGIO MAYOR DE ANTIOQUIA",2025,2,"Antiguo",101313,"ARQUITECTURA","Masculino",5001,"Antioquia","Medellín","Colombia","Urbana"
3540,2110,"COLEGIO MAYOR DE ANTIOQUIA",2025,2,"Antiguo",101313,"ARQUITECTURA","Masculino",5001,"Antioquia","Medellín","Colombia","Urbana"
3541,2110,"COLEGIO MAYOR DE ANTIOQUIA",2025,2,"Antiguo",101313,"ARQUITECTURA","Masculino",5001,"Antioquia","Medellín","Colombia","Urbana"
3542,2110,"COLEGIO MAYOR DE ANTIOQUIA",2025,2,"Antiguo",101313,"ARQUITECTURA","Femenino",5001,"Córdoba","Montelíbano","Colombia","Urbana"
3543,2110,"COLEGIO MAYOR DE ANTIOQUIA",2025,2,"Antiguo",101313,"ARQUITECTURA","Masculino",5001,"Antioquia","Medellín","Colombia","Urbana"
3544,2110,"COLEGIO MAYOR DE ANTIOQUIA",2025,2,"Antiguo",101313,"ARQUITECTURA","Masculino",5001,"Antioquia","Medellín","Colombia","Urbana"
3545,2110,"COLEGIO MAYOR DE ANTIOQUIA",2025,2,"Antiguo",101313,"ARQUITECTURA","Femenino",5001,"Nariño","Ipiales","Colombia","Urbana"
3546,2110,"COLEGIO MAYOR DE ANTIOQUIA",2025,2,"Antiguo",101313,"ARQUITECTURA","Masculino",5001,"Antioquia","Medellín","Colombia","Urbana"
3547,2110,"COLEGIO MAYOR DE ANTIOQUIA",2025,2,"Antiguo",101313,"ARQUITECTURA","Masculino",5001,"Antioquia","Medellín","Colombia","Urbana"
3548,2110,"COLEGIO MAYOR DE ANTIOQUIA",2025,2,"Antiguo",101313,"ARQUITECTURA","Masculino",5001,"Antioquia","Medellín","Colombia","Urbana"
3549,2110,"COLEGIO MAYOR DE ANTIOQUIA",2025,2,"Antiguo",101313,"ARQUITECTURA","Masculino",5001,"Antioquia","Medellín","Colombia","Urbana"
3550,2110,"COLEGIO MAYOR DE ANTIOQUIA",2025,2,"Antiguo",101313,"ARQUITECTURA","Femenino",5001,"Antioquia","Medellín","Colombia","Urbana"
3551,2110,"COLEGIO MAYOR DE ANTIOQUIA",2025,2,"Antiguo",101313,"ARQUITECTURA","Femenino",5001,"Antioquia","Medellín","Colombia","Urbana"
3552,2110,"COLEGIO MAYOR DE ANTIOQUIA",2025,2,"Antiguo",101313,"ARQUITECTURA","Femenino",5001,"Antioquia","Medellín","Colombia","Urbana"
3553,2110,"COLEGIO MAYOR DE ANTIOQUIA",2025,2,"Antiguo",101313,"ARQUITECTURA","Femenino",5001,"Antioquia","Medellín","Colombia","Urbana"
3554,2110,"COLEGIO MAYOR DE ANTIOQUIA",2025,2,"Antiguo",101313,"ARQUITECTURA","Femenino",5001,"Antioquia","Medellín","Colombia","Urbana"
3555,2110,"COLEGIO MAYOR DE ANTIOQUIA",2025,2,"Antiguo",101313,"ARQUITECTURA","Femenino",5001,"Antioquia","Bello","Colombia","Urbana"
3556,2110,"COLEGIO MAYOR DE ANTIOQUIA",2025,2,"Antiguo",101313,"ARQUITECTURA","Masculino",5001,"Antioquia","Medellín","Colombia","Urbana"
3557,2110,"COLEGIO MAYOR DE ANTIOQUIA",2025,2,"Antiguo",101313,"ARQUITECTURA","Femenino",5001,"Antioquia","Guadalupe","Colombia","Urbana"
3558,2110,"COLEGIO MAYOR DE ANTIOQUIA",2025,2,"Antiguo",101313,"ARQUITECTURA","Masculino",5001,"Norte de Santander","Ocaña","Colombia","Urbana"
3559,2110,"COLEGIO MAYOR DE ANTIOQUIA",2025,2,"Antiguo",101313,"ARQUITECTURA","Masculino",5001,"Antioquia","Medellín","Colombia","Urbana"
3560,2110,"COLEGIO MAYOR DE ANTIOQUIA",2025,2,"Antiguo",101313,"ARQUITECTURA","Femenino",5001,"Huila","Pital","Colombia","Urbana"
3561,2110,"COLEGIO MAYOR DE ANTIOQUIA",2025,2,"Antiguo",101313,"ARQUITECTURA","Masculino",5001,"Antioquia","Medellín","Colombia","Urbana"
3562,2110,"COLEGIO MAYOR DE ANTIOQUIA",2025,2,"Antiguo",101313,"ARQUITECTURA","Masculino",5001,"Antioquia","Santa Fé de Antioquia","Colombia","Urbana"
3563,2110,"COLEGIO MAYOR DE ANTIOQUIA",2025,2,"Antiguo",101313,"ARQUITECTURA","Masculino",5001,"Antioquia","Sabaneta","Colombia","Urbana"
3564,2110,"COLEGIO MAYOR DE ANTIOQUIA",2025,2,"Antiguo",101313,"ARQUITECTURA","Masculino",5001,"Antioquia","Medellín","Colombia","Urbana"
3565,2110,"COLEGIO MAYOR DE ANTIOQUIA",2025,2,"Antiguo",101313,"ARQUITECTURA","Masculino",5001,"Antioquia","Medellín","Colombia","Urbana"
3566,2110,"COLEGIO MAYOR DE ANTIOQUIA",2025,2,"Antiguo",101313,"ARQUITECTURA","Femenino",5001,"Antioquia","Medellín","Colombia","Urbana"
3567,2110,"COLEGIO MAYOR DE ANTIOQUIA",2025,2,"Antiguo",101313,"ARQUITECTURA","Masculino",5001,"Antioquia","Ríonegro","Colombia","Urbana"
3568,2110,"COLEGIO MAYOR DE ANTIOQUIA",2025,2,"Antiguo",101313,"ARQUITECTURA","Femenino",5001,"Antioquia","Bello","Colombia","Urbana"
3569,2110,"COLEGIO MAYOR DE ANTIOQUIA",2025,2,"Antiguo",101313,"ARQUITECTURA","Femenino",5001,"Antioquia","Santuario","Colombia","Urbana"
3570,2110,"COLEGIO MAYOR DE ANTIOQUIA",2025,2,"Antiguo",101313,"ARQUITECTURA","Femenino",5001,"Antioquia","Medellín","Colombia","Urbana"
3571,2110,"COLEGIO MAYOR DE ANTIOQUIA",2025,2,"Antiguo",101313,"ARQUITECTURA","Femenino",5001,"Antioquia","Medellín","Colombia","Urbana"
3572,2110,"COLEGIO MAYOR DE ANTIOQUIA",2025,2,"Antiguo",101313,"ARQUITECTURA","Masculino",5001,"Antioquia","Medellín","Colombia","Urbana"
3573,2110,"COLEGIO MAYOR DE ANTIOQUIA",2025,2,"Antiguo",101313,"ARQUITECTURA","Femenino",5001,"Antioquia","Medellín","Colombia","Urbana"
3574,2110,"COLEGIO MAYOR DE ANTIOQUIA",2025,2,"Antiguo",101313,"ARQUITECTURA","Masculino",5001,"Antioquia","Medellín","Colombia","Urbana"
3575,2110,"COLEGIO MAYOR DE ANTIOQUIA",2025,2,"Antiguo",101313,"ARQUITECTURA","Masculino",5001,"Antioquia","Medellín","Colombia","Urbana"
3576,2110,"COLEGIO MAYOR DE ANTIOQUIA",2025,2,"Antiguo",101313,"ARQUITECTURA","Femenino",5001,"Antioquia","Ríonegro","Colombia","Urbana"
3577,2110,"COLEGIO MAYOR DE ANTIOQUIA",2025,2,"Antiguo",101313,"ARQUITECTURA","Masculino",5001,"Antioquia","Bello","Colombia","Urbana"
3578,2110,"COLEGIO MAYOR DE ANTIOQUIA",2025,2,"Antiguo",101313,"ARQUITECTURA","Femenino",5001,"Antioquia","Bello","Colombia","Urbana"
3579,2110,"COLEGIO MAYOR DE ANTIOQUIA",2025,2,"Antiguo",101313,"ARQUITECTURA","Femenino",5001,"Antioquia","Medellín","Colombia","Urbana"
3580,2110,"COLEGIO MAYOR DE ANTIOQUIA",2025,2,"Antiguo",101313,"ARQUITECTURA","Masculino",5001,"Antioquia","Medellín","Colombia","Urbana"
3581,2110,"COLEGIO MAYOR DE ANTIOQUIA",2025,2,"Antiguo",101313,"ARQUITECTURA","Femenino",5001,"Antioquia","Bello","Colombia","Urbana"
3582,2110,"COLEGIO MAYOR DE ANTIOQUIA",2025,2,"Antiguo",101313,"ARQUITECTURA","Masculino",5001,"Antioquia","Bello","Colombia","Urbana"
3583,2110,"COLEGIO MAYOR DE ANTIOQUIA",2025,2,"Antiguo",101313,"ARQUITECTURA","Femenino",5001,"Antioquia","Medellín","Colombia","Urbana"
3584,2110,"COLEGIO MAYOR DE ANTIOQUIA",2025,2,"Antiguo",101313,"ARQUITECTURA","Masculino",5001,"Antioquia","Medellín","Colombia","Urbana"
3585,2110,"COLEGIO MAYOR DE ANTIOQUIA",2025,2,"Antiguo",101313,"ARQUITECTURA","Femenino",5001,"Antioquia","Medellín","Colombia","Urbana"
3586,2110,"COLEGIO MAYOR DE ANTIOQUIA",2025,2,"Antiguo",101313,"ARQUITECTURA","Femenino",5001,"Antioquia","Medellín","Colombia","Urbana"
3587,2110,"COLEGIO MAYOR DE ANTIOQUIA",2025,2,"Antiguo",101313,"ARQUITECTURA","Masculino",5001,"Antioquia","Medellín","Colombia","Urbana"
3588,2110,"COLEGIO MAYOR DE ANTIOQUIA",2025,2,"Antiguo",101313,"ARQUITECTURA","Masculino",5001,"Antioquia","Medellín","Colombia","Urbana"
3589,2110,"COLEGIO MAYOR DE ANTIOQUIA",2025,2,"Antiguo",101313,"ARQUITECTURA","Femenino",5001,"Antioquia","Medellín","Colombia","Urbana"
3590,2110,"COLEGIO MAYOR DE ANTIOQUIA",2025,2,"Antiguo",101313,"ARQUITECTURA","Femenino",5001,"Antioquia","Bello","Colombia","Urbana"
3591,2110,"COLEGIO MAYOR DE ANTIOQUIA",2025,2,"Antiguo",101313,"ARQUITECTURA","Femenino",5001,"Antioquia","Medellín","Colombia","Urbana"
3592,2110,"COLEGIO MAYOR DE ANTIOQUIA",2025,2,"Antiguo",101313,"ARQUITECTURA","Femenino",5001,"Antioquia","Medellín","Colombia","Urbana"
3593,2110,"COLEGIO MAYOR DE ANTIOQUIA",2025,2,"Antiguo",101313,"ARQUITECTURA","Femenino",5001,"Antioquia","Medellín","Colombia","Urbana"
3594,2110,"COLEGIO MAYOR DE ANTIOQUIA",2025,2,"Antiguo",101313,"ARQUITECTURA","Masculino",5001,"Antioquia","Sabaneta","Colombia","Urbana"
3595,2110,"COLEGIO MAYOR DE ANTIOQUIA",2025,2,"Antiguo",101313,"ARQUITECTURA","Masculino",5001,"Antioquia","Medellín","Colombia","Urbana"
3596,2110,"COLEGIO MAYOR DE ANTIOQUIA",2025,2,"Antiguo",101313,"ARQUITECTURA","Masculino",5001,"Antioquia","Itagüí","Colombia","Urbana"
3597,2110,"COLEGIO MAYOR DE ANTIOQUIA",2025,2,"Antiguo",101313,"ARQUITECTURA","Masculino",5001,"Antioquia","Medellín","Colombia","Urbana"
3598,2110,"COLEGIO MAYOR DE ANTIOQUIA",2025,2,"Antiguo",101313,"ARQUITECTURA","Femenino",5001,"Antioquia","Medellín","Colombia","Urbana"
3599,2110,"COLEGIO MAYOR DE ANTIOQUIA",2025,2,"Antiguo",101313,"ARQUITECTURA","Masculino",5001,"Antioquia","Medellín","Colombia","Urbana"
3600,2110,"COLEGIO MAYOR DE ANTIOQUIA",2025,2,"Antiguo",101313,"ARQUITECTURA","Masculino",5001,"Antioquia","Medellín","Colombia","Urbana"
3601,2110,"COLEGIO MAYOR DE ANTIOQUIA",2025,2,"Antiguo",101313,"ARQUITECTURA","Masculino",5001,"Antioquia","Medellín","Colombia","Urbana"
3602,2110,"COLEGIO MAYOR DE ANTIOQUIA",2025,2,"Antiguo",101313,"ARQUITECTURA","Femenino",5001,"Antioquia","Medellín","Colombia","Urbana"
3603,2110,"COLEGIO MAYOR DE ANTIOQUIA",2025,2,"Antiguo",101313,"ARQUITECTURA","Masculino",5001,"Antioquia","Medellín","Colombia","Urbana"
3604,2110,"COLEGIO MAYOR DE ANTIOQUIA",2025,2,"Antiguo",101313,"ARQUITECTURA","Masculino",5001,"Antioquia","Medellín","Colombia","Urbana"
3605,2110,"COLEGIO MAYOR DE ANTIOQUIA",2025,2,"Antiguo",101313,"ARQUITECTURA","Masculino",5001,"Antioquia","Medellín","Colombia","Urbana"
3606,2110,"COLEGIO MAYOR DE ANTIOQUIA",2025,2,"Antiguo",101313,"ARQUITECTURA","Femenino",5001,"Antioquia","Medellín","Colombia","Urbana"
3607,2110,"COLEGIO MAYOR DE ANTIOQUIA",2025,2,"Antiguo",101313,"ARQUITECTURA","Masculino",5001,"Antioquia","Medellín","Colombia","Urbana"
3608,2110,"COLEGIO MAYOR DE ANTIOQUIA",2025,2,"Antiguo",101313,"ARQUITECTURA","Masculino",5001,"Antioquia","Carolina del Principe","Colombia","Urbana"
3609,2110,"COLEGIO MAYOR DE ANTIOQUIA",2025,2,"Antiguo",101313,"ARQUITECTURA","Masculino",5001,"Antioquia","Amagá","Colombia","Urbana"
3610,2110,"COLEGIO MAYOR DE ANTIOQUIA",2025,2,"Antiguo",101313,"ARQUITECTURA","Femenino",5001,"Antioquia","Guarne","Colombia","Urbana"
3611,2110,"COLEGIO MAYOR DE ANTIOQUIA",2025,2,"Antiguo",101313,"ARQUITECTURA","Masculino",5001,"Antioquia","Medellín","Colombia","Urbana"
3612,2110,"COLEGIO MAYOR DE ANTIOQUIA",2025,2,"Antiguo",101313,"ARQUITECTURA","Femenino",5001,"Antioquia","Medellín","Colombia","Urbana"
3613,2110,"COLEGIO MAYOR DE ANTIOQUIA",2025,2,"Antiguo",101313,"ARQUITECTURA","Femenino",5001,"Antioquia","Medellín","Colombia","Urbana"
3614,2110,"COLEGIO MAYOR DE ANTIOQUIA",2025,2,"Antiguo",101313,"ARQUITECTURA","Femenino",5001,"Antioquia","Bello","Colombia","Urbana"
3615,2110,"COLEGIO MAYOR DE ANTIOQUIA",2025,2,"Antiguo",101313,"ARQUITECTURA","Femenino",5001,"Antioquia","Itagüí","Colombia","Urbana"
3616,2110,"COLEGIO MAYOR DE ANTIOQUIA",2025,2,"Antiguo",101313,"ARQUITECTURA","Femenino",5001,"Antioquia","Medellín","Colombia","Urbana"
3617,2110,"COLEGIO MAYOR DE ANTIOQUIA",2025,2,"Antiguo",101313,"ARQUITECTURA","Masculino",5001,"Antioquia","Medellín","Colombia","Urbana"
3618,2110,"COLEGIO MAYOR DE ANTIOQUIA",2025,2,"Antiguo",101313,"ARQUITECTURA","Femenino",5001,"Antioquia","Medellín","Colombia","Urbana"
3619,2110,"COLEGIO MAYOR DE ANTIOQUIA",2025,2,"Antiguo",101313,"ARQUITECTURA","Femenino",5001,"Antioquia","Medellín","Colombia","Urbana"
3620,2110,"COLEGIO MAYOR DE ANTIOQUIA",2025,2,"Antiguo",101313,"ARQUITECTURA","Femenino",5001,"Antioquia","Medellín","Colombia","Urbana"
3621,2110,"COLEGIO MAYOR DE ANTIOQUIA",2025,2,"Antiguo",101313,"ARQUITECTURA","Masculino",5001,"Antioquia","Medellín","Colombia","Urbana"
3622,2110,"COLEGIO MAYOR DE ANTIOQUIA",2025,2,"Antiguo",101313,"ARQUITECTURA","Masculino",5001,"Antioquia","Medellín","Colombia","Urbana"
3623,2110,"COLEGIO MAYOR DE ANTIOQUIA",2025,2,"Antiguo",101313,"ARQUITECTURA","Femenino",5001,"Antioquia","Medellín","Colombia","Urbana"
3624,2110,"COLEGIO MAYOR DE ANTIOQUIA",2025,2,"Antiguo",101313,"ARQUITECTURA","Femenino",5001,"Antioquia","Jardín","Colombia","Urbana"
3625,2110,"COLEGIO MAYOR DE ANTIOQUIA",2025,2,"Antiguo",101313,"ARQUITECTURA","Femenino",5001,"Antioquia","Envigado","Colombia","Urbana"
3626,2110,"COLEGIO MAYOR DE ANTIOQUIA",2025,2,"Antiguo",101313,"ARQUITECTURA","Femenino",5001,"Antioquia","Bello","Colombia","Urbana"
3627,2110,"COLEGIO MAYOR DE ANTIOQUIA",2025,2,"Antiguo",101313,"ARQUITECTURA","Femenino",5001,"Antioquia","Medellín","Colombia","Urbana"
3628,2110,"COLEGIO MAYOR DE ANTIOQUIA",2025,2,"Antiguo",101313,"ARQUITECTURA","Femenino",5001,"Antioquia","Medellín","Colombia","Urbana"
3629,2110,"COLEGIO MAYOR DE ANTIOQUIA",2025,2,"Antiguo",101313,"ARQUITECTURA","Femenino",5001,"Antioquia","Medellín","Colombia","Urbana"
3630,2110,"COLEGIO MAYOR DE ANTIOQUIA",2025,2,"Antiguo",101313,"ARQUITECTURA","Masculino",5001,"Antioquia","Medellín","Colombia","Urbana"
3631,2110,"COLEGIO MAYOR DE ANTIOQUIA",2025,2,"Antiguo",101313,"ARQUITECTURA","Femenino",5001,"Antioquia","Medellín","Colombia","Urbana"
3632,2110,"COLEGIO MAYOR DE ANTIOQUIA",2025,2,"Antiguo",101313,"ARQUITECTURA","Masculino",5001,"Antioquia","Medellín","Colombia","Urbana"
3633,2110,"COLEGIO MAYOR DE ANTIOQUIA",2025,2,"Antiguo",101313,"ARQUITECTURA","Femenino",5001,"Antioquia","Bello","Colombia","Urbana"
3634,2110,"COLEGIO MAYOR DE ANTIOQUIA",2025,2,"Antiguo",101313,"ARQUITECTURA","Femenino",5001,"Antioquia","Medellín","Colombia","Urbana"
3635,2110,"COLEGIO MAYOR DE ANTIOQUIA",2025,2,"Antiguo",101313,"ARQUITECTURA","Masculino",5001,"Antioquia","Envigado","Colombia","Urbana"
3636,2110,"COLEGIO MAYOR DE ANTIOQUIA",2025,2,"Antiguo",101313,"ARQUITECTURA","Masculino",5001,"Antioquia","Medellín","Colombia","Urbana"
3637,2110,"COLEGIO MAYOR DE ANTIOQUIA",2025,2,"Antiguo",101313,"ARQUITECTURA","Femenino",5001,"Antioquia","Barbosa","Colombia","Urbana"
3638,2110,"COLEGIO MAYOR DE ANTIOQUIA",2025,2,"Antiguo",101313,"ARQUITECTURA","Masculino",5001,"Antioquia","Medellín","Colombia","Urbana"
3639,2110,"COLEGIO MAYOR DE ANTIOQUIA",2025,2,"Antiguo",101313,"ARQUITECTURA","Femenino",5001,"Antioquia","Medellín","Colombia","Urbana"
3640,2110,"COLEGIO MAYOR DE ANTIOQUIA",2025,2,"Antiguo",101313,"ARQUITECTURA","Masculino",5001,"Nariño","La Unión","Colombia","Urbana"
3641,2110,"COLEGIO MAYOR DE ANTIOQUIA",2025,2,"Antiguo",101313,"ARQUITECTURA","Femenino",5001,"Antioquia","Itagüí","Colombia","Urbana"
3642,2110,"COLEGIO MAYOR DE ANTIOQUIA",2025,2,"Antiguo",101313,"ARQUITECTURA","Femenino",5001,"Antioquia","Medellín","Colombia","Urbana"
3643,2110,"COLEGIO MAYOR DE ANTIOQUIA",2025,2,"Antiguo",101313,"ARQUITECTURA","Femenino",5001,"Antioquia","Medellín","Colombia","Urbana"
3644,2110,"COLEGIO MAYOR DE ANTIOQUIA",2025,2,"Antiguo",101313,"ARQUITECTURA","Femenino",5001,"Antioquia","Medellín","Colombia","Urbana"
3645,2110,"COLEGIO MAYOR DE ANTIOQUIA",2025,2,"Antiguo",101313,"ARQUITECTURA","Masculino",5001,"Antioquia","Burítica","Colombia","Urbana"
3646,2110,"COLEGIO MAYOR DE ANTIOQUIA",2025,2,"Antiguo",101313,"ARQUITECTURA","Masculino",5001,"Antioquia","Medellín","Colombia","Urbana"
3647,2110,"COLEGIO MAYOR DE ANTIOQUIA",2025,2,"Antiguo",101313,"ARQUITECTURA","Femenino",5001,"Antioquia","Bello","Colombia","Urbana"
3648,2110,"COLEGIO MAYOR DE ANTIOQUIA",2025,2,"Antiguo",101313,"ARQUITECTURA","Femenino",5001,"Antioquia","Bello","Colombia","Urbana"
3649,2110,"COLEGIO MAYOR DE ANTIOQUIA",2025,2,"Antiguo",101313,"ARQUITECTURA","Masculino",5001,"Antioquia","Medellín","Colombia","Urbana"
3650,2110,"COLEGIO MAYOR DE ANTIOQUIA",2025,2,"Antiguo",101313,"ARQUITECTURA","Masculino",5001,"Antioquia","Medellín","Colombia","Urbana"
3651,2110,"COLEGIO MAYOR DE ANTIOQUIA",2025,2,"Antiguo",101313,"ARQUITECTURA","Femenino",5001,"Antioquia","Medellín","Colombia","Urbana"
3652,2110,"COLEGIO MAYOR DE ANTIOQUIA",2025,2,"Antiguo",101313,"ARQUITECTURA","Femenino",5001,"La Guajira","Riohacha","Colombia","Urbana"
3653,2110,"COLEGIO MAYOR DE ANTIOQUIA",2025,2,"Antiguo",101313,"ARQUITECTURA","Masculino",5001,"Antioquia","Envigado","Colombia","Urbana"
3654,2110,"COLEGIO MAYOR DE ANTIOQUIA",2025,2,"Antiguo",101313,"ARQUITECTURA","Femenino",5001,"Antioquia","Medellín","Colombia","Urbana"
3655,2110,"COLEGIO MAYOR DE ANTIOQUIA",2025,2,"Antiguo",101313,"ARQUITECTURA","Masculino",5001,"Antioquia","Medellín","Colombia","Urbana"
3656,2110,"COLEGIO MAYOR DE ANTIOQUIA",2025,2,"Antiguo",101313,"ARQUITECTURA","Femenino",5001,"Antioquia","La Ceja","Colombia","Urbana"
3657,2110,"COLEGIO MAYOR DE ANTIOQUIA",2025,2,"Antiguo",101313,"ARQUITECTURA","Masculino",5001,"Antioquia","Medellín","Colombia","Urbana"
3658,2110,"COLEGIO MAYOR DE ANTIOQUIA",2025,2,"Antiguo",101313,"ARQUITECTURA","Femenino",5001,"Antioquia","Medellín","Colombia","Urbana"
3659,2110,"COLEGIO MAYOR DE ANTIOQUIA",2025,2,"Antiguo",101313,"ARQUITECTURA","Femenino",5001,"Antioquia","Medellín","Colombia","Urbana"
3660,2110,"COLEGIO MAYOR DE ANTIOQUIA",2025,2,"Antiguo",101313,"ARQUITECTURA","Masculino",5001,"Antioquia","Medellín","Colombia","Urbana"
3661,2110,"COLEGIO MAYOR DE ANTIOQUIA",2025,2,"Antiguo",101313,"ARQUITECTURA","Femenino",5001,"Antioquia","Medellín","Colombia","Urbana"
3662,2110,"COLEGIO MAYOR DE ANTIOQUIA",2025,2,"Antiguo",101313,"ARQUITECTURA","Masculino",5001,"Antioquia","Medellín","Colombia","Urbana"
3663,2110,"COLEGIO MAYOR DE ANTIOQUIA",2025,2,"Antiguo",101313,"ARQUITECTURA","Masculino",5001,"Antioquia","Medellín","Colombia","Urbana"
3664,2110,"COLEGIO MAYOR DE ANTIOQUIA",2025,2,"Antiguo",101313,"ARQUITECTURA","Femenino",5001,"Antioquia","Medellín","Colombia","Urbana"
3665,2110,"COLEGIO MAYOR DE ANTIOQUIA",2025,2,"Antiguo",101313,"ARQUITECTURA","Masculino",5001,"Antioquia","Medellín","Colombia","Urbana"
3666,2110,"COLEGIO MAYOR DE ANTIOQUIA",2025,2,"Antiguo",101313,"ARQUITECTURA","Masculino",5001,"Antioquia","Medellín","Colombia","Urbana"
3667,2110,"COLEGIO MAYOR DE ANTIOQUIA",2025,2,"Antiguo",101313,"ARQUITECTURA","Femenino",5001,"Antioquia","Santa Fé de Antioquia","Colombia","Urbana"
3668,2110,"COLEGIO MAYOR DE ANTIOQUIA",2025,2,"Antiguo",101313,"ARQUITECTURA","Masculino",5001,"Antioquia","Medellín","Colombia","Urbana"
3669,2110,"COLEGIO MAYOR DE ANTIOQUIA",2025,2,"Antiguo",101313,"ARQUITECTURA","Masculino",5001,"Antioquia","Medellín","Colombia","Urbana"
3670,2110,"COLEGIO MAYOR DE ANTIOQUIA",2025,2,"Antiguo",101313,"ARQUITECTURA","Femenino",5001,"Antioquia","Medellín","Colombia","Urbana"
3671,2110,"COLEGIO MAYOR DE ANTIOQUIA",2025,2,"Antiguo",101313,"ARQUITECTURA","Femenino",5001,"Antioquia","Medellín","Colombia","Urbana"
3672,2110,"COLEGIO MAYOR DE ANTIOQUIA",2025,2,"Antiguo",101313,"ARQUITECTURA","Femenino",5001,"Antioquia","Medellín","Colombia","Urbana"
3673,2110,"COLEGIO MAYOR DE ANTIOQUIA",2025,2,"Antiguo",101313,"ARQUITECTURA","Femenino",5001,"Antioquia","Medellín","Colombia","Urbana"
3674,2110,"COLEGIO MAYOR DE ANTIOQUIA",2025,2,"Antiguo",101313,"ARQUITECTURA","Masculino",5001,"Antioquia","Bello","Colombia","Urbana"
3675,2110,"COLEGIO MAYOR DE ANTIOQUIA",2025,2,"Antiguo",101313,"ARQUITECTURA","Femenino",5001,"Antioquia","Medellín","Colombia","Urbana"
3676,2110,"COLEGIO MAYOR DE ANTIOQUIA",2025,2,"Antiguo",101313,"ARQUITECTURA","Masculino",5001,"Antioquia","Medellín","Colombia","Urbana"
3677,2110,"COLEGIO MAYOR DE ANTIOQUIA",2025,2,"Antiguo",101313,"ARQUITECTURA","Femenino",5001,"Antioquia","Medellín","Colombia","Urbana"
3678,2110,"COLEGIO MAYOR DE ANTIOQUIA",2025,2,"Antiguo",101313,"ARQUITECTURA","Femenino",5001,"Antioquia","Envigado","Colombia","Urbana"
3679,2110,"COLEGIO MAYOR DE ANTIOQUIA",2025,2,"Antiguo",101313,"ARQUITECTURA","Masculino",5001,"Antioquia","Medellín","Colombia","Urbana"
3680,2110,"COLEGIO MAYOR DE ANTIOQUIA",2025,2,"Antiguo",101313,"ARQUITECTURA","Femenino",5001,"Antioquia","Medellín","Colombia","Urbana"
3681,2110,"COLEGIO MAYOR DE ANTIOQUIA",2025,2,"Antiguo",101313,"ARQUITECTURA","Masculino",5001,"Antioquia","El Carmen de Viboral","Colombia","Urbana"
3682,2110,"COLEGIO MAYOR DE ANTIOQUIA",2025,2,"Antiguo",101313,"ARQUITECTURA","Femenino",5001,"Antioquia","Medellín","Colombia","Urbana"
3683,2110,"COLEGIO MAYOR DE ANTIOQUIA",2025,2,"Antiguo",101313,"ARQUITECTURA","Masculino",5001,"Antioquia","Medellín","Colombia","Urbana"
3684,2110,"COLEGIO MAYOR DE ANTIOQUIA",2025,2,"Reingreso",101313,"ARQUITECTURA","Femenino",5001,"Antioquia","Sabaneta","Colombia","Urbana"
3685,2110,"COLEGIO MAYOR DE ANTIOQUIA",2025,2,"Reingreso",101313,"ARQUITECTURA","Femenino",5001,"Antioquia","Medellín","Colombia","Urbana"
3686,2110,"COLEGIO MAYOR DE ANTIOQUIA",2025,2,"Reingreso",101313,"ARQUITECTURA","Femenino",5001,"Antioquia","Medellín","Colombia","Urbana"
3687,2110,"COLEGIO MAYOR DE ANTIOQUIA",2025,2,"Reingreso",101313,"ARQUITECTURA","Masculino",5001,"Antioquia","Medellín","Colombia","Urbana"
3688,2110,"COLEGIO MAYOR DE ANTIOQUIA",2025,2,"Reingreso",101313,"ARQUITECTURA","Masculino",5001,"Antioquia","Medellín","Colombia","Urbana"
3689,2110,"COLEGIO MAYOR DE ANTIOQUIA",2025,2,"Reingreso",101313,"ARQUITECTURA","Masculino",5001,"Antioquia","Medellín","Colombia","Urbana"
3690,2110,"COLEGIO MAYOR DE ANTIOQUIA",2025,2,"Reingreso",101313,"ARQUITECTURA","Masculino",5001,"Antioquia","Medellín","Colombia","Urbana"
3691,2110,"COLEGIO MAYOR DE ANTIOQUIA",2025,2,"Reingreso",101313,"ARQUITECTURA","Masculino",5001,"Antioquia","Medellín","Colombia","Urbana"
3692,2110,"COLEGIO MAYOR DE ANTIOQUIA",2025,2,"Reingreso",101313,"ARQUITECTURA","Masculino",5001,"Antioquia","Medellín","Colombia","Urbana"
3693,2110,"COLEGIO MAYOR DE ANTIOQUIA",2025,2,"Reingreso",101313,"ARQUITECTURA","Femenino",5001,"Antioquia","Medellín","Colombia","Urbana"
3694,2110,"COLEGIO MAYOR DE ANTIOQUIA",2025,2,"Reingreso",101313,"ARQUITECTURA","Masculino",5001,"Antioquia","Medellín","Colombia","Urbana"
3695,2110,"COLEGIO MAYOR DE ANTIOQUIA",2025,2,"Reingreso",101313,"ARQUITECTURA","Femenino",5001,"Antioquia","Barbosa","Colombia","Urbana"
3696,2110,"COLEGIO MAYOR DE ANTIOQUIA",2025,2,"Reintegro",101313,"ARQUITECTURA","Femenino",5001,"Antioquia","Medellín","Colombia","Urbana"
3697,2110,"COLEGIO MAYOR DE ANTIOQUIA",2025,2,"Reintegro",101313,"ARQUITECTURA","Masculino",5001,"Antioquia","Medellín","Colombia","Urbana"
3698,2110,"COLEGIO MAYOR DE ANTIOQUIA",2025,2,"Reintegro",101313,"ARQUITECTURA","Femenino",5001,"Antioquia","Medellín","Colombia","Urbana"
3699,2110,"COLEGIO MAYOR DE ANTIOQUIA",2025,2,"Reintegro",101313,"ARQUITECTURA","Masculino",5001,"Antioquia","Medellín","Colombia","Urbana"
3700,2110,"COLEGIO MAYOR DE ANTIOQUIA",2025,2,"Nuevo",105850,"ESPECIALIZACIÓN EN GESTIÓN DEL RIESGO DE DESASTRES","Masculino",5001,"Antioquia","Caldas","Colombia","Urbana"
3701,2110,"COLEGIO MAYOR DE ANTIOQUIA",2025,2,"Nuevo",105850,"ESPECIALIZACIÓN EN GESTIÓN DEL RIESGO DE DESASTRES","Masculino",5001,"Antioquia","Bello","Colombia","Urbana"
3702,2110,"COLEGIO MAYOR DE ANTIOQUIA",2025,2,"Nuevo",105850,"ESPECIALIZACIÓN EN GESTIÓN DEL RIESGO DE DESASTRES","Masculino",5001,"Antioquia","Copacabana","Colombia","Urbana"
3703,2110,"COLEGIO MAYOR DE ANTIOQUIA",2025,2,"Nuevo",105850,"ESPECIALIZACIÓN EN GESTIÓN DEL RIESGO DE DESASTRES","Femenino",5001,"Antioquia","Medellín","Colombia","Urbana"
3704,2110,"COLEGIO MAYOR DE ANTIOQUIA",2025,2,"Nuevo",105850,"ESPECIALIZACIÓN EN GESTIÓN DEL RIESGO DE DESASTRES","Femenino",5001,"Antioquia","Bello","Colombia","Urbana"
3705,2110,"COLEGIO MAYOR DE ANTIOQUIA",2025,2,"Nuevo",105850,"ESPECIALIZACIÓN EN GESTIÓN DEL RIESGO DE DESASTRES","Femenino",5001,"Antioquia","Envigado","Colombia","Urbana"
3706,2110,"COLEGIO MAYOR DE ANTIOQUIA",2025,2,"Nuevo",105850,"ESPECIALIZACIÓN EN GESTIÓN DEL RIESGO DE DESASTRES","Masculino",5001,"Antioquia","Medellín","Colombia","Urbana"
3707,2110,"COLEGIO MAYOR DE ANTIOQUIA",2025,2,"Nuevo",105850,"ESPECIALIZACIÓN EN GESTIÓN DEL RIESGO DE DESASTRES","Femenino",5001,"Antioquia","Itagüí","Colombia","Urbana"
3708,2110,"COLEGIO MAYOR DE ANTIOQUIA",2025,2,"Nuevo",105850,"ESPECIALIZACIÓN EN GESTIÓN DEL RIESGO DE DESASTRES","Masculino",5001,"Antioquia","Medellín","Colombia","Urbana"
3709,2110,"COLEGIO MAYOR DE ANTIOQUIA",2025,2,"Nuevo",105850,"ESPECIALIZACIÓN EN GESTIÓN DEL RIESGO DE DESASTRES","Femenino",5001,"Antioquia","Medellín","Colombia","Urbana"
3710,2110,"COLEGIO MAYOR DE ANTIOQUIA",2025,2,"Nuevo",105850,"ESPECIALIZACIÓN EN GESTIÓN DEL RIESGO DE DESASTRES","Masculino",5001,"Antioquia","Envigado","Colombia","Urbana"
3711,2110,"COLEGIO MAYOR DE ANTIOQUIA",2025,2,"Nuevo",105850,"ESPECIALIZACIÓN EN GESTIÓN DEL RIESGO DE DESASTRES","Femenino",5001,"Antioquia","Medellín","Colombia","Urbana"
3712,2110,"COLEGIO MAYOR DE ANTIOQUIA",2025,2,"Antiguo",105850,"ESPECIALIZACIÓN EN GESTIÓN DEL RIESGO DE DESASTRES","Femenino",5001,"Antioquia","Medellín","Colombia","Urbana"
3713,2110,"COLEGIO MAYOR DE ANTIOQUIA",2025,2,"Reintegro",105850,"ESPECIALIZACIÓN EN GESTIÓN DEL RIESGO DE DESASTRES","Masculino",5001,"Antioquia","Envigado","Colombia","Urbana"
3714,2110,"COLEGIO MAYOR DE ANTIOQUIA",2025,2,"Antiguo",106102,"TECNOLOGIA EN GESTION AMBIENTAL (VIRTUAL)","Femenino",5001,"Antioquia","Bello","Colombia","Urbana"
3715,2110,"COLEGIO MAYOR DE ANTIOQUIA",2025,2,"Antiguo",106102,"TECNOLOGIA EN GESTION AMBIENTAL (VIRTUAL)","Masculino",5001,"Antioquia","Amalfi","Colombia","Urbana"
3716,2110,"COLEGIO MAYOR DE ANTIOQUIA",2025,2,"Antiguo",106102,"TECNOLOGIA EN GESTION AMBIENTAL (VIRTUAL)","Femenino",5001,"Antioquia","Medellín","Colombia","Urbana"
3717,2110,"COLEGIO MAYOR DE ANTIOQUIA",2025,2,"Antiguo",106102,"TECNOLOGIA EN GESTION AMBIENTAL (VIRTUAL)","Femenino",5001,"Antioquia","Yarumal","Colombia","Urbana"
3718,2110,"COLEGIO MAYOR DE ANTIOQUIA",2025,2,"Antiguo",106102,"TECNOLOGIA EN GESTION AMBIENTAL (VIRTUAL)","Masculino",5001,"Antioquia","Bello","Colombia","Urbana"
3719,2110,"COLEGIO MAYOR DE ANTIOQUIA",2025,2,"Antiguo",106102,"TECNOLOGIA EN GESTION AMBIENTAL (VIRTUAL)","Femenino",5001,"Antioquia","Medellín","Colombia","Urbana"
3720,2110,"COLEGIO MAYOR DE ANTIOQUIA",2025,2,"Antiguo",106102,"TECNOLOGIA EN GESTION AMBIENTAL (VIRTUAL)","Masculino",5001,"Antioquia","Medellín","Colombia","Urbana"
3721,2110,"COLEGIO MAYOR DE ANTIOQUIA",2025,2,"Antiguo",106102,"TECNOLOGIA EN GESTION AMBIENTAL (VIRTUAL)","Femenino",5001,"Antioquia","Salgar","Colombia","Urbana"
3722,2110,"COLEGIO MAYOR DE ANTIOQUIA",2025,2,"Antiguo",106102,"TECNOLOGIA EN GESTION AMBIENTAL (VIRTUAL)","Masculino",5001,"Antioquia","Medellín","Colombia","Urbana"
3723,2110,"COLEGIO MAYOR DE ANTIOQUIA",2025,2,"Antiguo",106102,"TECNOLOGIA EN GESTION AMBIENTAL (VIRTUAL)","Masculino",5001,"Antioquia","Medellín","Colombia","Urbana"
3724,2110,"COLEGIO MAYOR DE ANTIOQUIA",2025,2,"Antiguo",106102,"TECNOLOGIA EN GESTION AMBIENTAL (VIRTUAL)","Masculino",5001,"Antioquia","Andes","Colombia","Urbana"
3725,2110,"COLEGIO MAYOR DE ANTIOQUIA",2025,2,"Antiguo",106102,"TECNOLOGIA EN GESTION AMBIENTAL (VIRTUAL)","Masculino",5001,"Antioquia","Medellín","Colombia","Urbana"
3726,2110,"COLEGIO MAYOR DE ANTIOQUIA",2025,2,"Antiguo",106102,"TECNOLOGIA EN GESTION AMBIENTAL (VIRTUAL)","Masculino",5001,"Antioquia","Bello","Colombia","Urbana"
3727,2110,"COLEGIO MAYOR DE ANTIOQUIA",2025,2,"Antiguo",106102,"TECNOLOGIA EN GESTION AMBIENTAL (VIRTUAL)","Femenino",5001,"Antioquia","Amalfi","Colombia","Urbana"
3728,2110,"COLEGIO MAYOR DE ANTIOQUIA",2025,2,"Antiguo",106102,"TECNOLOGIA EN GESTION AMBIENTAL (VIRTUAL)","Femenino",5001,"Antioquia","Salgar","Colombia","Urbana"
3729,2110,"COLEGIO MAYOR DE ANTIOQUIA",2025,2,"Antiguo",106102,"TECNOLOGIA EN GESTION AMBIENTAL (VIRTUAL)","Femenino",5001,"Antioquia","Yolombó","Colombia","Urbana"
3730,2110,"COLEGIO MAYOR DE ANTIOQUIA",2025,2,"Antiguo",106102,"TECNOLOGIA EN GESTION AMBIENTAL (VIRTUAL)","Femenino",5001,"Bolívar","Magangué","Colombia","Urbana"
3731,2110,"COLEGIO MAYOR DE ANTIOQUIA",2025,2,"Antiguo",106102,"TECNOLOGIA EN GESTION AMBIENTAL (VIRTUAL)","Femenino",5001,"Antioquia","Medellín","Colombia","Urbana"
3732,2110,"COLEGIO MAYOR DE ANTIOQUIA",2025,2,"Antiguo",106102,"TECNOLOGIA EN GESTION AMBIENTAL (VIRTUAL)","Femenino",5001,"Antioquia","Medellín","Colombia","Urbana"
3733,2110,"COLEGIO MAYOR DE ANTIOQUIA",2025,2,"Antiguo",106102,"TECNOLOGIA EN GESTION AMBIENTAL (VIRTUAL)","Femenino",5001,"Antioquia","Medellín","Colombia","Urbana"
3734,2110,"COLEGIO MAYOR DE ANTIOQUIA",2025,2,"Antiguo",106102,"TECNOLOGIA EN GESTION AMBIENTAL (VIRTUAL)","Masculino",5001,"Antioquia","Andes","Colombia","Urbana"
3735,2110,"COLEGIO MAYOR DE ANTIOQUIA",2025,2,"Antiguo",106102,"TECNOLOGIA EN GESTION AMBIENTAL (VIRTUAL)","Femenino",5001,"Antioquia","Andes","Colombia","Urbana"
3736,2110,"COLEGIO MAYOR DE ANTIOQUIA",2025,2,"Antiguo",106102,"TECNOLOGIA EN GESTION AMBIENTAL (VIRTUAL)","Femenino",5001,"Antioquia","Salgar","Colombia","Urbana"
3737,2110,"COLEGIO MAYOR DE ANTIOQUIA",2025,2,"Antiguo",106102,"TECNOLOGIA EN GESTION AMBIENTAL (VIRTUAL)","Femenino",5001,"Antioquia","Medellín","Colombia","Urbana"
3738,2110,"COLEGIO MAYOR DE ANTIOQUIA",2025,2,"Antiguo",106102,"TECNOLOGIA EN GESTION AMBIENTAL (VIRTUAL)","Femenino",5001,"Antioquia","Medellín","Colombia","Urbana"
3739,2110,"COLEGIO MAYOR DE ANTIOQUIA",2025,2,"Antiguo",106102,"TECNOLOGIA EN GESTION AMBIENTAL (VIRTUAL)","Masculino",5001,"Antioquia","Salgar","Colombia","Urbana"
3740,2110,"COLEGIO MAYOR DE ANTIOQUIA",2025,2,"Antiguo",106102,"TECNOLOGIA EN GESTION AMBIENTAL (VIRTUAL)","Masculino",5001,"Antioquia","Medellín","Colombia","Urbana"
3741,2110,"COLEGIO MAYOR DE ANTIOQUIA",2025,2,"Antiguo",106102,"TECNOLOGIA EN GESTION AMBIENTAL (VIRTUAL)","Femenino",5001,"Antioquia","Medellín","Colombia","Urbana"
3742,2110,"COLEGIO MAYOR DE ANTIOQUIA",2025,2,"Antiguo",106102,"TECNOLOGIA EN GESTION AMBIENTAL (VIRTUAL)","Femenino",5001,"Antioquia","Medellín","Colombia","Urbana"
3743,2110,"COLEGIO MAYOR DE ANTIOQUIA",2025,2,"Antiguo",106102,"TECNOLOGIA EN GESTION AMBIENTAL (VIRTUAL)","Masculino",5001,"Antioquia","Medellín","Colombia","Urbana"
3744,2110,"COLEGIO MAYOR DE ANTIOQUIA",2025,2,"Antiguo",106102,"TECNOLOGIA EN GESTION AMBIENTAL (VIRTUAL)","Femenino",5001,"Antioquia","Andes","Colombia","Urbana"
3745,2110,"COLEGIO MAYOR DE ANTIOQUIA",2025,2,"Antiguo",106102,"TECNOLOGIA EN GESTION AMBIENTAL (VIRTUAL)","Femenino",5001,"Antioquia","Salgar","Colombia","Urbana"
3746,2110,"COLEGIO MAYOR DE ANTIOQUIA",2025,2,"Antiguo",106102,"TECNOLOGIA EN GESTION AMBIENTAL (VIRTUAL)","Femenino",5001,"Antioquia","Anorí","Colombia","Urbana"
3747,2110,"COLEGIO MAYOR DE ANTIOQUIA",2025,2,"Nuevo",106102,"TECNOLOGIA EN GESTION AMBIENTAL (VIRTUAL)","Femenino",5001,"Antioquia","Amagá","Colombia","Urbana"
3748,2110,"COLEGIO MAYOR DE ANTIOQUIA",2025,2,"Nuevo",106102,"TECNOLOGIA EN GESTION AMBIENTAL (VIRTUAL)","Masculino",5001,"Antioquia","La Estrella","Colombia","Urbana"
3749,2110,"COLEGIO MAYOR DE ANTIOQUIA",2025,2,"Nuevo",106102,"TECNOLOGIA EN GESTION AMBIENTAL (VIRTUAL)","Masculino",5001,"Antioquia","Medellín","Colombia","Urbana"
3750,2110,"COLEGIO MAYOR DE ANTIOQUIA",2025,2,"Nuevo",106102,"TECNOLOGIA EN GESTION AMBIENTAL (VIRTUAL)","Femenino",5001,"Antioquia","Toledo","Colombia","Urbana"
3751,2110,"COLEGIO MAYOR DE ANTIOQUIA",2025,2,"Nuevo",106102,"TECNOLOGIA EN GESTION AMBIENTAL (VIRTUAL)","Femenino",5001,"Antioquia","El Carmen de Viboral","Colombia","Urbana"
3752,2110,"COLEGIO MAYOR DE ANTIOQUIA",2025,2,"Nuevo",106102,"TECNOLOGIA EN GESTION AMBIENTAL (VIRTUAL)","Femenino",5001,"Antioquia","Apartadó","Colombia","Urbana"
3753,2110,"COLEGIO MAYOR DE ANTIOQUIA",2025,2,"Nuevo",106102,"TECNOLOGIA EN GESTION AMBIENTAL (VIRTUAL)","Femenino",5001,"Antioquia","Medellín","Colombia","Urbana"
3754,2110,"COLEGIO MAYOR DE ANTIOQUIA",2025,2,"Nuevo",106102,"TECNOLOGIA EN GESTION AMBIENTAL (VIRTUAL)","Femenino",5001,"Antioquia","San Pedro de Urabá","Colombia","Urbana"
3755,2110,"COLEGIO MAYOR DE ANTIOQUIA",2025,2,"Nuevo",106102,"TECNOLOGIA EN GESTION AMBIENTAL (VIRTUAL)","Femenino",5001,"Antioquia","Toledo","Colombia","Urbana"
3756,2110,"COLEGIO MAYOR DE ANTIOQUIA",2025,2,"Nuevo",106102,"TECNOLOGIA EN GESTION AMBIENTAL (VIRTUAL)","Masculino",5001,"Antioquia","San Rafael","Colombia","Urbana"
3757,2110,"COLEGIO MAYOR DE ANTIOQUIA",2025,2,"Nuevo",106102,"TECNOLOGIA EN GESTION AMBIENTAL (VIRTUAL)","Femenino",5001,"Antioquia","Medellín","Colombia","Urbana"
3758,2110,"COLEGIO MAYOR DE ANTIOQUIA",2025,2,"Nuevo",106102,"TECNOLOGIA EN GESTION AMBIENTAL (VIRTUAL)","Femenino",5001,"Antioquia","Carepa","Colombia","Urbana"
3759,2110,"COLEGIO MAYOR DE ANTIOQUIA",2025,2,"Nuevo",106102,"TECNOLOGIA EN GESTION AMBIENTAL (VIRTUAL)","Femenino",5001,"Atlántico","Soledad","Colombia","Urbana"
3760,2110,"COLEGIO MAYOR DE ANTIOQUIA",2025,2,"Nuevo",106102,"TECNOLOGIA EN GESTION AMBIENTAL (VIRTUAL)","Masculino",5001,"Antioquia","San Francisco","Colombia","Urbana"
3761,2110,"COLEGIO MAYOR DE ANTIOQUIA",2025,2,"Nuevo",106102,"TECNOLOGIA EN GESTION AMBIENTAL (VIRTUAL)","Femenino",5001,"Antioquia","San Francisco","Colombia","Urbana"
3762,2110,"COLEGIO MAYOR DE ANTIOQUIA",2025,2,"Nuevo",106102,"TECNOLOGIA EN GESTION AMBIENTAL (VIRTUAL)","Femenino",5001,"Antioquia","Peñol","Colombia","Urbana"
3763,2110,"COLEGIO MAYOR DE ANTIOQUIA",2025,2,"Nuevo",106102,"TECNOLOGIA EN GESTION AMBIENTAL (VIRTUAL)","Masculino",5001,"Antioquia","Sabaneta","Colombia","Urbana"
3764,2110,"COLEGIO MAYOR DE ANTIOQUIA",2025,2,"Nuevo",106102,"TECNOLOGIA EN GESTION AMBIENTAL (VIRTUAL)","Femenino",5001,"Antioquia","Santo Domingo","Colombia","Urbana"
3765,2110,"COLEGIO MAYOR DE ANTIOQUIA",2025,2,"Nuevo",106102,"TECNOLOGIA EN GESTION AMBIENTAL (VIRTUAL)","Femenino",5001,"Antioquia","San Carlos","Colombia","Urbana"
3766,2110,"COLEGIO MAYOR DE ANTIOQUIA",2025,2,"Nuevo",106102,"TECNOLOGIA EN GESTION AMBIENTAL (VIRTUAL)","Femenino",5001,"Antioquia","Peque","Colombia","Urbana"
3767,2110,"COLEGIO MAYOR DE ANTIOQUIA",2025,2,"Nuevo",106102,"TECNOLOGIA EN GESTION AMBIENTAL (VIRTUAL)","Masculino",5001,"Antioquia","Caldas","Colombia","Urbana"
3768,2110,"COLEGIO MAYOR DE ANTIOQUIA",2025,2,"Nuevo",106102,"TECNOLOGIA EN GESTION AMBIENTAL (VIRTUAL)","Femenino",5001,"Antioquia","El Carmen de Viboral","Colombia","Urbana"
3769,2110,"COLEGIO MAYOR DE ANTIOQUIA",2025,2,"Nuevo",106102,"TECNOLOGIA EN GESTION AMBIENTAL (VIRTUAL)","Femenino",5001,"Antioquia","El Carmen de Viboral","Colombia","Urbana"
3770,2110,"COLEGIO MAYOR DE ANTIOQUIA",2025,2,"Nuevo",106102,"TECNOLOGIA EN GESTION AMBIENTAL (VIRTUAL)","Masculino",5001,"Antioquia","San Pedro de Urabá","Colombia","Urbana"
3771,2110,"COLEGIO MAYOR DE ANTIOQUIA",2025,2,"Nuevo",106102,"TECNOLOGIA EN GESTION AMBIENTAL (VIRTUAL)","Femenino",5001,"Córdoba","Montelíbano","Colombia","Urbana"
3772,2110,"COLEGIO MAYOR DE ANTIOQUIA",2025,2,"Nuevo",106102,"TECNOLOGIA EN GESTION AMBIENTAL (VIRTUAL)","Masculino",5001,"Antioquia","Zaragoza","Colombia","Urbana"
3773,2110,"COLEGIO MAYOR DE ANTIOQUIA",2025,2,"Nuevo",106102,"TECNOLOGIA EN GESTION AMBIENTAL (VIRTUAL)","Masculino",5001,"Antioquia","Copacabana","Colombia","Urbana"
3774,2110,"COLEGIO MAYOR DE ANTIOQUIA",2025,2,"Nuevo",106102,"TECNOLOGIA EN GESTION AMBIENTAL (VIRTUAL)","Femenino",5001,"Antioquia","Carepa","Colombia","Urbana"
3775,2110,"COLEGIO MAYOR DE ANTIOQUIA",2025,2,"Nuevo",106102,"TECNOLOGIA EN GESTION AMBIENTAL (VIRTUAL)","Masculino",5001,"Antioquia","Peque","Colombia","Urbana"
3776,2110,"COLEGIO MAYOR DE ANTIOQUIA",2025,2,"Nuevo",106102,"TECNOLOGIA EN GESTION AMBIENTAL (VIRTUAL)","Masculino",5001,"Antioquia","Apartadó","Colombia","Urbana"
3777,2110,"COLEGIO MAYOR DE ANTIOQUIA",2025,2,"Nuevo",106102,"TECNOLOGIA EN GESTION AMBIENTAL (VIRTUAL)","Masculino",5001,"Antioquia","Tarazá","Colombia","Urbana"
3778,2110,"COLEGIO MAYOR DE ANTIOQUIA",2025,2,"Nuevo",106102,"TECNOLOGIA EN GESTION AMBIENTAL (VIRTUAL)","Femenino",5001,"Antioquia","Cocorná","Colombia","Urbana"
3779,2110,"COLEGIO MAYOR DE ANTIOQUIA",2025,2,"Nuevo",106102,"TECNOLOGIA EN GESTION AMBIENTAL (VIRTUAL)","Femenino",5001,"Antioquia","La Ceja","Colombia","Urbana"
3780,2110,"COLEGIO MAYOR DE ANTIOQUIA",2025,2,"Nuevo",106102,"TECNOLOGIA EN GESTION AMBIENTAL (VIRTUAL)","Masculino",5001,"Antioquia","Chigorodó","Colombia","Urbana"
3781,2110,"COLEGIO MAYOR DE ANTIOQUIA",2025,2,"Nuevo",106102,"TECNOLOGIA EN GESTION AMBIENTAL (VIRTUAL)","Femenino",5001,"Antioquia","Apartadó","Colombia","Urbana"
3782,2110,"COLEGIO MAYOR DE ANTIOQUIA",2025,2,"Nuevo",106102,"TECNOLOGIA EN GESTION AMBIENTAL (VIRTUAL)","Femenino",5001,"Antioquia","Medellín","Colombia","Urbana"
3783,2110,"COLEGIO MAYOR DE ANTIOQUIA",2025,2,"Nuevo",106102,"TECNOLOGIA EN GESTION AMBIENTAL (VIRTUAL)","Femenino",5001,"Antioquia","Turbo","Colombia","Urbana"
3784,2110,"COLEGIO MAYOR DE ANTIOQUIA",2025,2,"Nuevo",106102,"TECNOLOGIA EN GESTION AMBIENTAL (VIRTUAL)","Masculino",5001,"Antioquia","Toledo","Colombia","Urbana"
3785,2110,"COLEGIO MAYOR DE ANTIOQUIA",2025,2,"Nuevo",106102,"TECNOLOGIA EN GESTION AMBIENTAL (VIRTUAL)","Femenino",5001,"Antioquia","San Francisco","Colombia","Urbana"
3786,2110,"COLEGIO MAYOR DE ANTIOQUIA",2025,2,"Nuevo",106102,"TECNOLOGIA EN GESTION AMBIENTAL (VIRTUAL)","Femenino",5001,"Antioquia","San Francisco","Colombia","Urbana"
3787,2110,"COLEGIO MAYOR DE ANTIOQUIA",2025,2,"Transferencia interna",106102,"TECNOLOGIA EN GESTION AMBIENTAL (VIRTUAL)","Femenino",5001,"Antioquia","Itagüí","Colombia","Urbana"
3788,2110,"COLEGIO MAYOR DE ANTIOQUIA",2025,2,"Antiguo",106102,"TECNOLOGIA EN GESTION AMBIENTAL (VIRTUAL)","Femenino",5001,"Antioquia","Támesis","Colombia","Urbana"
3789,2110,"COLEGIO MAYOR DE ANTIOQUIA",2025,2,"Antiguo",106102,"TECNOLOGIA EN GESTION AMBIENTAL (VIRTUAL)","Masculino",5001,"Antioquia","Gómez Plata","Colombia","Urbana"
3790,2110,"COLEGIO MAYOR DE ANTIOQUIA",2025,2,"Antiguo",106102,"TECNOLOGIA EN GESTION AMBIENTAL (VIRTUAL)","Femenino",5001,"Antioquia","Támesis","Colombia","Urbana"
3791,2110,"COLEGIO MAYOR DE ANTIOQUIA",2025,2,"Antiguo",106102,"TECNOLOGIA EN GESTION AMBIENTAL (VIRTUAL)","Femenino",5001,"Antioquia","San Pedro de Urabá","Colombia","Urbana"
3792,2110,"COLEGIO MAYOR DE ANTIOQUIA",2025,2,"Antiguo",106102,"TECNOLOGIA EN GESTION AMBIENTAL (VIRTUAL)","Femenino",5001,"Antioquia","San Pedro de Urabá","Colombia","Urbana"
3793,2110,"COLEGIO MAYOR DE ANTIOQUIA",2025,2,"Antiguo",106102,"TECNOLOGIA EN GESTION AMBIENTAL (VIRTUAL)","Femenino",5001,"Antioquia","San Pedro de Urabá","Colombia","Urbana"
3794,2110,"COLEGIO MAYOR DE ANTIOQUIA",2025,2,"Antiguo",106102,"TECNOLOGIA EN GESTION AMBIENTAL (VIRTUAL)","Femenino",5001,"Antioquia","Medellín","Colombia","Urbana"
3795,2110,"COLEGIO MAYOR DE ANTIOQUIA",2025,2,"Antiguo",106102,"TECNOLOGIA EN GESTION AMBIENTAL (VIRTUAL)","Femenino",5001,"Antioquia","Itagüí","Colombia","Urbana"
3796,2110,"COLEGIO MAYOR DE ANTIOQUIA",2025,2,"Antiguo",106102,"TECNOLOGIA EN GESTION AMBIENTAL (VIRTUAL)","Femenino",5001,"Antioquia","Bello","Colombia","Urbana"
3797,2110,"COLEGIO MAYOR DE ANTIOQUIA",2025,2,"Antiguo",106102,"TECNOLOGIA EN GESTION AMBIENTAL (VIRTUAL)","Masculino",5001,"Antioquia","Medellín","Colombia","Urbana"
3798,2110,"COLEGIO MAYOR DE ANTIOQUIA",2025,2,"Antiguo",106102,"TECNOLOGIA EN GESTION AMBIENTAL (VIRTUAL)","Femenino",5001,"Antioquia","San Pedro de Urabá","Colombia","Urbana"
3799,2110,"COLEGIO MAYOR DE ANTIOQUIA",2025,2,"Antiguo",106102,"TECNOLOGIA EN GESTION AMBIENTAL (VIRTUAL)","Masculino",5001,"Antioquia","Santa Rosa de Osos","Colombia","Urbana"
3800,2110,"COLEGIO MAYOR DE ANTIOQUIA",2025,2,"Antiguo",106102,"TECNOLOGIA EN GESTION AMBIENTAL (VIRTUAL)","Femenino",5001,"Antioquia","Titiribí","Colombia","Urbana"
3801,2110,"COLEGIO MAYOR DE ANTIOQUIA",2025,2,"Antiguo",106102,"TECNOLOGIA EN GESTION AMBIENTAL (VIRTUAL)","Masculino",5001,"Antioquia","Támesis","Colombia","Urbana"
3802,2110,"COLEGIO MAYOR DE ANTIOQUIA",2025,2,"Antiguo",106102,"TECNOLOGIA EN GESTION AMBIENTAL (VIRTUAL)","Femenino",5001,"Antioquia","San Pedro de Urabá","Colombia","Urbana"
3803,2110,"COLEGIO MAYOR DE ANTIOQUIA",2025,2,"Antiguo",106102,"TECNOLOGIA EN GESTION AMBIENTAL (VIRTUAL)","Femenino",5001,"Antioquia","Maceo","Colombia","Urbana"
3804,2110,"COLEGIO MAYOR DE ANTIOQUIA",2025,2,"Antiguo",106102,"TECNOLOGIA EN GESTION AMBIENTAL (VIRTUAL)","Femenino",5001,"Antioquia","Titiribí","Colombia","Urbana"
3805,2110,"COLEGIO MAYOR DE ANTIOQUIA",2025,2,"Antiguo",106102,"TECNOLOGIA EN GESTION AMBIENTAL (VIRTUAL)","Femenino",5001,"Antioquia","Medellín","Colombia","Urbana"
3806,2110,"COLEGIO MAYOR DE ANTIOQUIA",2025,2,"Antiguo",106102,"TECNOLOGIA EN GESTION AMBIENTAL (VIRTUAL)","Femenino",5001,"Antioquia","San Pedro de Urabá","Colombia","Urbana"
3807,2110,"COLEGIO MAYOR DE ANTIOQUIA",2025,2,"Antiguo",106102,"TECNOLOGIA EN GESTION AMBIENTAL (VIRTUAL)","Femenino",5001,"Chocó","Acandí","Colombia","Urbana"
3808,2110,"COLEGIO MAYOR DE ANTIOQUIA",2025,2,"Antiguo",106102,"TECNOLOGIA EN GESTION AMBIENTAL (VIRTUAL)","Femenino",5001,"Antioquia","San Pedro de Urabá","Colombia","Urbana"
3809,2110,"COLEGIO MAYOR DE ANTIOQUIA",2025,2,"Antiguo",106102,"TECNOLOGIA EN GESTION AMBIENTAL (VIRTUAL)","Femenino",5001,"Antioquia","Jardín","Colombia","Urbana"
3810,2110,"COLEGIO MAYOR DE ANTIOQUIA",2025,2,"Antiguo",106102,"TECNOLOGIA EN GESTION AMBIENTAL (VIRTUAL)","Femenino",5001,"Córdoba","Monteria","Colombia","Urbana"
3811,2110,"COLEGIO MAYOR DE ANTIOQUIA",2025,2,"Antiguo",106102,"TECNOLOGIA EN GESTION AMBIENTAL (VIRTUAL)","Femenino",5001,"Antioquia","Puerto Berrío","Colombia","Urbana"
3812,2110,"COLEGIO MAYOR DE ANTIOQUIA",2025,2,"Antiguo",106102,"TECNOLOGIA EN GESTION AMBIENTAL (VIRTUAL)","Femenino",5001,"Antioquia","Jardín","Colombia","Urbana"
3813,2110,"COLEGIO MAYOR DE ANTIOQUIA",2025,2,"Antiguo",106102,"TECNOLOGIA EN GESTION AMBIENTAL (VIRTUAL)","Femenino",5001,"Antioquia","San Pedro de Urabá","Colombia","Urbana"
3814,2110,"COLEGIO MAYOR DE ANTIOQUIA",2025,2,"Antiguo",106102,"TECNOLOGIA EN GESTION AMBIENTAL (VIRTUAL)","Masculino",5001,"Antioquia","Medellín","Colombia","Urbana"
3815,2110,"COLEGIO MAYOR DE ANTIOQUIA",2025,2,"Antiguo",106102,"TECNOLOGIA EN GESTION AMBIENTAL (VIRTUAL)","Masculino",5001,"Antioquia","Támesis","Colombia","Urbana"
3816,2110,"COLEGIO MAYOR DE ANTIOQUIA",2025,2,"Antiguo",106102,"TECNOLOGIA EN GESTION AMBIENTAL (VIRTUAL)","Femenino",5001,"Antioquia","Nechí","Colombia","Urbana"
3817,2110,"COLEGIO MAYOR DE ANTIOQUIA",2025,2,"Antiguo",106102,"TECNOLOGIA EN GESTION AMBIENTAL (VIRTUAL)","Femenino",5001,"Antioquia","Anorí","Colombia","Urbana"
3818,2110,"COLEGIO MAYOR DE ANTIOQUIA",2025,2,"Antiguo",106102,"TECNOLOGIA EN GESTION AMBIENTAL (VIRTUAL)","Masculino",5001,"Antioquia","San Roque","Colombia","Urbana"
3819,2110,"COLEGIO MAYOR DE ANTIOQUIA",2025,2,"Antiguo",106102,"TECNOLOGIA EN GESTION AMBIENTAL (VIRTUAL)","Femenino",5001,"Antioquia","Támesis","Colombia","Urbana"
3820,2110,"COLEGIO MAYOR DE ANTIOQUIA",2025,2,"Antiguo",106102,"TECNOLOGIA EN GESTION AMBIENTAL (VIRTUAL)","Femenino",5001,"Antioquia","Medellín","Colombia","Urbana"
3821,2110,"COLEGIO MAYOR DE ANTIOQUIA",2025,2,"Antiguo",106102,"TECNOLOGIA EN GESTION AMBIENTAL (VIRTUAL)","Femenino",5001,"Antioquia","San Pedro de Urabá","Colombia","Urbana"
3822,2110,"COLEGIO MAYOR DE ANTIOQUIA",2025,2,"Antiguo",106102,"TECNOLOGIA EN GESTION AMBIENTAL (VIRTUAL)","Femenino",5001,"Antioquia","San Pedro de Urabá","Colombia","Urbana"
3823,2110,"COLEGIO MAYOR DE ANTIOQUIA",2025,2,"Antiguo",106102,"TECNOLOGIA EN GESTION AMBIENTAL (VIRTUAL)","Femenino",5001,"Antioquia","Cisneros","Colombia","Urbana"
3824,2110,"COLEGIO MAYOR DE ANTIOQUIA",2025,2,"Antiguo",106102,"TECNOLOGIA EN GESTION AMBIENTAL (VIRTUAL)","Femenino",5001,"Antioquia","Caldas","Colombia","Urbana"
3825,2110,"COLEGIO MAYOR DE ANTIOQUIA",2025,2,"Antiguo",106102,"TECNOLOGIA EN GESTION AMBIENTAL (VIRTUAL)","Masculino",5001,"Antioquia","San Pedro de Urabá","Colombia","Urbana"
3826,2110,"COLEGIO MAYOR DE ANTIOQUIA",2025,2,"Antiguo",106102,"TECNOLOGIA EN GESTION AMBIENTAL (VIRTUAL)","Femenino",5001,"Antioquia","Medellín","Colombia","Urbana"
3827,2110,"COLEGIO MAYOR DE ANTIOQUIA",2025,2,"Antiguo",106102,"TECNOLOGIA EN GESTION AMBIENTAL (VIRTUAL)","Femenino",5001,"Antioquia","Medellín","Colombia","Urbana"
3828,2110,"COLEGIO MAYOR DE ANTIOQUIA",2025,2,"Antiguo",106102,"TECNOLOGIA EN GESTION AMBIENTAL (VIRTUAL)","Femenino",5001,"Antioquia","Támesis","Colombia","Urbana"
3829,2110,"COLEGIO MAYOR DE ANTIOQUIA",2025,2,"Antiguo",106102,"TECNOLOGIA EN GESTION AMBIENTAL (VIRTUAL)","Masculino",5001,"Chocó","Carmen del Darién (CURBARADÓ)","Colombia","Urbana"
3830,2110,"COLEGIO MAYOR DE ANTIOQUIA",2025,2,"Antiguo",106102,"TECNOLOGIA EN GESTION AMBIENTAL (VIRTUAL)","Femenino",5001,"Antioquia","Barbosa","Colombia","Urbana"
3831,2110,"COLEGIO MAYOR DE ANTIOQUIA",2025,2,"Antiguo",106102,"TECNOLOGIA EN GESTION AMBIENTAL (VIRTUAL)","Femenino",5001,"Antioquia","Titiribí","Colombia","Urbana"
3832,2110,"COLEGIO MAYOR DE ANTIOQUIA",2025,2,"Antiguo",106102,"TECNOLOGIA EN GESTION AMBIENTAL (VIRTUAL)","Femenino",5001,"Antioquia","San Roque","Colombia","Urbana"
3833,2110,"COLEGIO MAYOR DE ANTIOQUIA",2025,2,"Antiguo",106102,"TECNOLOGIA EN GESTION AMBIENTAL (VIRTUAL)","Femenino",5001,"Antioquia","Anorí","Colombia","Urbana"
3834,2110,"COLEGIO MAYOR DE ANTIOQUIA",2025,2,"Antiguo",106102,"TECNOLOGIA EN GESTION AMBIENTAL (VIRTUAL)","Masculino",5001,"Antioquia","Bello","Colombia","Urbana"
3835,2110,"COLEGIO MAYOR DE ANTIOQUIA",2025,2,"Antiguo",106102,"TECNOLOGIA EN GESTION AMBIENTAL (VIRTUAL)","Masculino",5001,"Antioquia","San Pedro de Urabá","Colombia","Urbana"
3836,2110,"COLEGIO MAYOR DE ANTIOQUIA",2025,2,"Antiguo",106102,"TECNOLOGIA EN GESTION AMBIENTAL (VIRTUAL)","Femenino",5001,"Antioquia","Necoclí","Colombia","Urbana"
3837,2110,"COLEGIO MAYOR DE ANTIOQUIA",2025,2,"Antiguo",106102,"TECNOLOGIA EN GESTION AMBIENTAL (VIRTUAL)","Femenino",5001,"Antioquia","Medellín","Colombia","Urbana"
3838,2110,"COLEGIO MAYOR DE ANTIOQUIA",2025,2,"Antiguo",106102,"TECNOLOGIA EN GESTION AMBIENTAL (VIRTUAL)","Femenino",5001,"Antioquia","Medellín","Colombia","Urbana"
3839,2110,"COLEGIO MAYOR DE ANTIOQUIA",2025,2,"Antiguo",106102,"TECNOLOGIA EN GESTION AMBIENTAL (VIRTUAL)","Femenino",5001,"Antioquia","Nechí","Colombia","Urbana"
3840,2110,"COLEGIO MAYOR DE ANTIOQUIA",2025,2,"Antiguo",106102,"TECNOLOGIA EN GESTION AMBIENTAL (VIRTUAL)","Femenino",5001,"Antioquia","Medellín","Colombia","Urbana"
3841,2110,"COLEGIO MAYOR DE ANTIOQUIA",2025,2,"Antiguo",106102,"TECNOLOGIA EN GESTION AMBIENTAL (VIRTUAL)","Femenino",5001,"Antioquia","Medellín","Colombia","Urbana"
3842,2110,"COLEGIO MAYOR DE ANTIOQUIA",2025,2,"Antiguo",106102,"TECNOLOGIA EN GESTION AMBIENTAL (VIRTUAL)","Femenino",5001,"Antioquia","Copacabana","Colombia","Urbana"
3843,2110,"COLEGIO MAYOR DE ANTIOQUIA",2025,2,"Antiguo",106102,"TECNOLOGIA EN GESTION AMBIENTAL (VIRTUAL)","Femenino",5001,"Antioquia","Amagá","Colombia","Urbana"
3844,2110,"COLEGIO MAYOR DE ANTIOQUIA",2025,2,"Antiguo",106102,"TECNOLOGIA EN GESTION AMBIENTAL (VIRTUAL)","Femenino",5001,"Antioquia","Titiribí","Colombia","Urbana"
3845,2110,"COLEGIO MAYOR DE ANTIOQUIA",2025,2,"Antiguo",106102,"TECNOLOGIA EN GESTION AMBIENTAL (VIRTUAL)","Masculino",5001,"Antioquia","Titiribí","Colombia","Urbana"
3846,2110,"COLEGIO MAYOR DE ANTIOQUIA",2025,2,"Antiguo",106102,"TECNOLOGIA EN GESTION AMBIENTAL (VIRTUAL)","Femenino",5001,"Caldas","Pácora","Colombia","Urbana"
3847,2110,"COLEGIO MAYOR DE ANTIOQUIA",2025,2,"Antiguo",106102,"TECNOLOGIA EN GESTION AMBIENTAL (VIRTUAL)","Femenino",5001,"Antioquia","Titiribí","Colombia","Urbana"
3848,2110,"COLEGIO MAYOR DE ANTIOQUIA",2025,2,"Antiguo",106102,"TECNOLOGIA EN GESTION AMBIENTAL (VIRTUAL)","Masculino",5001,"Antioquia","Anorí","Colombia","Urbana"
3849,2110,"COLEGIO MAYOR DE ANTIOQUIA",2025,2,"Antiguo",106102,"TECNOLOGIA EN GESTION AMBIENTAL (VIRTUAL)","Masculino",5001,"Antioquia","Titiribí","Colombia","Urbana"
3850,2110,"COLEGIO MAYOR DE ANTIOQUIA",2025,2,"Antiguo",106102,"TECNOLOGIA EN GESTION AMBIENTAL (VIRTUAL)","Masculino",5001,"Antioquia","Támesis","Colombia","Urbana"
3851,2110,"COLEGIO MAYOR DE ANTIOQUIA",2025,2,"Antiguo",106102,"TECNOLOGIA EN GESTION AMBIENTAL (VIRTUAL)","Femenino",5001,"Antioquia","Jardín","Colombia","Urbana"
3852,2110,"COLEGIO MAYOR DE ANTIOQUIA",2025,2,"Antiguo",106102,"TECNOLOGIA EN GESTION AMBIENTAL (VIRTUAL)","Femenino",5001,"Antioquia","San Roque","Colombia","Urbana"
3853,2110,"COLEGIO MAYOR DE ANTIOQUIA",2025,2,"Antiguo",106102,"TECNOLOGIA EN GESTION AMBIENTAL (VIRTUAL)","Femenino",5001,"Antioquia","San Roque","Colombia","Urbana"
3854,2110,"COLEGIO MAYOR DE ANTIOQUIA",2025,2,"Antiguo",106102,"TECNOLOGIA EN GESTION AMBIENTAL (VIRTUAL)","Masculino",5001,"Antioquia","Amagá","Colombia","Urbana"
3855,2110,"COLEGIO MAYOR DE ANTIOQUIA",2025,2,"Antiguo",106102,"TECNOLOGIA EN GESTION AMBIENTAL (VIRTUAL)","Femenino",5001,"Antioquia","Sabanalarga","Colombia","Urbana"
3856,2110,"COLEGIO MAYOR DE ANTIOQUIA",2025,2,"Antiguo",106102,"TECNOLOGIA EN GESTION AMBIENTAL (VIRTUAL)","Femenino",5001,"Antioquia","Cisneros","Colombia","Urbana"
3857,2110,"COLEGIO MAYOR DE ANTIOQUIA",2025,2,"Antiguo",106102,"TECNOLOGIA EN GESTION AMBIENTAL (VIRTUAL)","Femenino",5001,"Antioquia","Titiribí","Colombia","Urbana"
3858,2110,"COLEGIO MAYOR DE ANTIOQUIA",2025,2,"Antiguo",106102,"TECNOLOGIA EN GESTION AMBIENTAL (VIRTUAL)","Femenino",5001,"Antioquia","Segovia","Colombia","Urbana"
3859,2110,"COLEGIO MAYOR DE ANTIOQUIA",2025,2,"Antiguo",106102,"TECNOLOGIA EN GESTION AMBIENTAL (VIRTUAL)","Masculino",5001,"Antioquia","Medellín","Colombia","Urbana"
3860,2110,"COLEGIO MAYOR DE ANTIOQUIA",2025,2,"Antiguo",106102,"TECNOLOGIA EN GESTION AMBIENTAL (VIRTUAL)","Masculino",5001,"Antioquia","Jardín","Colombia","Urbana"
3861,2110,"COLEGIO MAYOR DE ANTIOQUIA",2025,2,"Antiguo",106102,"TECNOLOGIA EN GESTION AMBIENTAL (VIRTUAL)","Femenino",5001,"Antioquia","Maceo","Colombia","Urbana"
3862,2110,"COLEGIO MAYOR DE ANTIOQUIA",2025,2,"Antiguo",106102,"TECNOLOGIA EN GESTION AMBIENTAL (VIRTUAL)","Femenino",5001,"Antioquia","Támesis","Colombia","Urbana"
3863,2110,"COLEGIO MAYOR DE ANTIOQUIA",2025,2,"Reingreso",106102,"TECNOLOGIA EN GESTION AMBIENTAL (VIRTUAL)","Femenino",5001,"Antioquia","Medellín","Colombia","Urbana"
3864,2110,"COLEGIO MAYOR DE ANTIOQUIA",2025,2,"Reingreso",106102,"TECNOLOGIA EN GESTION AMBIENTAL (VIRTUAL)","Masculino",5001,"Antioquia","Sabanalarga","Colombia","Urbana"
3865,2110,"COLEGIO MAYOR DE ANTIOQUIA",2025,2,"Reintegro",106102,"TECNOLOGIA EN GESTION AMBIENTAL (VIRTUAL)","Femenino",5001,"Antioquia","Medellín","Colombia","Urbana"
3866,2110,"COLEGIO MAYOR DE ANTIOQUIA",2025,2,"Antiguo",106176,"TECNOLOGÍA EN GESTIÓN CATASTRAL","Masculino",5001,"Antioquia","Medellín","Colombia","Urbana"
3867,2110,"COLEGIO MAYOR DE ANTIOQUIA",2025,2,"Antiguo",106176,"TECNOLOGÍA EN GESTIÓN CATASTRAL","Femenino",5001,"Antioquia","Medellín","Colombia","Urbana"
3868,2110,"COLEGIO MAYOR DE ANTIOQUIA",2025,2,"Antiguo",106176,"TECNOLOGÍA EN GESTIÓN CATASTRAL","Masculino",5001,"Antioquia","Medellín","Colombia","Urbana"
3869,2110,"COLEGIO MAYOR DE ANTIOQUIA",2025,2,"Antiguo",106176,"TECNOLOGÍA EN GESTIÓN CATASTRAL","Masculino",5001,"Antioquia","Medellín","Colombia","Urbana"
3870,2110,"COLEGIO MAYOR DE ANTIOQUIA",2025,2,"Antiguo",106176,"TECNOLOGÍA EN GESTIÓN CATASTRAL","Femenino",5001,"Antioquia","Medellín","Colombia","Urbana"
3871,2110,"COLEGIO MAYOR DE ANTIOQUIA",2025,2,"Antiguo",106176,"TECNOLOGÍA EN GESTIÓN CATASTRAL","Femenino",5001,"Antioquia","Medellín","Colombia","Urbana"
3872,2110,"COLEGIO MAYOR DE ANTIOQUIA",2025,2,"Antiguo",106176,"TECNOLOGÍA EN GESTIÓN CATASTRAL","Femenino",5001,"Antioquia","Medellín","Colombia","Urbana"
3873,2110,"COLEGIO MAYOR DE ANTIOQUIA",2025,2,"Antiguo",106176,"TECNOLOGÍA EN GESTIÓN CATASTRAL","Masculino",5001,"Antioquia","Medellín","Colombia","Urbana"
3874,2110,"COLEGIO MAYOR DE ANTIOQUIA",2025,2,"Antiguo",106176,"TECNOLOGÍA EN GESTIÓN CATASTRAL","Femenino",5001,"Antioquia","Medellín","Colombia","Urbana"
3875,2110,"COLEGIO MAYOR DE ANTIOQUIA",2025,2,"Antiguo",106176,"TECNOLOGÍA EN GESTIÓN CATASTRAL","Masculino",5001,"Antioquia","Guarne","Colombia","Urbana"
3876,2110,"COLEGIO MAYOR DE ANTIOQUIA",2025,2,"Antiguo",106176,"TECNOLOGÍA EN GESTIÓN CATASTRAL","Masculino",5001,"Antioquia","Medellín","Colombia","Urbana"
3877,2110,"COLEGIO MAYOR DE ANTIOQUIA",2025,2,"Antiguo",106176,"TECNOLOGÍA EN GESTIÓN CATASTRAL","Femenino",5001,"Antioquia","Medellín","Colombia","Urbana"
3878,2110,"COLEGIO MAYOR DE ANTIOQUIA",2025,2,"Antiguo",106176,"TECNOLOGÍA EN GESTIÓN CATASTRAL","Masculino",5001,"Antioquia","Medellín","Colombia","Urbana"
3879,2110,"COLEGIO MAYOR DE ANTIOQUIA",2025,2,"Antiguo",106176,"TECNOLOGÍA EN GESTIÓN CATASTRAL","Femenino",5001,"Antioquia","Medellín","Colombia","Urbana"
3880,2110,"COLEGIO MAYOR DE ANTIOQUIA",2025,2,"Antiguo",106176,"TECNOLOGÍA EN GESTIÓN CATASTRAL","Femenino",5001,"Antioquia","Medellín","Colombia","Urbana"
3881,2110,"COLEGIO MAYOR DE ANTIOQUIA",2025,2,"Antiguo",106176,"TECNOLOGÍA EN GESTIÓN CATASTRAL","Femenino",5001,"Antioquia","Medellín","Colombia","Urbana"
3882,2110,"COLEGIO MAYOR DE ANTIOQUIA",2025,2,"Antiguo",106176,"TECNOLOGÍA EN GESTIÓN CATASTRAL","Masculino",5001,"Antioquia","El Carmen de Viboral","Colombia","Urbana"
3883,2110,"COLEGIO MAYOR DE ANTIOQUIA",2025,2,"Antiguo",106176,"TECNOLOGÍA EN GESTIÓN CATASTRAL","Femenino",5001,"Antioquia","Medellín","Colombia","Urbana"
3884,2110,"COLEGIO MAYOR DE ANTIOQUIA",2025,2,"Antiguo",106176,"TECNOLOGÍA EN GESTIÓN CATASTRAL","Femenino",5001,"Antioquia","Medellín","Colombia","Urbana"
3885,2110,"COLEGIO MAYOR DE ANTIOQUIA",2025,2,"Antiguo",106176,"TECNOLOGÍA EN GESTIÓN CATASTRAL","Masculino",5001,"Antioquia","Medellín","Colombia","Urbana"
3886,2110,"COLEGIO MAYOR DE ANTIOQUIA",2025,2,"Antiguo",106176,"TECNOLOGÍA EN GESTIÓN CATASTRAL","Femenino",5001,"Antioquia","Medellín","Colombia","Urbana"
3887,2110,"COLEGIO MAYOR DE ANTIOQUIA",2025,2,"Antiguo",106176,"TECNOLOGÍA EN GESTIÓN CATASTRAL","Femenino",5001,"Antioquia","Medellín","Colombia","Urbana"
3888,2110,"COLEGIO MAYOR DE ANTIOQUIA",2025,2,"Antiguo",106176,"TECNOLOGÍA EN GESTIÓN CATASTRAL","Masculino",5001,"Antioquia","Medellín","Colombia","Urbana"
3889,2110,"COLEGIO MAYOR DE ANTIOQUIA",2025,2,"Antiguo",106176,"TECNOLOGÍA EN GESTIÓN CATASTRAL","Femenino",5001,"Antioquia","Bello","Colombia","Urbana"
3890,2110,"COLEGIO MAYOR DE ANTIOQUIA",2025,2,"Antiguo",106176,"TECNOLOGÍA EN GESTIÓN CATASTRAL","Femenino",5001,"Antioquia","Medellín","Colombia","Urbana"
3891,2110,"COLEGIO MAYOR DE ANTIOQUIA",2025,2,"Antiguo",106176,"TECNOLOGÍA EN GESTIÓN CATASTRAL","Femenino",5001,"Antioquia","Medellín","Colombia","Urbana"
3892,2110,"COLEGIO MAYOR DE ANTIOQUIA",2025,2,"Antiguo",106176,"TECNOLOGÍA EN GESTIÓN CATASTRAL","Masculino",5001,"Archipiélago de San Andrés, Providencia y Santa Catalina","Providencia","Colombia","Urbana"
3893,2110,"COLEGIO MAYOR DE ANTIOQUIA",2025,2,"Antiguo",106176,"TECNOLOGÍA EN GESTIÓN CATASTRAL","Femenino",5001,"Antioquia","Medellín","Colombia","Urbana"
3894,2110,"COLEGIO MAYOR DE ANTIOQUIA",2025,2,"Antiguo",106176,"TECNOLOGÍA EN GESTIÓN CATASTRAL","Masculino",5001,"Antioquia","Medellín","Colombia","Urbana"
3895,2110,"COLEGIO MAYOR DE ANTIOQUIA",2025,2,"Antiguo",106176,"TECNOLOGÍA EN GESTIÓN CATASTRAL","Masculino",5001,"Antioquia","Medellín","Colombia","Urbana"
3896,2110,"COLEGIO MAYOR DE ANTIOQUIA",2025,2,"Antiguo",106176,"TECNOLOGÍA EN GESTIÓN CATASTRAL","Femenino",5001,"Antioquia","Medellín","Colombia","Urbana"
3897,2110,"COLEGIO MAYOR DE ANTIOQUIA",2025,2,"Antiguo",106176,"TECNOLOGÍA EN GESTIÓN CATASTRAL","Masculino",5001,"Antioquia","Medellín","Colombia","Urbana"
3898,2110,"COLEGIO MAYOR DE ANTIOQUIA",2025,2,"Antiguo",106176,"TECNOLOGÍA EN GESTIÓN CATASTRAL","Masculino",5001,"Antioquia","Medellín","Colombia","Urbana"
3899,2110,"COLEGIO MAYOR DE ANTIOQUIA",2025,2,"Antiguo",106176,"TECNOLOGÍA EN GESTIÓN CATASTRAL","Femenino",5001,"Antioquia","Medellín","Colombia","Urbana"
3900,2110,"COLEGIO MAYOR DE ANTIOQUIA",2025,2,"Antiguo",106176,"TECNOLOGÍA EN GESTIÓN CATASTRAL","Masculino",5001,"Antioquia","Medellín","Colombia","Urbana"
3901,2110,"COLEGIO MAYOR DE ANTIOQUIA",2025,2,"Antiguo",106176,"TECNOLOGÍA EN GESTIÓN CATASTRAL","Masculino",5001,"Antioquia","Medellín","Colombia","Urbana"
3902,2110,"COLEGIO MAYOR DE ANTIOQUIA",2025,2,"Antiguo",106176,"TECNOLOGÍA EN GESTIÓN CATASTRAL","Masculino",5001,"Antioquia","Marinilla","Colombia","Urbana"
3903,2110,"COLEGIO MAYOR DE ANTIOQUIA",2025,2,"Antiguo",106176,"TECNOLOGÍA EN GESTIÓN CATASTRAL","Masculino",5001,"Antioquia","Medellín","Colombia","Urbana"
3904,2110,"COLEGIO MAYOR DE ANTIOQUIA",2025,2,"Antiguo",106176,"TECNOLOGÍA EN GESTIÓN CATASTRAL","Masculino",5001,"Antioquia","Medellín","Colombia","Urbana"
3905,2110,"COLEGIO MAYOR DE ANTIOQUIA",2025,2,"Antiguo",106176,"TECNOLOGÍA EN GESTIÓN CATASTRAL","Femenino",5001,"Antioquia","Medellín","Colombia","Urbana"
3906,2110,"COLEGIO MAYOR DE ANTIOQUIA",2025,2,"Antiguo",106176,"TECNOLOGÍA EN GESTIÓN CATASTRAL","Masculino",5001,"Antioquia","Medellín","Colombia","Urbana"
3907,2110,"COLEGIO MAYOR DE ANTIOQUIA",2025,2,"Antiguo",106176,"TECNOLOGÍA EN GESTIÓN CATASTRAL","Masculino",5001,"Antioquia","Medellín","Colombia","Urbana"
3908,2110,"COLEGIO MAYOR DE ANTIOQUIA",2025,2,"Antiguo",106176,"TECNOLOGÍA EN GESTIÓN CATASTRAL","Masculino",5001,"Antioquia","Medellín","Colombia","Urbana"
3909,2110,"COLEGIO MAYOR DE ANTIOQUIA",2025,2,"Antiguo",106176,"TECNOLOGÍA EN GESTIÓN CATASTRAL","Femenino",5001,"Bogotá D.C.","Bogotá D.C.","Colombia","Urbana"
3910,2110,"COLEGIO MAYOR DE ANTIOQUIA",2025,2,"Antiguo",106176,"TECNOLOGÍA EN GESTIÓN CATASTRAL","Masculino",5001,"Antioquia","Medellín","Colombia","Urbana"
3911,2110,"COLEGIO MAYOR DE ANTIOQUIA",2025,2,"Antiguo",106176,"TECNOLOGÍA EN GESTIÓN CATASTRAL","Femenino",5001,"Antioquia","Medellín","Colombia","Urbana"
3912,2110,"COLEGIO MAYOR DE ANTIOQUIA",2025,2,"Antiguo",106176,"TECNOLOGÍA EN GESTIÓN CATASTRAL","Masculino",5001,"Antioquia","Medellín","Colombia","Urbana"
3913,2110,"COLEGIO MAYOR DE ANTIOQUIA",2025,2,"Antiguo",106176,"TECNOLOGÍA EN GESTIÓN CATASTRAL","Femenino",5001,"Antioquia","Medellín","Colombia","Urbana"
3914,2110,"COLEGIO MAYOR DE ANTIOQUIA",2025,2,"Antiguo",106176,"TECNOLOGÍA EN GESTIÓN CATASTRAL","Femenino",5001,"Antioquia","Medellín","Colombia","Urbana"
3915,2110,"COLEGIO MAYOR DE ANTIOQUIA",2025,2,"Antiguo",106176,"TECNOLOGÍA EN GESTIÓN CATASTRAL","Femenino",5001,"Antioquia","Medellín","Colombia","Urbana"
3916,2110,"COLEGIO MAYOR DE ANTIOQUIA",2025,2,"Antiguo",106176,"TECNOLOGÍA EN GESTIÓN CATASTRAL","Masculino",5001,"Antioquia","San Pedro","Colombia","Urbana"
3917,2110,"COLEGIO MAYOR DE ANTIOQUIA",2025,2,"Antiguo",106176,"TECNOLOGÍA EN GESTIÓN CATASTRAL","Femenino",5001,"Antioquia","Medellín","Colombia","Urbana"
3918,2110,"COLEGIO MAYOR DE ANTIOQUIA",2025,2,"Antiguo",106176,"TECNOLOGÍA EN GESTIÓN CATASTRAL","Femenino",5001,"Antioquia","Medellín","Colombia","Urbana"
3919,2110,"COLEGIO MAYOR DE ANTIOQUIA",2025,2,"Antiguo",106176,"TECNOLOGÍA EN GESTIÓN CATASTRAL","Masculino",5001,"Antioquia","Sabaneta","Colombia","Urbana"
3920,2110,"COLEGIO MAYOR DE ANTIOQUIA",2025,2,"Antiguo",106176,"TECNOLOGÍA EN GESTIÓN CATASTRAL","Femenino",5001,"Antioquia","Medellín","Colombia","Urbana"
3921,2110,"COLEGIO MAYOR DE ANTIOQUIA",2025,2,"Antiguo",106176,"TECNOLOGÍA EN GESTIÓN CATASTRAL","Femenino",5001,"Antioquia","San Carlos","Colombia","Urbana"
3922,2110,"COLEGIO MAYOR DE ANTIOQUIA",2025,2,"Antiguo",106176,"TECNOLOGÍA EN GESTIÓN CATASTRAL","Masculino",5001,"Antioquia","Medellín","Colombia","Urbana"
3923,2110,"COLEGIO MAYOR DE ANTIOQUIA",2025,2,"Antiguo",106176,"TECNOLOGÍA EN GESTIÓN CATASTRAL","Masculino",5001,"Antioquia","Medellín","Colombia","Urbana"
3924,2110,"COLEGIO MAYOR DE ANTIOQUIA",2025,2,"Antiguo",106176,"TECNOLOGÍA EN GESTIÓN CATASTRAL","Femenino",5001,"Antioquia","Medellín","Colombia","Urbana"
3925,2110,"COLEGIO MAYOR DE ANTIOQUIA",2025,2,"Antiguo",106176,"TECNOLOGÍA EN GESTIÓN CATASTRAL","Masculino",5001,"Antioquia","Medellín","Colombia","Urbana"
3926,2110,"COLEGIO MAYOR DE ANTIOQUIA",2025,2,"Antiguo",106176,"TECNOLOGÍA EN GESTIÓN CATASTRAL","Femenino",5001,"Antioquia","Medellín","Colombia","Urbana"
3927,2110,"COLEGIO MAYOR DE ANTIOQUIA",2025,2,"Antiguo",106176,"TECNOLOGÍA EN GESTIÓN CATASTRAL","Femenino",5001,"Antioquia","Medellín","Colombia","Urbana"
3928,2110,"COLEGIO MAYOR DE ANTIOQUIA",2025,2,"Antiguo",106176,"TECNOLOGÍA EN GESTIÓN CATASTRAL","Femenino",5001,"Antioquia","Medellín","Colombia","Urbana"
3929,2110,"COLEGIO MAYOR DE ANTIOQUIA",2025,2,"Antiguo",106176,"TECNOLOGÍA EN GESTIÓN CATASTRAL","Masculino",5001,"Antioquia","Medellín","Colombia","Urbana"
3930,2110,"COLEGIO MAYOR DE ANTIOQUIA",2025,2,"Reintegro",106176,"TECNOLOGÍA EN GESTIÓN CATASTRAL","Femenino",5001,"Antioquia","Medellín","Colombia","Urbana"
3931,2110,"COLEGIO MAYOR DE ANTIOQUIA",2025,2,"Reintegro",106176,"TECNOLOGÍA EN GESTIÓN CATASTRAL","Femenino",5001,"Antioquia","Medellín","Colombia","Urbana"
3932,2110,"COLEGIO MAYOR DE ANTIOQUIA",2025,2,"Nuevo",106176,"TECNOLOGÍA EN GESTIÓN CATASTRAL","Femenino",5001,"Antioquia","Bello","Colombia","Urbana"
3933,2110,"COLEGIO MAYOR DE ANTIOQUIA",2025,2,"Nuevo",106176,"TECNOLOGÍA EN GESTIÓN CATASTRAL","Femenino",5001,"Antioquia","Santa Rosa de Osos","Colombia","Urbana"
3934,2110,"COLEGIO MAYOR DE ANTIOQUIA",2025,2,"Nuevo",106176,"TECNOLOGÍA EN GESTIÓN CATASTRAL","Masculino",5001,"Antioquia","Zaragoza","Colombia","Urbana"
3935,2110,"COLEGIO MAYOR DE ANTIOQUIA",2025,2,"Nuevo",106176,"TECNOLOGÍA EN GESTIÓN CATASTRAL","Masculino",5001,"Antioquia","Copacabana","Colombia","Urbana"
3936,2110,"COLEGIO MAYOR DE ANTIOQUIA",2025,2,"Nuevo",106176,"TECNOLOGÍA EN GESTIÓN CATASTRAL","Femenino",5001,"Antioquia","Medellín","Colombia","Urbana"
3937,2110,"COLEGIO MAYOR DE ANTIOQUIA",2025,2,"Nuevo",106176,"TECNOLOGÍA EN GESTIÓN CATASTRAL","Masculino",5001,"Antioquia","Medellín","Colombia","Urbana"
3938,2110,"COLEGIO MAYOR DE ANTIOQUIA",2025,2,"Nuevo",106176,"TECNOLOGÍA EN GESTIÓN CATASTRAL","Femenino",5001,"Antioquia","Medellín","Colombia","Urbana"
3939,2110,"COLEGIO MAYOR DE ANTIOQUIA",2025,2,"Nuevo",106176,"TECNOLOGÍA EN GESTIÓN CATASTRAL","Femenino",5001,"Antioquia","Envigado","Colombia","Urbana"
3940,2110,"COLEGIO MAYOR DE ANTIOQUIA",2025,2,"Nuevo",106176,"TECNOLOGÍA EN GESTIÓN CATASTRAL","Femenino",5001,"Antioquia","Envigado","Colombia","Urbana"
3941,2110,"COLEGIO MAYOR DE ANTIOQUIA",2025,2,"Nuevo",106176,"TECNOLOGÍA EN GESTIÓN CATASTRAL","Femenino",5001,"Antioquia","Carepa","Colombia","Urbana"
3942,2110,"COLEGIO MAYOR DE ANTIOQUIA",2025,2,"Nuevo",106176,"TECNOLOGÍA EN GESTIÓN CATASTRAL","Masculino",5001,"Antioquia","Medellín","Colombia","Urbana"
3943,2110,"COLEGIO MAYOR DE ANTIOQUIA",2025,2,"Nuevo",106176,"TECNOLOGÍA EN GESTIÓN CATASTRAL","Masculino",5001,"Antioquia","Medellín","Colombia","Urbana"
3944,2110,"COLEGIO MAYOR DE ANTIOQUIA",2025,2,"Nuevo",106176,"TECNOLOGÍA EN GESTIÓN CATASTRAL","Femenino",5001,"Antioquia","Medellín","Colombia","Urbana"
3945,2110,"COLEGIO MAYOR DE ANTIOQUIA",2025,2,"Nuevo",106176,"TECNOLOGÍA EN GESTIÓN CATASTRAL","Masculino",5001,"Antioquia","Medellín","Colombia","Urbana"
3946,2110,"COLEGIO MAYOR DE ANTIOQUIA",2025,2,"Nuevo",106176,"TECNOLOGÍA EN GESTIÓN CATASTRAL","Masculino",5001,"Antioquia","Medellín","Colombia","Urbana"
3947,2110,"COLEGIO MAYOR DE ANTIOQUIA",2025,2,"Nuevo",106176,"TECNOLOGÍA EN GESTIÓN CATASTRAL","Femenino",5001,"Antioquia","Itagüí","Colombia","Urbana"
3948,2110,"COLEGIO MAYOR DE ANTIOQUIA",2025,2,"Nuevo",106176,"TECNOLOGÍA EN GESTIÓN CATASTRAL","Femenino",5001,"Antioquia","Bello","Colombia","Urbana"
3949,2110,"COLEGIO MAYOR DE ANTIOQUIA",2025,2,"Nuevo",106176,"TECNOLOGÍA EN GESTIÓN CATASTRAL","Femenino",5001,"Antioquia","Medellín","Colombia","Urbana"
3950,2110,"COLEGIO MAYOR DE ANTIOQUIA",2025,2,"Antiguo",106176,"TECNOLOGÍA EN GESTIÓN CATASTRAL","Femenino",5001,"Antioquia","Medellín","Colombia","Urbana"
3951,2110,"COLEGIO MAYOR DE ANTIOQUIA",2025,2,"Antiguo",106176,"TECNOLOGÍA EN GESTIÓN CATASTRAL","Femenino",5001,"Antioquia","Medellín","Colombia","Urbana"
3952,2110,"COLEGIO MAYOR DE ANTIOQUIA",2025,2,"Antiguo",106176,"TECNOLOGÍA EN GESTIÓN CATASTRAL","Masculino",5001,"Antioquia","Medellín","Colombia","Urbana"
3953,2110,"COLEGIO MAYOR DE ANTIOQUIA",2025,2,"Antiguo",106176,"TECNOLOGÍA EN GESTIÓN CATASTRAL","Femenino",5001,"Antioquia","Medellín","Colombia","Urbana"
3954,2110,"COLEGIO MAYOR DE ANTIOQUIA",2025,2,"Antiguo",106176,"TECNOLOGÍA EN GESTIÓN CATASTRAL","Femenino",5001,"Antioquia","Medellín","Colombia","Urbana"
3955,2110,"COLEGIO MAYOR DE ANTIOQUIA",2025,2,"Antiguo",106176,"TECNOLOGÍA EN GESTIÓN CATASTRAL","Femenino",5001,"Antioquia","Medellín","Colombia","Urbana"
3956,2110,"COLEGIO MAYOR DE ANTIOQUIA",2025,2,"Antiguo",106176,"TECNOLOGÍA EN GESTIÓN CATASTRAL","Femenino",5001,"Antioquia","Bello","Colombia","Urbana"
3957,2110,"COLEGIO MAYOR DE ANTIOQUIA",2025,2,"Antiguo",106176,"TECNOLOGÍA EN GESTIÓN CATASTRAL","Femenino",5001,"Antioquia","Bello","Colombia","Urbana"
3958,2110,"COLEGIO MAYOR DE ANTIOQUIA",2025,2,"Antiguo",106176,"TECNOLOGÍA EN GESTIÓN CATASTRAL","Masculino",5001,"Antioquia","Medellín","Colombia","Urbana"
3959,2110,"COLEGIO MAYOR DE ANTIOQUIA",2025,2,"Antiguo",106176,"TECNOLOGÍA EN GESTIÓN CATASTRAL","Masculino",5001,"Antioquia","Medellín","Colombia","Urbana"
3960,2110,"COLEGIO MAYOR DE ANTIOQUIA",2025,2,"Antiguo",106176,"TECNOLOGÍA EN GESTIÓN CATASTRAL","Femenino",5001,"Antioquia","Medellín","Colombia","Urbana"
3961,2110,"COLEGIO MAYOR DE ANTIOQUIA",2025,2,"Antiguo",106176,"TECNOLOGÍA EN GESTIÓN CATASTRAL","Femenino",5001,"Antioquia","Medellín","Colombia","Urbana"
3962,2110,"COLEGIO MAYOR DE ANTIOQUIA",2025,2,"Antiguo",106176,"TECNOLOGÍA EN GESTIÓN CATASTRAL","Femenino",5001,"Antioquia","Medellín","Colombia","Urbana"
3963,2110,"COLEGIO MAYOR DE ANTIOQUIA",2025,2,"Antiguo",106176,"TECNOLOGÍA EN GESTIÓN CATASTRAL","Masculino",5001,"Antioquia","Copacabana","Colombia","Urbana"
3964,2110,"COLEGIO MAYOR DE ANTIOQUIA",2025,2,"Antiguo",106176,"TECNOLOGÍA EN GESTIÓN CATASTRAL","Femenino",5001,"Antioquia","Bello","Colombia","Urbana"
3965,2110,"COLEGIO MAYOR DE ANTIOQUIA",2025,2,"Antiguo",106176,"TECNOLOGÍA EN GESTIÓN CATASTRAL","Masculino",5001,"Antioquia","Medellín","Colombia","Urbana"
3966,2110,"COLEGIO MAYOR DE ANTIOQUIA",2025,2,"Antiguo",106176,"TECNOLOGÍA EN GESTIÓN CATASTRAL","Femenino",5001,"Antioquia","Medellín","Colombia","Urbana"
3967,2110,"COLEGIO MAYOR DE ANTIOQUIA",2025,2,"Antiguo",106176,"TECNOLOGÍA EN GESTIÓN CATASTRAL","Masculino",5001,"Antioquia","Medellín","Colombia","Urbana"
3968,2110,"COLEGIO MAYOR DE ANTIOQUIA",2025,2,"Antiguo",106176,"TECNOLOGÍA EN GESTIÓN CATASTRAL","Femenino",5001,"Bolívar","Magangué","Colombia","Urbana"
3969,2110,"COLEGIO MAYOR DE ANTIOQUIA",2025,2,"Antiguo",106176,"TECNOLOGÍA EN GESTIÓN CATASTRAL","Masculino",5001,"Antioquia","Medellín","Colombia","Urbana"
3970,2110,"COLEGIO MAYOR DE ANTIOQUIA",2025,2,"Antiguo",106176,"TECNOLOGÍA EN GESTIÓN CATASTRAL","Masculino",5001,"Antioquia","Bello","Colombia","Urbana"
3971,2110,"COLEGIO MAYOR DE ANTIOQUIA",2025,2,"Antiguo",106176,"TECNOLOGÍA EN GESTIÓN CATASTRAL","Femenino",5001,"Antioquia","Medellín","Colombia","Urbana"
3972,2110,"COLEGIO MAYOR DE ANTIOQUIA",2025,2,"Antiguo",106176,"TECNOLOGÍA EN GESTIÓN CATASTRAL","Femenino",5001,"Antioquia","Medellín","Colombia","Urbana"
3973,2110,"COLEGIO MAYOR DE ANTIOQUIA",2025,2,"Antiguo",106176,"TECNOLOGÍA EN GESTIÓN CATASTRAL","Masculino",5001,"Antioquia","Medellín","Colombia","Urbana"
3974,2110,"COLEGIO MAYOR DE ANTIOQUIA",2025,2,"Antiguo",106176,"TECNOLOGÍA EN GESTIÓN CATASTRAL","Masculino",5001,"Antioquia","Medellín","Colombia","Urbana"
3975,2110,"COLEGIO MAYOR DE ANTIOQUIA",2025,2,"Antiguo",106176,"TECNOLOGÍA EN GESTIÓN CATASTRAL","Masculino",5001,"Bolívar","El Carmen de Bolívar","Colombia","Urbana"
3976,2110,"COLEGIO MAYOR DE ANTIOQUIA",2025,2,"Antiguo",106176,"TECNOLOGÍA EN GESTIÓN CATASTRAL","Masculino",5001,"Antioquia","Medellín","Colombia","Urbana"
3977,2110,"COLEGIO MAYOR DE ANTIOQUIA",2025,2,"Antiguo",106176,"TECNOLOGÍA EN GESTIÓN CATASTRAL","Femenino",5001,"Antioquia","Medellín","Colombia","Urbana"
3978,2110,"COLEGIO MAYOR DE ANTIOQUIA",2025,2,"Antiguo",106176,"TECNOLOGÍA EN GESTIÓN CATASTRAL","Masculino",5001,"Antioquia","Medellín","Colombia","Urbana"
3979,2110,"COLEGIO MAYOR DE ANTIOQUIA",2025,2,"Antiguo",106176,"TECNOLOGÍA EN GESTIÓN CATASTRAL","Masculino",5001,"Antioquia","Medellín","Colombia","Urbana"
3980,2110,"COLEGIO MAYOR DE ANTIOQUIA",2025,2,"Antiguo",106176,"TECNOLOGÍA EN GESTIÓN CATASTRAL","Masculino",5001,"Antioquia","Medellín","Colombia","Urbana"
3981,2110,"COLEGIO MAYOR DE ANTIOQUIA",2025,2,"Antiguo",106176,"TECNOLOGÍA EN GESTIÓN CATASTRAL","Femenino",5001,"Antioquia","Medellín","Colombia","Urbana"
3982,2110,"COLEGIO MAYOR DE ANTIOQUIA",2025,2,"Antiguo",106176,"TECNOLOGÍA EN GESTIÓN CATASTRAL","Masculino",5001,"Antioquia","Medellín","Colombia","Urbana"
3983,2110,"COLEGIO MAYOR DE ANTIOQUIA",2025,2,"Antiguo",106176,"TECNOLOGÍA EN GESTIÓN CATASTRAL","Masculino",5001,"Antioquia","Itagüí","Colombia","Urbana"
3984,2110,"COLEGIO MAYOR DE ANTIOQUIA",2025,2,"Antiguo",106176,"TECNOLOGÍA EN GESTIÓN CATASTRAL","Femenino",5001,"Antioquia","Medellín","Colombia","Urbana"
3985,2110,"COLEGIO MAYOR DE ANTIOQUIA",2025,2,"Antiguo",106176,"TECNOLOGÍA EN GESTIÓN CATASTRAL","Masculino",5001,"Antioquia","Medellín","Colombia","Urbana"
3986,2110,"COLEGIO MAYOR DE ANTIOQUIA",2025,2,"Antiguo",106176,"TECNOLOGÍA EN GESTIÓN CATASTRAL","Masculino",5001,"Antioquia","Medellín","Colombia","Urbana"
3987,2110,"COLEGIO MAYOR DE ANTIOQUIA",2025,2,"Antiguo",106176,"TECNOLOGÍA EN GESTIÓN CATASTRAL","Masculino",5001,"Chocó","Quibdó","Colombia","Urbana"
3988,2110,"COLEGIO MAYOR DE ANTIOQUIA",2025,2,"Antiguo",106176,"TECNOLOGÍA EN GESTIÓN CATASTRAL","Masculino",5001,"Antioquia","Medellín","Colombia","Urbana"
3989,2110,"COLEGIO MAYOR DE ANTIOQUIA",2025,2,"Antiguo",106176,"TECNOLOGÍA EN GESTIÓN CATASTRAL","Masculino",5001,"Antioquia","Medellín","Colombia","Urbana"
3990,2110,"COLEGIO MAYOR DE ANTIOQUIA",2025,2,"Antiguo",106176,"TECNOLOGÍA EN GESTIÓN CATASTRAL","Femenino",5001,"Antioquia","San Pedro","Colombia","Urbana"
3991,2110,"COLEGIO MAYOR DE ANTIOQUIA",2025,2,"Antiguo",106176,"TECNOLOGÍA EN GESTIÓN CATASTRAL","Masculino",5001,"Antioquia","Medellín","Colombia","Urbana"
3992,2110,"COLEGIO MAYOR DE ANTIOQUIA",2025,2,"Antiguo",106176,"TECNOLOGÍA EN GESTIÓN CATASTRAL","Masculino",5001,"Antioquia","Medellín","Colombia","Urbana"
3993,2110,"COLEGIO MAYOR DE ANTIOQUIA",2025,2,"Antiguo",106176,"TECNOLOGÍA EN GESTIÓN CATASTRAL","Femenino",5001,"Antioquia","Fredonia","Colombia","Urbana"
3994,2110,"COLEGIO MAYOR DE ANTIOQUIA",2025,2,"Antiguo",106176,"TECNOLOGÍA EN GESTIÓN CATASTRAL","Masculino",5001,"Antioquia","Medellín","Colombia","Urbana"
3995,2110,"COLEGIO MAYOR DE ANTIOQUIA",2025,2,"Antiguo",106176,"TECNOLOGÍA EN GESTIÓN CATASTRAL","Masculino",5001,"Antioquia","Medellín","Colombia","Urbana"
3996,2110,"COLEGIO MAYOR DE ANTIOQUIA",2025,2,"Antiguo",106176,"TECNOLOGÍA EN GESTIÓN CATASTRAL","Femenino",5001,"Antioquia","Bello","Colombia","Urbana"
3997,2110,"COLEGIO MAYOR DE ANTIOQUIA",2025,2,"Antiguo",106176,"TECNOLOGÍA EN GESTIÓN CATASTRAL","Femenino",5001,"Antioquia","Medellín","Colombia","Urbana"
3998,2110,"COLEGIO MAYOR DE ANTIOQUIA",2025,2,"Antiguo",106176,"TECNOLOGÍA EN GESTIÓN CATASTRAL","Femenino",5001,"Antioquia","Medellín","Colombia","Urbana"
3999,2110,"COLEGIO MAYOR DE ANTIOQUIA",2025,2,"Antiguo",106176,"TECNOLOGÍA EN GESTIÓN CATASTRAL","Femenino",5001,"Antioquia","Medellín","Colombia","Urbana"
4000,2110,"COLEGIO MAYOR DE ANTIOQUIA",2025,2,"Antiguo",106176,"TECNOLOGÍA EN GESTIÓN CATASTRAL","Masculino",5001,"Antioquia","Medellín","Colombia","Urbana"
4001,2110,"COLEGIO MAYOR DE ANTIOQUIA",2025,2,"Antiguo",106176,"TECNOLOGÍA EN GESTIÓN CATASTRAL","Masculino",5001,"Antioquia","Medellín","Colombia","Urbana"
4002,2110,"COLEGIO MAYOR DE ANTIOQUIA",2025,2,"Antiguo",106176,"TECNOLOGÍA EN GESTIÓN CATASTRAL","Femenino",5001,"Antioquia","Medellín","Colombia","Urbana"
4003,2110,"COLEGIO MAYOR DE ANTIOQUIA",2025,2,"Antiguo",106176,"TECNOLOGÍA EN GESTIÓN CATASTRAL","Masculino",5001,"Antioquia","Medellín","Colombia","Urbana"
4004,2110,"COLEGIO MAYOR DE ANTIOQUIA",2025,2,"Antiguo",106176,"TECNOLOGÍA EN GESTIÓN CATASTRAL","Femenino",5001,"Antioquia","Medellín","Colombia","Urbana"
4005,2110,"COLEGIO MAYOR DE ANTIOQUIA",2025,2,"Antiguo",106176,"TECNOLOGÍA EN GESTIÓN CATASTRAL","Masculino",5001,"Antioquia","Medellín","Colombia","Urbana"
4006,2110,"COLEGIO MAYOR DE ANTIOQUIA",2025,2,"Antiguo",106176,"TECNOLOGÍA EN GESTIÓN CATASTRAL","Femenino",5001,"Antioquia","Medellín","Colombia","Urbana"
4007,2110,"COLEGIO MAYOR DE ANTIOQUIA",2025,2,"Antiguo",106176,"TECNOLOGÍA EN GESTIÓN CATASTRAL","Femenino",5001,"Antioquia","Medellín","Colombia","Urbana"
4008,2110,"COLEGIO MAYOR DE ANTIOQUIA",2025,2,"Antiguo",106176,"TECNOLOGÍA EN GESTIÓN CATASTRAL","Masculino",5001,"Antioquia","Jardín","Colombia","Urbana"
4009,2110,"COLEGIO MAYOR DE ANTIOQUIA",2025,2,"Antiguo",106176,"TECNOLOGÍA EN GESTIÓN CATASTRAL","Femenino",5001,"Antioquia","Santa Rosa de Osos","Colombia","Urbana"
4010,2110,"COLEGIO MAYOR DE ANTIOQUIA",2025,2,"Antiguo",106176,"TECNOLOGÍA EN GESTIÓN CATASTRAL","Femenino",5001,"Antioquia","Medellín","Colombia","Urbana"
4011,2110,"COLEGIO MAYOR DE ANTIOQUIA",2025,2,"Antiguo",106176,"TECNOLOGÍA EN GESTIÓN CATASTRAL","Femenino",5001,"Antioquia","Medellín","Colombia","Urbana"
4012,2110,"COLEGIO MAYOR DE ANTIOQUIA",2025,2,"Antiguo",106176,"TECNOLOGÍA EN GESTIÓN CATASTRAL","Femenino",5001,"Antioquia","Medellín","Colombia","Urbana"
4013,2110,"COLEGIO MAYOR DE ANTIOQUIA",2025,2,"Antiguo",106176,"TECNOLOGÍA EN GESTIÓN CATASTRAL","Femenino",5001,"Antioquia","Medellín","Colombia","Urbana"
4014,2110,"COLEGIO MAYOR DE ANTIOQUIA",2025,2,"Antiguo",106176,"TECNOLOGÍA EN GESTIÓN CATASTRAL","Masculino",5001,"Antioquia","Medellín","Colombia","Urbana"
4015,2110,"COLEGIO MAYOR DE ANTIOQUIA",2025,2,"Antiguo",106176,"TECNOLOGÍA EN GESTIÓN CATASTRAL","Masculino",5001,"Antioquia","Medellín","Colombia","Urbana"
4016,2110,"COLEGIO MAYOR DE ANTIOQUIA",2025,2,"Reingreso",106176,"TECNOLOGÍA EN GESTIÓN CATASTRAL","Masculino",5001,"Antioquia","Medellín","Colombia","Urbana"
4017,2110,"COLEGIO MAYOR DE ANTIOQUIA",2025,2,"Reingreso",106176,"TECNOLOGÍA EN GESTIÓN CATASTRAL","Masculino",5001,"Antioquia","Medellín","Colombia","Urbana"
4018,2110,"COLEGIO MAYOR DE ANTIOQUIA",2025,2,"Reingreso",106176,"TECNOLOGÍA EN GESTIÓN CATASTRAL","Femenino",5001,"Antioquia","Medellín","Colombia","Urbana"
4019,2110,"COLEGIO MAYOR DE ANTIOQUIA",2025,2,"Reintegro",106176,"TECNOLOGÍA EN GESTIÓN CATASTRAL","Femenino",5001,"Antioquia","Envigado","Colombia","Urbana"
4020,2110,"COLEGIO MAYOR DE ANTIOQUIA",2025,2,"Reintegro",106176,"TECNOLOGÍA EN GESTIÓN CATASTRAL","Femenino",5001,"Antioquia","Medellín","Colombia","Urbana"
4021,2110,"COLEGIO MAYOR DE ANTIOQUIA",2025,2,"Antiguo",106174,"ESPECIALIZACIÓN EN PLANEACIÓN URBANA (VIRTUAL)","Femenino",5001,"Córdoba","Monteria","Colombia","Urbana"
4022,2110,"COLEGIO MAYOR DE ANTIOQUIA",2025,2,"Antiguo",106174,"ESPECIALIZACIÓN EN PLANEACIÓN URBANA (VIRTUAL)","Femenino",5001,"Valle del Cauca","Santiago de Cali","Colombia","Urbana"
4023,2110,"COLEGIO MAYOR DE ANTIOQUIA",2025,2,"Antiguo",106174,"ESPECIALIZACIÓN EN PLANEACIÓN URBANA (VIRTUAL)","Femenino",5001,"Antioquia","Retiro","Colombia","Urbana"
4024,2110,"COLEGIO MAYOR DE ANTIOQUIA",2025,2,"Antiguo",106174,"ESPECIALIZACIÓN EN PLANEACIÓN URBANA (VIRTUAL)","Femenino",5001,"Santander","Pie de Cuesta","Colombia","Urbana"
4025,2110,"COLEGIO MAYOR DE ANTIOQUIA",2025,2,"Antiguo",106174,"ESPECIALIZACIÓN EN PLANEACIÓN URBANA (VIRTUAL)","Masculino",5001,"Bolívar","Cartagena","Colombia","Urbana"
4026,2110,"COLEGIO MAYOR DE ANTIOQUIA",2025,2,"Antiguo",106174,"ESPECIALIZACIÓN EN PLANEACIÓN URBANA (VIRTUAL)","Masculino",5001,"Antioquia","Itagüí","Colombia","Urbana"
4027,2110,"COLEGIO MAYOR DE ANTIOQUIA",2025,2,"Antiguo",106174,"ESPECIALIZACIÓN EN PLANEACIÓN URBANA (VIRTUAL)","Masculino",5001,"Antioquia","Bello","Colombia","Urbana"
4028,2110,"COLEGIO MAYOR DE ANTIOQUIA",2025,2,"Antiguo",106174,"ESPECIALIZACIÓN EN PLANEACIÓN URBANA (VIRTUAL)","Femenino",5001,"Antioquia","Retiro","Colombia","Urbana"
4029,2110,"COLEGIO MAYOR DE ANTIOQUIA",2025,2,"Antiguo",106174,"ESPECIALIZACIÓN EN PLANEACIÓN URBANA (VIRTUAL)","Femenino",5001,"Risaralda","Dos Quebradas","Colombia","Urbana"
4030,2110,"COLEGIO MAYOR DE ANTIOQUIA",2025,2,"Antiguo",106174,"ESPECIALIZACIÓN EN PLANEACIÓN URBANA (VIRTUAL)","Masculino",5001,"Antioquia","Bello","Colombia","Urbana"
4031,2110,"COLEGIO MAYOR DE ANTIOQUIA",2025,2,"Reingreso",106174,"ESPECIALIZACIÓN EN PLANEACIÓN URBANA (VIRTUAL)","Masculino",5001,"Bogotá D.C.","Bogotá D.C.","Colombia","Urbana"
4032,2110,"COLEGIO MAYOR DE ANTIOQUIA",2025,2,"Reingreso",106174,"ESPECIALIZACIÓN EN PLANEACIÓN URBANA (VIRTUAL)","Masculino",5001,"Bogotá D.C.","Bogotá D.C.","Colombia","Urbana"
4033,2110,"COLEGIO MAYOR DE ANTIOQUIA",2025,2,"Antiguo",116181,"ESPECIALIZACIÓN EN GERENCIA DE LA CONSTRUCCIÓN","Masculino",5001,"Antioquia","Medellín","Colombia","Urbana"
4034,2110,"COLEGIO MAYOR DE ANTIOQUIA",2025,2,"Antiguo",116181,"ESPECIALIZACIÓN EN GERENCIA DE LA CONSTRUCCIÓN","Femenino",5001,"Antioquia","Medellín","Colombia","Urbana"
4035,2110,"COLEGIO MAYOR DE ANTIOQUIA",2025,2,"Antiguo",116181,"ESPECIALIZACIÓN EN GERENCIA DE LA CONSTRUCCIÓN","Femenino",5001,"Antioquia","Medellín","Colombia","Urbana"
4036,2110,"COLEGIO MAYOR DE ANTIOQUIA",2025,2,"Antiguo",116181,"ESPECIALIZACIÓN EN GERENCIA DE LA CONSTRUCCIÓN","Femenino",5001,"Antioquia","Medellín","Colombia","Urbana"
4037,2110,"COLEGIO MAYOR DE ANTIOQUIA",2025,2,"Antiguo",116181,"ESPECIALIZACIÓN EN GERENCIA DE LA CONSTRUCCIÓN","Masculino",5001,"Antioquia","Medellín","Colombia","Urbana"
4038,2110,"COLEGIO MAYOR DE ANTIOQUIA",2025,2,"Antiguo",116181,"ESPECIALIZACIÓN EN GERENCIA DE LA CONSTRUCCIÓN","Femenino",5001,"Antioquia","Envigado","Colombia","Urbana"
4039,2110,"COLEGIO MAYOR DE ANTIOQUIA",2025,2,"Antiguo",116181,"ESPECIALIZACIÓN EN GERENCIA DE LA CONSTRUCCIÓN","Masculino",5001,"Antioquia","Medellín","Colombia","Urbana"
4040,2110,"COLEGIO MAYOR DE ANTIOQUIA",2025,2,"Antiguo",116181,"ESPECIALIZACIÓN EN GERENCIA DE LA CONSTRUCCIÓN","Masculino",5001,"Antioquia","Bello","Colombia","Urbana"
4041,2110,"COLEGIO MAYOR DE ANTIOQUIA",2025,2,"Antiguo",116181,"ESPECIALIZACIÓN EN GERENCIA DE LA CONSTRUCCIÓN","Masculino",5001,"Antioquia","Sonsón","Colombia","Urbana"
4042,2110,"COLEGIO MAYOR DE ANTIOQUIA",2025,2,"Antiguo",116181,"ESPECIALIZACIÓN EN GERENCIA DE LA CONSTRUCCIÓN","Masculino",5001,"Antioquia","Medellín","Colombia","Urbana"
4043,2110,"COLEGIO MAYOR DE ANTIOQUIA",2025,2,"Antiguo",116181,"ESPECIALIZACIÓN EN GERENCIA DE LA CONSTRUCCIÓN","Femenino",5001,"Antioquia","Medellín","Colombia","Urbana"
4044,2110,"COLEGIO MAYOR DE ANTIOQUIA",2025,2,"Antiguo",116181,"ESPECIALIZACIÓN EN GERENCIA DE LA CONSTRUCCIÓN","Masculino",5001,"Antioquia","Itagüí","Colombia","Urbana"
4045,2110,"COLEGIO MAYOR DE ANTIOQUIA",2025,2,"Antiguo",116181,"ESPECIALIZACIÓN EN GERENCIA DE LA CONSTRUCCIÓN","Masculino",5001,"Antioquia","Medellín","Colombia","Urbana"
4046,2110,"COLEGIO MAYOR DE ANTIOQUIA",2025,2,"Antiguo",116181,"ESPECIALIZACIÓN EN GERENCIA DE LA CONSTRUCCIÓN","Masculino",5001,"Antioquia","Envigado","Colombia","Urbana"
4047,2110,"COLEGIO MAYOR DE ANTIOQUIA",2025,2,"Antiguo",116181,"ESPECIALIZACIÓN EN GERENCIA DE LA CONSTRUCCIÓN","Masculino",5001,"Antioquia","Sabaneta","Colombia","Urbana"
4048,2110,"COLEGIO MAYOR DE ANTIOQUIA",2025,2,"Antiguo",116181,"ESPECIALIZACIÓN EN GERENCIA DE LA CONSTRUCCIÓN","Masculino",5001,"Antioquia","Medellín","Colombia","Urbana"
4049,2110,"COLEGIO MAYOR DE ANTIOQUIA",2025,2,"Antiguo",116181,"ESPECIALIZACIÓN EN GERENCIA DE LA CONSTRUCCIÓN","Femenino",5001,"Antioquia","Medellín","Colombia","Urbana"
4050,2110,"COLEGIO MAYOR DE ANTIOQUIA",2025,2,"Antiguo",116181,"ESPECIALIZACIÓN EN GERENCIA DE LA CONSTRUCCIÓN","Femenino",5001,"Antioquia","Medellín","Colombia","Urbana"
4051,2110,"COLEGIO MAYOR DE ANTIOQUIA",2025,2,"Antiguo",116181,"ESPECIALIZACIÓN EN GERENCIA DE LA CONSTRUCCIÓN","Femenino",5001,"Antioquia","Itagüí","Colombia","Urbana"
4052,2110,"COLEGIO MAYOR DE ANTIOQUIA",2025,2,"Antiguo",116181,"ESPECIALIZACIÓN EN GERENCIA DE LA CONSTRUCCIÓN","Masculino",5001,"Antioquia","Medellín","Colombia","Urbana"
4053,2110,"COLEGIO MAYOR DE ANTIOQUIA",2025,2,"Antiguo",116181,"ESPECIALIZACIÓN EN GERENCIA DE LA CONSTRUCCIÓN","Femenino",5001,"Antioquia","Caldas","Colombia","Urbana"
4054,2110,"COLEGIO MAYOR DE ANTIOQUIA",2025,2,"Antiguo",116181,"ESPECIALIZACIÓN EN GERENCIA DE LA CONSTRUCCIÓN","Masculino",5001,"Antioquia","Sabaneta","Colombia","Urbana"
4055,2110,"COLEGIO MAYOR DE ANTIOQUIA",2025,2,"Reintegro",116181,"ESPECIALIZACIÓN EN GERENCIA DE LA CONSTRUCCIÓN","Femenino",5001,"Antioquia","Medellín","Colombia","Urbana"
4056,2110,"COLEGIO MAYOR DE ANTIOQUIA",2025,2,"Reintegro",116181,"ESPECIALIZACIÓN EN GERENCIA DE LA CONSTRUCCIÓN","Masculino",5001,"Antioquia","Sabaneta","Colombia","Urbana"
4057,2110,"COLEGIO MAYOR DE ANTIOQUIA",2025,2,"Nuevo",116283,"ESPECIALIZACIÓN EN SISTEMAS DE INFORMACIÓN GEOGRÁFICA","Femenino",5001,"Antioquia","Medellín","Colombia","Urbana"
4058,2110,"COLEGIO MAYOR DE ANTIOQUIA",2025,2,"Nuevo",116283,"ESPECIALIZACIÓN EN SISTEMAS DE INFORMACIÓN GEOGRÁFICA","Masculino",5001,"Antioquia","Ríonegro","Colombia","Urbana"
4059,2110,"COLEGIO MAYOR DE ANTIOQUIA",2025,2,"Nuevo",116283,"ESPECIALIZACIÓN EN SISTEMAS DE INFORMACIÓN GEOGRÁFICA","Femenino",5001,"Antioquia","Medellín","Colombia","Urbana"
4060,2110,"COLEGIO MAYOR DE ANTIOQUIA",2025,2,"Nuevo",116283,"ESPECIALIZACIÓN EN SISTEMAS DE INFORMACIÓN GEOGRÁFICA","Femenino",5001,"Antioquia","Medellín","Colombia","Urbana"
4061,2110,"COLEGIO MAYOR DE ANTIOQUIA",2025,2,"Nuevo",116283,"ESPECIALIZACIÓN EN SISTEMAS DE INFORMACIÓN GEOGRÁFICA","Masculino",5001,"Antioquia","Ríonegro","Colombia","Urbana"
4062,2110,"COLEGIO MAYOR DE ANTIOQUIA",2025,2,"Nuevo",116283,"ESPECIALIZACIÓN EN SISTEMAS DE INFORMACIÓN GEOGRÁFICA","Masculino",5001,"Antioquia","Caldas","Colombia","Urbana"
4063,2110,"COLEGIO MAYOR DE ANTIOQUIA",2025,2,"Nuevo",116283,"ESPECIALIZACIÓN EN SISTEMAS DE INFORMACIÓN GEOGRÁFICA","Masculino",5001,"Antioquia","Ríonegro","Colombia","Urbana"
4064,2110,"COLEGIO MAYOR DE ANTIOQUIA",2025,2,"Nuevo",116283,"ESPECIALIZACIÓN EN SISTEMAS DE INFORMACIÓN GEOGRÁFICA","Masculino",5001,"Antioquia","Yolombó","Colombia","Urbana"
4065,2110,"COLEGIO MAYOR DE ANTIOQUIA",2025,2,"Nuevo",116283,"ESPECIALIZACIÓN EN SISTEMAS DE INFORMACIÓN GEOGRÁFICA","Femenino",5001,"Antioquia","Medellín","Colombia","Urbana"
4066,2110,"COLEGIO MAYOR DE ANTIOQUIA",2025,2,"Nuevo",116283,"ESPECIALIZACIÓN EN SISTEMAS DE INFORMACIÓN GEOGRÁFICA","Masculino",5001,"La Guajira","Maicao","Colombia","Urbana"
4067,2110,"COLEGIO MAYOR DE ANTIOQUIA",2025,2,"Nuevo",116283,"ESPECIALIZACIÓN EN SISTEMAS DE INFORMACIÓN GEOGRÁFICA","Masculino",5001,"Antioquia","Medellín","Colombia","Urbana"
4068,2110,"COLEGIO MAYOR DE ANTIOQUIA",2025,2,"Nuevo",116283,"ESPECIALIZACIÓN EN SISTEMAS DE INFORMACIÓN GEOGRÁFICA","Masculino",5001,"Antioquia","Medellín","Colombia","Urbana"
4069,2110,"COLEGIO MAYOR DE ANTIOQUIA",2025,2,"Nuevo",116283,"ESPECIALIZACIÓN EN SISTEMAS DE INFORMACIÓN GEOGRÁFICA","Masculino",5001,"Antioquia","Ríonegro","Colombia","Urbana"
4070,2110,"COLEGIO MAYOR DE ANTIOQUIA",2025,2,"Antiguo",3205,"ADMINISTRACION DE EMPRESAS TURISTICAS","Masculino",5001,"Antioquia","Medellín","Colombia","Urbana"
4071,2110,"COLEGIO MAYOR DE ANTIOQUIA",2025,2,"Nuevo",3205,"ADMINISTRACION DE EMPRESAS TURISTICAS","Femenino",5001,"Antioquia","Medellín","Colombia","Urbana"
4072,2110,"COLEGIO MAYOR DE ANTIOQUIA",2025,2,"Nuevo",3205,"ADMINISTRACION DE EMPRESAS TURISTICAS","Femenino",5001,"Antioquia","Bello","Colombia","Urbana"
4073,2110,"COLEGIO MAYOR DE ANTIOQUIA",2025,2,"Nuevo",3205,"ADMINISTRACION DE EMPRESAS TURISTICAS","Masculino",5001,"Antioquia","Bello","Colombia","Urbana"
4074,2110,"COLEGIO MAYOR DE ANTIOQUIA",2025,2,"Nuevo",3205,"ADMINISTRACION DE EMPRESAS TURISTICAS","Masculino",5001,"Antioquia","Medellín","Colombia","Urbana"
4075,2110,"COLEGIO MAYOR DE ANTIOQUIA",2025,2,"Nuevo",3205,"ADMINISTRACION DE EMPRESAS TURISTICAS","Masculino",5001,"Antioquia","Medellín","Colombia","Urbana"
4076,2110,"COLEGIO MAYOR DE ANTIOQUIA",2025,2,"Nuevo",3205,"ADMINISTRACION DE EMPRESAS TURISTICAS","Masculino",5001,"Antioquia","Medellín","Colombia","Urbana"
4077,2110,"COLEGIO MAYOR DE ANTIOQUIA",2025,2,"Nuevo",3205,"ADMINISTRACION DE EMPRESAS TURISTICAS","Masculino",5001,"Antioquia","Medellín","Colombia","Urbana"
4078,2110,"COLEGIO MAYOR DE ANTIOQUIA",2025,2,"Nuevo",3205,"ADMINISTRACION DE EMPRESAS TURISTICAS","Masculino",5001,"Antioquia","Medellín","Colombia","Urbana"
4079,2110,"COLEGIO MAYOR DE ANTIOQUIA",2025,2,"Nuevo",3205,"ADMINISTRACION DE EMPRESAS TURISTICAS","Femenino",5001,"Antioquia","Bello","Colombia","Urbana"
4080,2110,"COLEGIO MAYOR DE ANTIOQUIA",2025,2,"Nuevo",3205,"ADMINISTRACION DE EMPRESAS TURISTICAS","Femenino",5001,"Antioquia","Medellín","Colombia","Urbana"
4081,2110,"COLEGIO MAYOR DE ANTIOQUIA",2025,2,"Nuevo",3205,"ADMINISTRACION DE EMPRESAS TURISTICAS","Femenino",5001,"Antioquia","Medellín","Colombia","Urbana"
4082,2110,"COLEGIO MAYOR DE ANTIOQUIA",2025,2,"Nuevo",3205,"ADMINISTRACION DE EMPRESAS TURISTICAS","Femenino",5001,"Antioquia","Medellín","Colombia","Urbana"
4083,2110,"COLEGIO MAYOR DE ANTIOQUIA",2025,2,"Nuevo",3205,"ADMINISTRACION DE EMPRESAS TURISTICAS","Femenino",5001,"Antioquia","Medellín","Colombia","Urbana"
4084,2110,"COLEGIO MAYOR DE ANTIOQUIA",2025,2,"Nuevo",3205,"ADMINISTRACION DE EMPRESAS TURISTICAS","Masculino",5001,"Antioquia","Medellín","Colombia","Urbana"
4085,2110,"COLEGIO MAYOR DE ANTIOQUIA",2025,2,"Nuevo",3205,"ADMINISTRACION DE EMPRESAS TURISTICAS","Femenino",5001,"Antioquia","Medellín","Colombia","Urbana"
4086,2110,"COLEGIO MAYOR DE ANTIOQUIA",2025,2,"Nuevo",3205,"ADMINISTRACION DE EMPRESAS TURISTICAS","Femenino",5001,"Antioquia","Medellín","Colombia","Urbana"
4087,2110,"COLEGIO MAYOR DE ANTIOQUIA",2025,2,"Nuevo",3205,"ADMINISTRACION DE EMPRESAS TURISTICAS","Masculino",5001,"Antioquia","Medellín","Colombia","Urbana"
4088,2110,"COLEGIO MAYOR DE ANTIOQUIA",2025,2,"Nuevo",3205,"ADMINISTRACION DE EMPRESAS TURISTICAS","Femenino",5001,"Antioquia","Medellín","Colombia","Urbana"
4089,2110,"COLEGIO MAYOR DE ANTIOQUIA",2025,2,"Nuevo",3205,"ADMINISTRACION DE EMPRESAS TURISTICAS","Masculino",5001,"Antioquia","Medellín","Colombia","Urbana"
4090,2110,"COLEGIO MAYOR DE ANTIOQUIA",2025,2,"Nuevo",3205,"ADMINISTRACION DE EMPRESAS TURISTICAS","Femenino",5001,"Antioquia","Medellín","Colombia","Urbana"
4091,2110,"COLEGIO MAYOR DE ANTIOQUIA",2025,2,"Nuevo",3205,"ADMINISTRACION DE EMPRESAS TURISTICAS","Femenino",5001,"Antioquia","Medellín","Colombia","Urbana"
4092,2110,"COLEGIO MAYOR DE ANTIOQUIA",2025,2,"Nuevo",3205,"ADMINISTRACION DE EMPRESAS TURISTICAS","Femenino",5001,"Antioquia","Medellín","Colombia","Urbana"
4093,2110,"COLEGIO MAYOR DE ANTIOQUIA",2025,2,"Nuevo",3205,"ADMINISTRACION DE EMPRESAS TURISTICAS","Masculino",5001,"Antioquia","Medellín","Colombia","Urbana"
4094,2110,"COLEGIO MAYOR DE ANTIOQUIA",2025,2,"Nuevo",3205,"ADMINISTRACION DE EMPRESAS TURISTICAS","Femenino",5001,"Antioquia","Medellín","Colombia","Urbana"
4095,2110,"COLEGIO MAYOR DE ANTIOQUIA",2025,2,"Nuevo",3205,"ADMINISTRACION DE EMPRESAS TURISTICAS","Femenino",5001,"Antioquia","Medellín","Colombia","Urbana"
4096,2110,"COLEGIO MAYOR DE ANTIOQUIA",2025,2,"Nuevo",3205,"ADMINISTRACION DE EMPRESAS TURISTICAS","Femenino",5001,"Antioquia","Medellín","Colombia","Urbana"
4097,2110,"COLEGIO MAYOR DE ANTIOQUIA",2025,2,"Nuevo",3205,"ADMINISTRACION DE EMPRESAS TURISTICAS","Femenino",5001,"Antioquia","Medellín","Colombia","Urbana"
4098,2110,"COLEGIO MAYOR DE ANTIOQUIA",2025,2,"Nuevo",3205,"ADMINISTRACION DE EMPRESAS TURISTICAS","Masculino",5001,"Antioquia","Medellín","Colombia","Urbana"
4099,2110,"COLEGIO MAYOR DE ANTIOQUIA",2025,2,"Nuevo",3205,"ADMINISTRACION DE EMPRESAS TURISTICAS","Masculino",5001,"Antioquia","Medellín","Colombia","Urbana"
4100,2110,"COLEGIO MAYOR DE ANTIOQUIA",2025,2,"Nuevo",3205,"ADMINISTRACION DE EMPRESAS TURISTICAS","Masculino",5001,"Antioquia","Medellín","Colombia","Urbana"
4101,2110,"COLEGIO MAYOR DE ANTIOQUIA",2025,2,"Nuevo",3205,"ADMINISTRACION DE EMPRESAS TURISTICAS","Femenino",5001,"Antioquia","Medellín","Colombia","Urbana"
4102,2110,"COLEGIO MAYOR DE ANTIOQUIA",2025,2,"Transferencia externa",3205,"ADMINISTRACION DE EMPRESAS TURISTICAS","Femenino",5001,"Antioquia","Medellín","Colombia","Urbana"
4103,2110,"COLEGIO MAYOR DE ANTIOQUIA",2025,2,"Antiguo",3205,"ADMINISTRACION DE EMPRESAS TURISTICAS","Femenino",5001,"Antioquia","Medellín","Colombia","Urbana"
4104,2110,"COLEGIO MAYOR DE ANTIOQUIA",2025,2,"Antiguo",3205,"ADMINISTRACION DE EMPRESAS TURISTICAS","Femenino",5001,"Antioquia","Medellín","Colombia","Urbana"
4105,2110,"COLEGIO MAYOR DE ANTIOQUIA",2025,2,"Antiguo",3205,"ADMINISTRACION DE EMPRESAS TURISTICAS","Femenino",5001,"Antioquia","Yarumal","Colombia","Urbana"
4106,2110,"COLEGIO MAYOR DE ANTIOQUIA",2025,2,"Antiguo",3205,"ADMINISTRACION DE EMPRESAS TURISTICAS","Femenino",5001,"Antioquia","Medellín","Colombia","Urbana"
4107,2110,"COLEGIO MAYOR DE ANTIOQUIA",2025,2,"Antiguo",3205,"ADMINISTRACION DE EMPRESAS TURISTICAS","Femenino",5001,"Antioquia","Medellín","Colombia","Urbana"
4108,2110,"COLEGIO MAYOR DE ANTIOQUIA",2025,2,"Antiguo",3205,"ADMINISTRACION DE EMPRESAS TURISTICAS","Femenino",5001,"Antioquia","Medellín","Colombia","Urbana"
4109,2110,"COLEGIO MAYOR DE ANTIOQUIA",2025,2,"Antiguo",3205,"ADMINISTRACION DE EMPRESAS TURISTICAS","Femenino",5001,"Antioquia","Medellín","Colombia","Urbana"
4110,2110,"COLEGIO MAYOR DE ANTIOQUIA",2025,2,"Antiguo",3205,"ADMINISTRACION DE EMPRESAS TURISTICAS","Femenino",5001,"Antioquia","Bello","Colombia","Urbana"
4111,2110,"COLEGIO MAYOR DE ANTIOQUIA",2025,2,"Antiguo",3205,"ADMINISTRACION DE EMPRESAS TURISTICAS","Femenino",5001,"Antioquia","Medellín","Colombia","Urbana"
4112,2110,"COLEGIO MAYOR DE ANTIOQUIA",2025,2,"Antiguo",3205,"ADMINISTRACION DE EMPRESAS TURISTICAS","Femenino",5001,"Antioquia","Medellín","Colombia","Urbana"
4113,2110,"COLEGIO MAYOR DE ANTIOQUIA",2025,2,"Antiguo",3205,"ADMINISTRACION DE EMPRESAS TURISTICAS","Masculino",5001,"Antioquia","La Estrella","Colombia","Urbana"
4114,2110,"COLEGIO MAYOR DE ANTIOQUIA",2025,2,"Antiguo",3205,"ADMINISTRACION DE EMPRESAS TURISTICAS","Femenino",5001,"Antioquia","Medellín","Colombia","Urbana"
4115,2110,"COLEGIO MAYOR DE ANTIOQUIA",2025,2,"Antiguo",3205,"ADMINISTRACION DE EMPRESAS TURISTICAS","Femenino",5001,"Antioquia","Medellín","Colombia","Urbana"
4116,2110,"COLEGIO MAYOR DE ANTIOQUIA",2025,2,"Antiguo",3205,"ADMINISTRACION DE EMPRESAS TURISTICAS","Femenino",5001,"Antioquia","Medellín","Colombia","Urbana"
4117,2110,"COLEGIO MAYOR DE ANTIOQUIA",2025,2,"Antiguo",3205,"ADMINISTRACION DE EMPRESAS TURISTICAS","Femenino",5001,"Antioquia","Medellín","Colombia","Urbana"
4118,2110,"COLEGIO MAYOR DE ANTIOQUIA",2025,2,"Antiguo",3205,"ADMINISTRACION DE EMPRESAS TURISTICAS","Masculino",5001,"Antioquia","Medellín","Colombia","Urbana"
4119,2110,"COLEGIO MAYOR DE ANTIOQUIA",2025,2,"Antiguo",3205,"ADMINISTRACION DE EMPRESAS TURISTICAS","Femenino",5001,"Antioquia","Medellín","Colombia","Urbana"
4120,2110,"COLEGIO MAYOR DE ANTIOQUIA",2025,2,"Antiguo",3205,"ADMINISTRACION DE EMPRESAS TURISTICAS","Femenino",5001,"Antioquia","Medellín","Colombia","Urbana"
4121,2110,"COLEGIO MAYOR DE ANTIOQUIA",2025,2,"Antiguo",3205,"ADMINISTRACION DE EMPRESAS TURISTICAS","Femenino",5001,"Antioquia","Medellín","Colombia","Urbana"
4122,2110,"COLEGIO MAYOR DE ANTIOQUIA",2025,2,"Antiguo",3205,"ADMINISTRACION DE EMPRESAS TURISTICAS","Femenino",5001,"Antioquia","Medellín","Colombia","Urbana"
4123,2110,"COLEGIO MAYOR DE ANTIOQUIA",2025,2,"Antiguo",3205,"ADMINISTRACION DE EMPRESAS TURISTICAS","Femenino",5001,"Antioquia","Medellín","Colombia","Urbana"
4124,2110,"COLEGIO MAYOR DE ANTIOQUIA",2025,2,"Antiguo",3205,"ADMINISTRACION DE EMPRESAS TURISTICAS","Femenino",5001,"Antioquia","Medellín","Colombia","Urbana"
4125,2110,"COLEGIO MAYOR DE ANTIOQUIA",2025,2,"Antiguo",3205,"ADMINISTRACION DE EMPRESAS TURISTICAS","Femenino",5001,"Antioquia","Sopetrán","Colombia","Urbana"
4126,2110,"COLEGIO MAYOR DE ANTIOQUIA",2025,2,"Antiguo",3205,"ADMINISTRACION DE EMPRESAS TURISTICAS","Femenino",5001,"Antioquia","Medellín","Colombia","Urbana"
4127,2110,"COLEGIO MAYOR DE ANTIOQUIA",2025,2,"Antiguo",3205,"ADMINISTRACION DE EMPRESAS TURISTICAS","Femenino",5001,"Antioquia","Medellín","Colombia","Urbana"
4128,2110,"COLEGIO MAYOR DE ANTIOQUIA",2025,2,"Antiguo",3205,"ADMINISTRACION DE EMPRESAS TURISTICAS","Femenino",5001,"Antioquia","Medellín","Colombia","Urbana"
4129,2110,"COLEGIO MAYOR DE ANTIOQUIA",2025,2,"Antiguo",3205,"ADMINISTRACION DE EMPRESAS TURISTICAS","Femenino",5001,"Antioquia","Medellín","Colombia","Urbana"
4130,2110,"COLEGIO MAYOR DE ANTIOQUIA",2025,2,"Antiguo",3205,"ADMINISTRACION DE EMPRESAS TURISTICAS","Femenino",5001,"Antioquia","Bello","Colombia","Urbana"
4131,2110,"COLEGIO MAYOR DE ANTIOQUIA",2025,2,"Antiguo",3205,"ADMINISTRACION DE EMPRESAS TURISTICAS","Femenino",5001,"Antioquia","Medellín","Colombia","Urbana"
4132,2110,"COLEGIO MAYOR DE ANTIOQUIA",2025,2,"Antiguo",3205,"ADMINISTRACION DE EMPRESAS TURISTICAS","Femenino",5001,"Antioquia","Medellín","Colombia","Urbana"
4133,2110,"COLEGIO MAYOR DE ANTIOQUIA",2025,2,"Antiguo",3205,"ADMINISTRACION DE EMPRESAS TURISTICAS","Femenino",5001,"Antioquia","Medellín","Colombia","Urbana"
4134,2110,"COLEGIO MAYOR DE ANTIOQUIA",2025,2,"Antiguo",3205,"ADMINISTRACION DE EMPRESAS TURISTICAS","Femenino",5001,"Antioquia","Medellín","Colombia","Urbana"
4135,2110,"COLEGIO MAYOR DE ANTIOQUIA",2025,2,"Antiguo",3205,"ADMINISTRACION DE EMPRESAS TURISTICAS","Femenino",5001,"Antioquia","Medellín","Colombia","Urbana"
4136,2110,"COLEGIO MAYOR DE ANTIOQUIA",2025,2,"Antiguo",3205,"ADMINISTRACION DE EMPRESAS TURISTICAS","Masculino",5001,"Antioquia","Medellín","Colombia","Urbana"
4137,2110,"COLEGIO MAYOR DE ANTIOQUIA",2025,2,"Antiguo",3205,"ADMINISTRACION DE EMPRESAS TURISTICAS","Femenino",5001,"Antioquia","Medellín","Colombia","Urbana"
4138,2110,"COLEGIO MAYOR DE ANTIOQUIA",2025,2,"Antiguo",3205,"ADMINISTRACION DE EMPRESAS TURISTICAS","Masculino",5001,"Antioquia","Medellín","Colombia","Urbana"
4139,2110,"COLEGIO MAYOR DE ANTIOQUIA",2025,2,"Antiguo",3205,"ADMINISTRACION DE EMPRESAS TURISTICAS","Masculino",5001,"Antioquia","Medellín","Colombia","Urbana"
4140,2110,"COLEGIO MAYOR DE ANTIOQUIA",2025,2,"Antiguo",3205,"ADMINISTRACION DE EMPRESAS TURISTICAS","Femenino",5001,"Antioquia","Medellín","Colombia","Urbana"
4141,2110,"COLEGIO MAYOR DE ANTIOQUIA",2025,2,"Antiguo",3205,"ADMINISTRACION DE EMPRESAS TURISTICAS","Femenino",5001,"Antioquia","Medellín","Colombia","Urbana"
4142,2110,"COLEGIO MAYOR DE ANTIOQUIA",2025,2,"Antiguo",3205,"ADMINISTRACION DE EMPRESAS TURISTICAS","Femenino",5001,"Antioquia","Medellín","Colombia","Urbana"
4143,2110,"COLEGIO MAYOR DE ANTIOQUIA",2025,2,"Antiguo",3205,"ADMINISTRACION DE EMPRESAS TURISTICAS","Femenino",5001,"Antioquia","Medellín","Colombia","Urbana"
4144,2110,"COLEGIO MAYOR DE ANTIOQUIA",2025,2,"Antiguo",3205,"ADMINISTRACION DE EMPRESAS TURISTICAS","Femenino",5001,"Antioquia","Medellín","Colombia","Urbana"
4145,2110,"COLEGIO MAYOR DE ANTIOQUIA",2025,2,"Antiguo",3205,"ADMINISTRACION DE EMPRESAS TURISTICAS","Femenino",5001,"Antioquia","Medellín","Colombia","Urbana"
4146,2110,"COLEGIO MAYOR DE ANTIOQUIA",2025,2,"Antiguo",3205,"ADMINISTRACION DE EMPRESAS TURISTICAS","Masculino",5001,"Antioquia","Nechí","Colombia","Urbana"
4147,2110,"COLEGIO MAYOR DE ANTIOQUIA",2025,2,"Antiguo",3205,"ADMINISTRACION DE EMPRESAS TURISTICAS","Masculino",5001,"Antioquia","Medellín","Colombia","Urbana"
4148,2110,"COLEGIO MAYOR DE ANTIOQUIA",2025,2,"Antiguo",3205,"ADMINISTRACION DE EMPRESAS TURISTICAS","Femenino",5001,"Antioquia","Medellín","Colombia","Urbana"
4149,2110,"COLEGIO MAYOR DE ANTIOQUIA",2025,2,"Antiguo",3205,"ADMINISTRACION DE EMPRESAS TURISTICAS","Femenino",5001,"Antioquia","Itagüí","Colombia","Urbana"
4150,2110,"COLEGIO MAYOR DE ANTIOQUIA",2025,2,"Antiguo",3205,"ADMINISTRACION DE EMPRESAS TURISTICAS","Masculino",5001,"Antioquia","Medellín","Colombia","Urbana"
4151,2110,"COLEGIO MAYOR DE ANTIOQUIA",2025,2,"Antiguo",3205,"ADMINISTRACION DE EMPRESAS TURISTICAS","Femenino",5001,"Antioquia","Medellín","Colombia","Urbana"
4152,2110,"COLEGIO MAYOR DE ANTIOQUIA",2025,2,"Antiguo",3205,"ADMINISTRACION DE EMPRESAS TURISTICAS","Femenino",5001,"Antioquia","Medellín","Colombia","Urbana"
4153,2110,"COLEGIO MAYOR DE ANTIOQUIA",2025,2,"Antiguo",3205,"ADMINISTRACION DE EMPRESAS TURISTICAS","Femenino",5001,"Antioquia","Olaya","Colombia","Urbana"
4154,2110,"COLEGIO MAYOR DE ANTIOQUIA",2025,2,"Antiguo",3205,"ADMINISTRACION DE EMPRESAS TURISTICAS","Femenino",5001,"Antioquia","Medellín","Colombia","Urbana"
4155,2110,"COLEGIO MAYOR DE ANTIOQUIA",2025,2,"Antiguo",3205,"ADMINISTRACION DE EMPRESAS TURISTICAS","Masculino",5001,"Antioquia","Medellín","Colombia","Urbana"
4156,2110,"COLEGIO MAYOR DE ANTIOQUIA",2025,2,"Antiguo",3205,"ADMINISTRACION DE EMPRESAS TURISTICAS","Masculino",5001,"Antioquia","Medellín","Colombia","Urbana"
4157,2110,"COLEGIO MAYOR DE ANTIOQUIA",2025,2,"Antiguo",3205,"ADMINISTRACION DE EMPRESAS TURISTICAS","Femenino",5001,"Antioquia","Medellín","Colombia","Urbana"
4158,2110,"COLEGIO MAYOR DE ANTIOQUIA",2025,2,"Antiguo",3205,"ADMINISTRACION DE EMPRESAS TURISTICAS","Femenino",5001,"Antioquia","Medellín","Colombia","Urbana"
4159,2110,"COLEGIO MAYOR DE ANTIOQUIA",2025,2,"Antiguo",3205,"ADMINISTRACION DE EMPRESAS TURISTICAS","Masculino",5001,"Antioquia","Medellín","Colombia","Urbana"
4160,2110,"COLEGIO MAYOR DE ANTIOQUIA",2025,2,"Antiguo",3205,"ADMINISTRACION DE EMPRESAS TURISTICAS","Femenino",5001,"Antioquia","Medellín","Colombia","Urbana"
4161,2110,"COLEGIO MAYOR DE ANTIOQUIA",2025,2,"Antiguo",3205,"ADMINISTRACION DE EMPRESAS TURISTICAS","Femenino",5001,"Antioquia","Medellín","Colombia","Urbana"
4162,2110,"COLEGIO MAYOR DE ANTIOQUIA",2025,2,"Antiguo",3205,"ADMINISTRACION DE EMPRESAS TURISTICAS","Femenino",5001,"Antioquia","Medellín","Colombia","Urbana"
4163,2110,"COLEGIO MAYOR DE ANTIOQUIA",2025,2,"Antiguo",3205,"ADMINISTRACION DE EMPRESAS TURISTICAS","Femenino",5001,"Antioquia","Itagüí","Colombia","Urbana"
4164,2110,"COLEGIO MAYOR DE ANTIOQUIA",2025,2,"Antiguo",3205,"ADMINISTRACION DE EMPRESAS TURISTICAS","Femenino",5001,"Antioquia","Medellín","Colombia","Urbana"
4165,2110,"COLEGIO MAYOR DE ANTIOQUIA",2025,2,"Antiguo",3205,"ADMINISTRACION DE EMPRESAS TURISTICAS","Masculino",5001,"Antioquia","Medellín","Colombia","Urbana"
4166,2110,"COLEGIO MAYOR DE ANTIOQUIA",2025,2,"Antiguo",3205,"ADMINISTRACION DE EMPRESAS TURISTICAS","Femenino",5001,"Antioquia","Medellín","Colombia","Urbana"
4167,2110,"COLEGIO MAYOR DE ANTIOQUIA",2025,2,"Antiguo",3205,"ADMINISTRACION DE EMPRESAS TURISTICAS","Femenino",5001,"Antioquia","Medellín","Colombia","Urbana"
4168,2110,"COLEGIO MAYOR DE ANTIOQUIA",2025,2,"Antiguo",3205,"ADMINISTRACION DE EMPRESAS TURISTICAS","Femenino",5001,"Antioquia","Medellín","Colombia","Urbana"
4169,2110,"COLEGIO MAYOR DE ANTIOQUIA",2025,2,"Antiguo",3205,"ADMINISTRACION DE EMPRESAS TURISTICAS","Femenino",5001,"Antioquia","Medellín","Colombia","Urbana"
4170,2110,"COLEGIO MAYOR DE ANTIOQUIA",2025,2,"Antiguo",3205,"ADMINISTRACION DE EMPRESAS TURISTICAS","Masculino",5001,"Antioquia","Medellín","Colombia","Urbana"
4171,2110,"COLEGIO MAYOR DE ANTIOQUIA",2025,2,"Antiguo",3205,"ADMINISTRACION DE EMPRESAS TURISTICAS","Masculino",5001,"Antioquia","Medellín","Colombia","Urbana"
4172,2110,"COLEGIO MAYOR DE ANTIOQUIA",2025,2,"Antiguo",3205,"ADMINISTRACION DE EMPRESAS TURISTICAS","Femenino",5001,"Antioquia","Medellín","Colombia","Urbana"
4173,2110,"COLEGIO MAYOR DE ANTIOQUIA",2025,2,"Antiguo",3205,"ADMINISTRACION DE EMPRESAS TURISTICAS","Femenino",5001,"Antioquia","Medellín","Colombia","Urbana"
4174,2110,"COLEGIO MAYOR DE ANTIOQUIA",2025,2,"Antiguo",3205,"ADMINISTRACION DE EMPRESAS TURISTICAS","Femenino",5001,"Antioquia","Medellín","Colombia","Urbana"
4175,2110,"COLEGIO MAYOR DE ANTIOQUIA",2025,2,"Antiguo",3205,"ADMINISTRACION DE EMPRESAS TURISTICAS","Femenino",5001,"Antioquia","Medellín","Colombia","Urbana"
4176,2110,"COLEGIO MAYOR DE ANTIOQUIA",2025,2,"Antiguo",3205,"ADMINISTRACION DE EMPRESAS TURISTICAS","Femenino",5001,"Chocó","Acandí","Colombia","Urbana"
4177,2110,"COLEGIO MAYOR DE ANTIOQUIA",2025,2,"Antiguo",3205,"ADMINISTRACION DE EMPRESAS TURISTICAS","Masculino",5001,"Antioquia","Medellín","Colombia","Urbana"
4178,2110,"COLEGIO MAYOR DE ANTIOQUIA",2025,2,"Antiguo",3205,"ADMINISTRACION DE EMPRESAS TURISTICAS","Femenino",5001,"Antioquia","Medellín","Colombia","Urbana"
4179,2110,"COLEGIO MAYOR DE ANTIOQUIA",2025,2,"Antiguo",3205,"ADMINISTRACION DE EMPRESAS TURISTICAS","Femenino",5001,"Antioquia","Medellín","Colombia","Urbana"
4180,2110,"COLEGIO MAYOR DE ANTIOQUIA",2025,2,"Antiguo",3205,"ADMINISTRACION DE EMPRESAS TURISTICAS","Femenino",5001,"Antioquia","Medellín","Colombia","Urbana"
4181,2110,"COLEGIO MAYOR DE ANTIOQUIA",2025,2,"Antiguo",3205,"ADMINISTRACION DE EMPRESAS TURISTICAS","Femenino",5001,"Antioquia","Medellín","Colombia","Urbana"
4182,2110,"COLEGIO MAYOR DE ANTIOQUIA",2025,2,"Antiguo",3205,"ADMINISTRACION DE EMPRESAS TURISTICAS","Femenino",5001,"Antioquia","Medellín","Colombia","Urbana"
4183,2110,"COLEGIO MAYOR DE ANTIOQUIA",2025,2,"Antiguo",3205,"ADMINISTRACION DE EMPRESAS TURISTICAS","Masculino",5001,"Antioquia","Medellín","Colombia","Urbana"
4184,2110,"COLEGIO MAYOR DE ANTIOQUIA",2025,2,"Antiguo",3205,"ADMINISTRACION DE EMPRESAS TURISTICAS","Femenino",5001,"Antioquia","Medellín","Colombia","Urbana"
4185,2110,"COLEGIO MAYOR DE ANTIOQUIA",2025,2,"Antiguo",3205,"ADMINISTRACION DE EMPRESAS TURISTICAS","Masculino",5001,"Antioquia","La Ceja","Colombia","Urbana"
4186,2110,"COLEGIO MAYOR DE ANTIOQUIA",2025,2,"Antiguo",3205,"ADMINISTRACION DE EMPRESAS TURISTICAS","Masculino",5001,"Antioquia","Itagüí","Colombia","Urbana"
4187,2110,"COLEGIO MAYOR DE ANTIOQUIA",2025,2,"Antiguo",3205,"ADMINISTRACION DE EMPRESAS TURISTICAS","Femenino",5001,"Antioquia","Medellín","Colombia","Urbana"
4188,2110,"COLEGIO MAYOR DE ANTIOQUIA",2025,2,"Antiguo",3205,"ADMINISTRACION DE EMPRESAS TURISTICAS","Masculino",5001,"Antioquia","Medellín","Colombia","Urbana"
4189,2110,"COLEGIO MAYOR DE ANTIOQUIA",2025,2,"Antiguo",3205,"ADMINISTRACION DE EMPRESAS TURISTICAS","Femenino",5001,"Antioquia","Bello","Colombia","Urbana"
4190,2110,"COLEGIO MAYOR DE ANTIOQUIA",2025,2,"Antiguo",3205,"ADMINISTRACION DE EMPRESAS TURISTICAS","Femenino",5001,"Antioquia","Medellín","Colombia","Urbana"
4191,2110,"COLEGIO MAYOR DE ANTIOQUIA",2025,2,"Antiguo",3205,"ADMINISTRACION DE EMPRESAS TURISTICAS","Femenino",5001,"Antioquia","Medellín","Colombia","Urbana"
4192,2110,"COLEGIO MAYOR DE ANTIOQUIA",2025,2,"Antiguo",3205,"ADMINISTRACION DE EMPRESAS TURISTICAS","Femenino",5001,"Antioquia","Medellín","Colombia","Urbana"
4193,2110,"COLEGIO MAYOR DE ANTIOQUIA",2025,2,"Antiguo",3205,"ADMINISTRACION DE EMPRESAS TURISTICAS","Femenino",5001,"Antioquia","Medellín","Colombia","Urbana"
4194,2110,"COLEGIO MAYOR DE ANTIOQUIA",2025,2,"Antiguo",3205,"ADMINISTRACION DE EMPRESAS TURISTICAS","Femenino",5001,"Antioquia","Medellín","Colombia","Urbana"
4195,2110,"COLEGIO MAYOR DE ANTIOQUIA",2025,2,"Antiguo",3205,"ADMINISTRACION DE EMPRESAS TURISTICAS","Femenino",5001,"Antioquia","Medellín","Colombia","Urbana"
4196,2110,"COLEGIO MAYOR DE ANTIOQUIA",2025,2,"Antiguo",3205,"ADMINISTRACION DE EMPRESAS TURISTICAS","Femenino",5001,"Antioquia","Itagüí","Colombia","Urbana"
4197,2110,"COLEGIO MAYOR DE ANTIOQUIA",2025,2,"Antiguo",3205,"ADMINISTRACION DE EMPRESAS TURISTICAS","Femenino",5001,"Antioquia","Medellín","Colombia","Urbana"
4198,2110,"COLEGIO MAYOR DE ANTIOQUIA",2025,2,"Antiguo",3205,"ADMINISTRACION DE EMPRESAS TURISTICAS","Femenino",5001,"Antioquia","Medellín","Colombia","Urbana"
4199,2110,"COLEGIO MAYOR DE ANTIOQUIA",2025,2,"Antiguo",3205,"ADMINISTRACION DE EMPRESAS TURISTICAS","Femenino",5001,"Antioquia","Medellín","Colombia","Urbana"
4200,2110,"COLEGIO MAYOR DE ANTIOQUIA",2025,2,"Antiguo",3205,"ADMINISTRACION DE EMPRESAS TURISTICAS","Masculino",5001,"Antioquia","Medellín","Colombia","Urbana"
4201,2110,"COLEGIO MAYOR DE ANTIOQUIA",2025,2,"Antiguo",3205,"ADMINISTRACION DE EMPRESAS TURISTICAS","Femenino",5001,"Antioquia","Bello","Colombia","Urbana"
4202,2110,"COLEGIO MAYOR DE ANTIOQUIA",2025,2,"Antiguo",3205,"ADMINISTRACION DE EMPRESAS TURISTICAS","Femenino",5001,"Antioquia","Medellín","Colombia","Urbana"
4203,2110,"COLEGIO MAYOR DE ANTIOQUIA",2025,2,"Antiguo",3205,"ADMINISTRACION DE EMPRESAS TURISTICAS","Femenino",5001,"Antioquia","Medellín","Colombia","Urbana"
4204,2110,"COLEGIO MAYOR DE ANTIOQUIA",2025,2,"Antiguo",3205,"ADMINISTRACION DE EMPRESAS TURISTICAS","Femenino",5001,"Antioquia","Medellín","Colombia","Urbana"
4205,2110,"COLEGIO MAYOR DE ANTIOQUIA",2025,2,"Antiguo",3205,"ADMINISTRACION DE EMPRESAS TURISTICAS","Femenino",5001,"Antioquia","Medellín","Colombia","Urbana"
4206,2110,"COLEGIO MAYOR DE ANTIOQUIA",2025,2,"Antiguo",3205,"ADMINISTRACION DE EMPRESAS TURISTICAS","Femenino",5001,"Antioquia","Medellín","Colombia","Urbana"
4207,2110,"COLEGIO MAYOR DE ANTIOQUIA",2025,2,"Antiguo",3205,"ADMINISTRACION DE EMPRESAS TURISTICAS","Femenino",5001,"Antioquia","Medellín","Colombia","Urbana"
4208,2110,"COLEGIO MAYOR DE ANTIOQUIA",2025,2,"Antiguo",3205,"ADMINISTRACION DE EMPRESAS TURISTICAS","Femenino",5001,"Antioquia","Medellín","Colombia","Urbana"
4209,2110,"COLEGIO MAYOR DE ANTIOQUIA",2025,2,"Antiguo",3205,"ADMINISTRACION DE EMPRESAS TURISTICAS","Femenino",5001,"Antioquia","Medellín","Colombia","Urbana"
4210,2110,"COLEGIO MAYOR DE ANTIOQUIA",2025,2,"Antiguo",3205,"ADMINISTRACION DE EMPRESAS TURISTICAS","Masculino",5001,"Antioquia","Medellín","Colombia","Urbana"
4211,2110,"COLEGIO MAYOR DE ANTIOQUIA",2025,2,"Antiguo",3205,"ADMINISTRACION DE EMPRESAS TURISTICAS","Femenino",5001,"Antioquia","Medellín","Colombia","Urbana"
4212,2110,"COLEGIO MAYOR DE ANTIOQUIA",2025,2,"Antiguo",3205,"ADMINISTRACION DE EMPRESAS TURISTICAS","Femenino",5001,"Antioquia","Medellín","Colombia","Urbana"
4213,2110,"COLEGIO MAYOR DE ANTIOQUIA",2025,2,"Antiguo",3205,"ADMINISTRACION DE EMPRESAS TURISTICAS","Femenino",5001,"Antioquia","Medellín","Colombia","Urbana"
4214,2110,"COLEGIO MAYOR DE ANTIOQUIA",2025,2,"Antiguo",3205,"ADMINISTRACION DE EMPRESAS TURISTICAS","Femenino",5001,"Antioquia","Medellín","Colombia","Urbana"
4215,2110,"COLEGIO MAYOR DE ANTIOQUIA",2025,2,"Antiguo",3205,"ADMINISTRACION DE EMPRESAS TURISTICAS","Masculino",5001,"Antioquia","Medellín","Colombia","Urbana"
4216,2110,"COLEGIO MAYOR DE ANTIOQUIA",2025,2,"Antiguo",3205,"ADMINISTRACION DE EMPRESAS TURISTICAS","Femenino",5001,"Antioquia","Medellín","Colombia","Urbana"
4217,2110,"COLEGIO MAYOR DE ANTIOQUIA",2025,2,"Antiguo",3205,"ADMINISTRACION DE EMPRESAS TURISTICAS","Masculino",5001,"Antioquia","Medellín","Colombia","Urbana"
4218,2110,"COLEGIO MAYOR DE ANTIOQUIA",2025,2,"Antiguo",3205,"ADMINISTRACION DE EMPRESAS TURISTICAS","Masculino",5001,"Antioquia","Medellín","Colombia","Urbana"
4219,2110,"COLEGIO MAYOR DE ANTIOQUIA",2025,2,"Antiguo",3205,"ADMINISTRACION DE EMPRESAS TURISTICAS","Masculino",5001,"Antioquia","Medellín","Colombia","Urbana"
4220,2110,"COLEGIO MAYOR DE ANTIOQUIA",2025,2,"Antiguo",3205,"ADMINISTRACION DE EMPRESAS TURISTICAS","Femenino",5001,"Antioquia","Medellín","Colombia","Urbana"
4221,2110,"COLEGIO MAYOR DE ANTIOQUIA",2025,2,"Antiguo",3205,"ADMINISTRACION DE EMPRESAS TURISTICAS","Femenino",5001,"Antioquia","Medellín","Colombia","Urbana"
4222,2110,"COLEGIO MAYOR DE ANTIOQUIA",2025,2,"Antiguo",3205,"ADMINISTRACION DE EMPRESAS TURISTICAS","Femenino",5001,"Antioquia","Medellín","Colombia","Urbana"
4223,2110,"COLEGIO MAYOR DE ANTIOQUIA",2025,2,"Antiguo",3205,"ADMINISTRACION DE EMPRESAS TURISTICAS","Femenino",5001,"Antioquia","Medellín","Colombia","Urbana"
4224,2110,"COLEGIO MAYOR DE ANTIOQUIA",2025,2,"Antiguo",3205,"ADMINISTRACION DE EMPRESAS TURISTICAS","Femenino",5001,"Antioquia","Medellín","Colombia","Urbana"
4225,2110,"COLEGIO MAYOR DE ANTIOQUIA",2025,2,"Antiguo",3205,"ADMINISTRACION DE EMPRESAS TURISTICAS","Femenino",5001,"Antioquia","Gómez Plata","Colombia","Urbana"
4226,2110,"COLEGIO MAYOR DE ANTIOQUIA",2025,2,"Antiguo",3205,"ADMINISTRACION DE EMPRESAS TURISTICAS","Masculino",5001,"Antioquia","Medellín","Colombia","Urbana"
4227,2110,"COLEGIO MAYOR DE ANTIOQUIA",2025,2,"Antiguo",3205,"ADMINISTRACION DE EMPRESAS TURISTICAS","Femenino",5001,"Antioquia","Medellín","Colombia","Urbana"
4228,2110,"COLEGIO MAYOR DE ANTIOQUIA",2025,2,"Antiguo",3205,"ADMINISTRACION DE EMPRESAS TURISTICAS","Femenino",5001,"Antioquia","Medellín","Colombia","Urbana"
4229,2110,"COLEGIO MAYOR DE ANTIOQUIA",2025,2,"Antiguo",3205,"ADMINISTRACION DE EMPRESAS TURISTICAS","Femenino",5001,"Antioquia","Medellín","Colombia","Urbana"
4230,2110,"COLEGIO MAYOR DE ANTIOQUIA",2025,2,"Antiguo",3205,"ADMINISTRACION DE EMPRESAS TURISTICAS","Femenino",5001,"Antioquia","Medellín","Colombia","Urbana"
4231,2110,"COLEGIO MAYOR DE ANTIOQUIA",2025,2,"Antiguo",3205,"ADMINISTRACION DE EMPRESAS TURISTICAS","Femenino",5001,"Antioquia","Medellín","Colombia","Urbana"
4232,2110,"COLEGIO MAYOR DE ANTIOQUIA",2025,2,"Antiguo",3205,"ADMINISTRACION DE EMPRESAS TURISTICAS","Masculino",5001,"Antioquia","Medellín","Colombia","Urbana"
4233,2110,"COLEGIO MAYOR DE ANTIOQUIA",2025,2,"Antiguo",3205,"ADMINISTRACION DE EMPRESAS TURISTICAS","Femenino",5001,"Antioquia","Medellín","Colombia","Urbana"
4234,2110,"COLEGIO MAYOR DE ANTIOQUIA",2025,2,"Antiguo",3205,"ADMINISTRACION DE EMPRESAS TURISTICAS","Femenino",5001,"Antioquia","Medellín","Colombia","Urbana"
4235,2110,"COLEGIO MAYOR DE ANTIOQUIA",2025,2,"Antiguo",3205,"ADMINISTRACION DE EMPRESAS TURISTICAS","Femenino",5001,"Antioquia","Medellín","Colombia","Urbana"
4236,2110,"COLEGIO MAYOR DE ANTIOQUIA",2025,2,"Antiguo",3205,"ADMINISTRACION DE EMPRESAS TURISTICAS","Femenino",5001,"Antioquia","Mutatá","Colombia","Urbana"
4237,2110,"COLEGIO MAYOR DE ANTIOQUIA",2025,2,"Antiguo",3205,"ADMINISTRACION DE EMPRESAS TURISTICAS","Femenino",5001,"Antioquia","Medellín","Colombia","Urbana"
4238,2110,"COLEGIO MAYOR DE ANTIOQUIA",2025,2,"Antiguo",3205,"ADMINISTRACION DE EMPRESAS TURISTICAS","Masculino",5001,"Antioquia","Medellín","Colombia","Urbana"
4239,2110,"COLEGIO MAYOR DE ANTIOQUIA",2025,2,"Antiguo",3205,"ADMINISTRACION DE EMPRESAS TURISTICAS","Masculino",5001,"Antioquia","Medellín","Colombia","Urbana"
4240,2110,"COLEGIO MAYOR DE ANTIOQUIA",2025,2,"Antiguo",3205,"ADMINISTRACION DE EMPRESAS TURISTICAS","Femenino",5001,"Antioquia","Medellín","Colombia","Urbana"
4241,2110,"COLEGIO MAYOR DE ANTIOQUIA",2025,2,"Antiguo",3205,"ADMINISTRACION DE EMPRESAS TURISTICAS","Femenino",5001,"Bolívar","Cartagena","Colombia","Urbana"
4242,2110,"COLEGIO MAYOR DE ANTIOQUIA",2025,2,"Antiguo",3205,"ADMINISTRACION DE EMPRESAS TURISTICAS","Femenino",5001,"Antioquia","Medellín","Colombia","Urbana"
4243,2110,"COLEGIO MAYOR DE ANTIOQUIA",2025,2,"Antiguo",3205,"ADMINISTRACION DE EMPRESAS TURISTICAS","Femenino",5001,"Antioquia","Medellín","Colombia","Urbana"
4244,2110,"COLEGIO MAYOR DE ANTIOQUIA",2025,2,"Antiguo",3205,"ADMINISTRACION DE EMPRESAS TURISTICAS","Femenino",5001,"Antioquia","Medellín","Colombia","Urbana"
4245,2110,"COLEGIO MAYOR DE ANTIOQUIA",2025,2,"Antiguo",3205,"ADMINISTRACION DE EMPRESAS TURISTICAS","Femenino",5001,"Antioquia","Medellín","Colombia","Urbana"
4246,2110,"COLEGIO MAYOR DE ANTIOQUIA",2025,2,"Antiguo",3205,"ADMINISTRACION DE EMPRESAS TURISTICAS","Femenino",5001,"Antioquia","Medellín","Colombia","Urbana"
4247,2110,"COLEGIO MAYOR DE ANTIOQUIA",2025,2,"Antiguo",3205,"ADMINISTRACION DE EMPRESAS TURISTICAS","Masculino",5001,"Antioquia","Medellín","Colombia","Urbana"
4248,2110,"COLEGIO MAYOR DE ANTIOQUIA",2025,2,"Antiguo",3205,"ADMINISTRACION DE EMPRESAS TURISTICAS","Femenino",5001,"Antioquia","Medellín","Colombia","Urbana"
4249,2110,"COLEGIO MAYOR DE ANTIOQUIA",2025,2,"Antiguo",3205,"ADMINISTRACION DE EMPRESAS TURISTICAS","Femenino",5001,"Antioquia","Medellín","Colombia","Urbana"
4250,2110,"COLEGIO MAYOR DE ANTIOQUIA",2025,2,"Antiguo",3205,"ADMINISTRACION DE EMPRESAS TURISTICAS","Femenino",5001,"Antioquia","Medellín","Colombia","Urbana"
4251,2110,"COLEGIO MAYOR DE ANTIOQUIA",2025,2,"Antiguo",3205,"ADMINISTRACION DE EMPRESAS TURISTICAS","Femenino",5001,"Antioquia","Medellín","Colombia","Urbana"
4252,2110,"COLEGIO MAYOR DE ANTIOQUIA",2025,2,"Antiguo",3205,"ADMINISTRACION DE EMPRESAS TURISTICAS","Femenino",5001,"Antioquia","Medellín","Colombia","Urbana"
4253,2110,"COLEGIO MAYOR DE ANTIOQUIA",2025,2,"Antiguo",3205,"ADMINISTRACION DE EMPRESAS TURISTICAS","Masculino",5001,"Antioquia","Medellín","Colombia","Urbana"
4254,2110,"COLEGIO MAYOR DE ANTIOQUIA",2025,2,"Antiguo",3205,"ADMINISTRACION DE EMPRESAS TURISTICAS","Femenino",5001,"Antioquia","Medellín","Colombia","Urbana"
4255,2110,"COLEGIO MAYOR DE ANTIOQUIA",2025,2,"Antiguo",3205,"ADMINISTRACION DE EMPRESAS TURISTICAS","Femenino",5001,"Antioquia","Medellín","Colombia","Urbana"
4256,2110,"COLEGIO MAYOR DE ANTIOQUIA",2025,2,"Antiguo",3205,"ADMINISTRACION DE EMPRESAS TURISTICAS","Femenino",5001,"Antioquia","Medellín","Colombia","Urbana"
4257,2110,"COLEGIO MAYOR DE ANTIOQUIA",2025,2,"Antiguo",3205,"ADMINISTRACION DE EMPRESAS TURISTICAS","Femenino",5001,"Antioquia","Medellín","Colombia","Urbana"
4258,2110,"COLEGIO MAYOR DE ANTIOQUIA",2025,2,"Antiguo",3205,"ADMINISTRACION DE EMPRESAS TURISTICAS","Femenino",5001,"Antioquia","Medellín","Colombia","Urbana"
4259,2110,"COLEGIO MAYOR DE ANTIOQUIA",2025,2,"Antiguo",3205,"ADMINISTRACION DE EMPRESAS TURISTICAS","Femenino",5001,"Antioquia","Itagüí","Colombia","Urbana"
4260,2110,"COLEGIO MAYOR DE ANTIOQUIA",2025,2,"Antiguo",3205,"ADMINISTRACION DE EMPRESAS TURISTICAS","Femenino",5001,"Huila","Isnos","Colombia","Urbana"
4261,2110,"COLEGIO MAYOR DE ANTIOQUIA",2025,2,"Antiguo",3205,"ADMINISTRACION DE EMPRESAS TURISTICAS","Femenino",5001,"Antioquia","Medellín","Colombia","Urbana"
4262,2110,"COLEGIO MAYOR DE ANTIOQUIA",2025,2,"Antiguo",3205,"ADMINISTRACION DE EMPRESAS TURISTICAS","Masculino",5001,"Antioquia","Medellín","Colombia","Urbana"
4263,2110,"COLEGIO MAYOR DE ANTIOQUIA",2025,2,"Antiguo",3205,"ADMINISTRACION DE EMPRESAS TURISTICAS","Femenino",5001,"Antioquia","Medellín","Colombia","Urbana"
4264,2110,"COLEGIO MAYOR DE ANTIOQUIA",2025,2,"Antiguo",3205,"ADMINISTRACION DE EMPRESAS TURISTICAS","Femenino",5001,"Antioquia","Medellín","Colombia","Urbana"
4265,2110,"COLEGIO MAYOR DE ANTIOQUIA",2025,2,"Antiguo",3205,"ADMINISTRACION DE EMPRESAS TURISTICAS","Femenino",5001,"Antioquia","Medellín","Colombia","Urbana"
4266,2110,"COLEGIO MAYOR DE ANTIOQUIA",2025,2,"Antiguo",3205,"ADMINISTRACION DE EMPRESAS TURISTICAS","Masculino",5001,"Antioquia","Medellín","Colombia","Urbana"
4267,2110,"COLEGIO MAYOR DE ANTIOQUIA",2025,2,"Antiguo",3205,"ADMINISTRACION DE EMPRESAS TURISTICAS","Masculino",5001,"Antioquia","Medellín","Colombia","Urbana"
4268,2110,"COLEGIO MAYOR DE ANTIOQUIA",2025,2,"Antiguo",3205,"ADMINISTRACION DE EMPRESAS TURISTICAS","Masculino",5001,"Antioquia","Medellín","Colombia","Urbana"
4269,2110,"COLEGIO MAYOR DE ANTIOQUIA",2025,2,"Antiguo",3205,"ADMINISTRACION DE EMPRESAS TURISTICAS","Masculino",5001,"Antioquia","Medellín","Colombia","Urbana"
4270,2110,"COLEGIO MAYOR DE ANTIOQUIA",2025,2,"Antiguo",3205,"ADMINISTRACION DE EMPRESAS TURISTICAS","Femenino",5001,"Antioquia","Medellín","Colombia","Urbana"
4271,2110,"COLEGIO MAYOR DE ANTIOQUIA",2025,2,"Antiguo",3205,"ADMINISTRACION DE EMPRESAS TURISTICAS","Femenino",5001,"Antioquia","Medellín","Colombia","Urbana"
4272,2110,"COLEGIO MAYOR DE ANTIOQUIA",2025,2,"Antiguo",3205,"ADMINISTRACION DE EMPRESAS TURISTICAS","Masculino",5001,"Antioquia","Medellín","Colombia","Urbana"
4273,2110,"COLEGIO MAYOR DE ANTIOQUIA",2025,2,"Antiguo",3205,"ADMINISTRACION DE EMPRESAS TURISTICAS","Femenino",5001,"Antioquia","Medellín","Colombia","Urbana"
4274,2110,"COLEGIO MAYOR DE ANTIOQUIA",2025,2,"Antiguo",3205,"ADMINISTRACION DE EMPRESAS TURISTICAS","Masculino",5001,"Nariño","Samaniego","Colombia","Urbana"
4275,2110,"COLEGIO MAYOR DE ANTIOQUIA",2025,2,"Antiguo",3205,"ADMINISTRACION DE EMPRESAS TURISTICAS","Masculino",5001,"Antioquia","Medellín","Colombia","Urbana"
4276,2110,"COLEGIO MAYOR DE ANTIOQUIA",2025,2,"Antiguo",3205,"ADMINISTRACION DE EMPRESAS TURISTICAS","Femenino",5001,"Antioquia","Medellín","Colombia","Urbana"
4277,2110,"COLEGIO MAYOR DE ANTIOQUIA",2025,2,"Antiguo",3205,"ADMINISTRACION DE EMPRESAS TURISTICAS","Femenino",5001,"Antioquia","Itagüí","Colombia","Urbana"
4278,2110,"COLEGIO MAYOR DE ANTIOQUIA",2025,2,"Antiguo",3205,"ADMINISTRACION DE EMPRESAS TURISTICAS","Masculino",5001,"Antioquia","Medellín","Colombia","Urbana"
4279,2110,"COLEGIO MAYOR DE ANTIOQUIA",2025,2,"Antiguo",3205,"ADMINISTRACION DE EMPRESAS TURISTICAS","Femenino",5001,"Antioquia","Medellín","Colombia","Urbana"
4280,2110,"COLEGIO MAYOR DE ANTIOQUIA",2025,2,"Antiguo",3205,"ADMINISTRACION DE EMPRESAS TURISTICAS","Masculino",5001,"Antioquia","Medellín","Colombia","Urbana"
4281,2110,"COLEGIO MAYOR DE ANTIOQUIA",2025,2,"Antiguo",3205,"ADMINISTRACION DE EMPRESAS TURISTICAS","Femenino",5001,"Antioquia","Medellín","Colombia","Urbana"
4282,2110,"COLEGIO MAYOR DE ANTIOQUIA",2025,2,"Antiguo",3205,"ADMINISTRACION DE EMPRESAS TURISTICAS","Femenino",5001,"Antioquia","Medellín","Colombia","Urbana"
4283,2110,"COLEGIO MAYOR DE ANTIOQUIA",2025,2,"Antiguo",3205,"ADMINISTRACION DE EMPRESAS TURISTICAS","Femenino",5001,"Antioquia","Medellín","Colombia","Urbana"
4284,2110,"COLEGIO MAYOR DE ANTIOQUIA",2025,2,"Antiguo",3205,"ADMINISTRACION DE EMPRESAS TURISTICAS","Femenino",5001,"Antioquia","Medellín","Colombia","Urbana"
4285,2110,"COLEGIO MAYOR DE ANTIOQUIA",2025,2,"Antiguo",3205,"ADMINISTRACION DE EMPRESAS TURISTICAS","Masculino",5001,"Antioquia","Medellín","Colombia","Urbana"
4286,2110,"COLEGIO MAYOR DE ANTIOQUIA",2025,2,"Antiguo",3205,"ADMINISTRACION DE EMPRESAS TURISTICAS","Femenino",5001,"Antioquia","Medellín","Colombia","Urbana"
4287,2110,"COLEGIO MAYOR DE ANTIOQUIA",2025,2,"Antiguo",3205,"ADMINISTRACION DE EMPRESAS TURISTICAS","Masculino",5001,"Antioquia","Medellín","Colombia","Urbana"
4288,2110,"COLEGIO MAYOR DE ANTIOQUIA",2025,2,"Antiguo",3205,"ADMINISTRACION DE EMPRESAS TURISTICAS","Femenino",5001,"Antioquia","Medellín","Colombia","Urbana"
4289,2110,"COLEGIO MAYOR DE ANTIOQUIA",2025,2,"Antiguo",3205,"ADMINISTRACION DE EMPRESAS TURISTICAS","Femenino",5001,"Antioquia","Medellín","Colombia","Urbana"
4290,2110,"COLEGIO MAYOR DE ANTIOQUIA",2025,2,"Antiguo",3205,"ADMINISTRACION DE EMPRESAS TURISTICAS","Masculino",5001,"Antioquia","Medellín","Colombia","Urbana"
4291,2110,"COLEGIO MAYOR DE ANTIOQUIA",2025,2,"Antiguo",3205,"ADMINISTRACION DE EMPRESAS TURISTICAS","Masculino",5001,"Antioquia","Medellín","Colombia","Urbana"
4292,2110,"COLEGIO MAYOR DE ANTIOQUIA",2025,2,"Antiguo",3205,"ADMINISTRACION DE EMPRESAS TURISTICAS","Femenino",5001,"Antioquia","Medellín","Colombia","Urbana"
4293,2110,"COLEGIO MAYOR DE ANTIOQUIA",2025,2,"Antiguo",3205,"ADMINISTRACION DE EMPRESAS TURISTICAS","Femenino",5001,"Antioquia","Medellín","Colombia","Urbana"
4294,2110,"COLEGIO MAYOR DE ANTIOQUIA",2025,2,"Antiguo",3205,"ADMINISTRACION DE EMPRESAS TURISTICAS","Femenino",5001,"Antioquia","Medellín","Colombia","Urbana"
4295,2110,"COLEGIO MAYOR DE ANTIOQUIA",2025,2,"Antiguo",3205,"ADMINISTRACION DE EMPRESAS TURISTICAS","Femenino",5001,"Antioquia","Andes","Colombia","Urbana"
4296,2110,"COLEGIO MAYOR DE ANTIOQUIA",2025,2,"Antiguo",3205,"ADMINISTRACION DE EMPRESAS TURISTICAS","Femenino",5001,"Antioquia","Medellín","Colombia","Urbana"
4297,2110,"COLEGIO MAYOR DE ANTIOQUIA",2025,2,"Antiguo",3205,"ADMINISTRACION DE EMPRESAS TURISTICAS","Femenino",5001,"Antioquia","Medellín","Colombia","Urbana"
4298,2110,"COLEGIO MAYOR DE ANTIOQUIA",2025,2,"Antiguo",3205,"ADMINISTRACION DE EMPRESAS TURISTICAS","Masculino",5001,"Antioquia","Medellín","Colombia","Urbana"
4299,2110,"COLEGIO MAYOR DE ANTIOQUIA",2025,2,"Antiguo",3205,"ADMINISTRACION DE EMPRESAS TURISTICAS","Femenino",5001,"Antioquia","Medellín","Colombia","Urbana"
4300,2110,"COLEGIO MAYOR DE ANTIOQUIA",2025,2,"Antiguo",3205,"ADMINISTRACION DE EMPRESAS TURISTICAS","Masculino",5001,"Antioquia","Itagüí","Colombia","Urbana"
4301,2110,"COLEGIO MAYOR DE ANTIOQUIA",2025,2,"Antiguo",3205,"ADMINISTRACION DE EMPRESAS TURISTICAS","Femenino",5001,"Antioquia","Medellín","Colombia","Urbana"
4302,2110,"COLEGIO MAYOR DE ANTIOQUIA",2025,2,"Antiguo",3205,"ADMINISTRACION DE EMPRESAS TURISTICAS","Femenino",5001,"Antioquia","San Carlos","Colombia","Urbana"
4303,2110,"COLEGIO MAYOR DE ANTIOQUIA",2025,2,"Antiguo",3205,"ADMINISTRACION DE EMPRESAS TURISTICAS","Masculino",5001,"Antioquia","Medellín","Colombia","Urbana"
4304,2110,"COLEGIO MAYOR DE ANTIOQUIA",2025,2,"Antiguo",3205,"ADMINISTRACION DE EMPRESAS TURISTICAS","Femenino",5001,"Antioquia","Medellín","Colombia","Urbana"
4305,2110,"COLEGIO MAYOR DE ANTIOQUIA",2025,2,"Antiguo",3205,"ADMINISTRACION DE EMPRESAS TURISTICAS","Femenino",5001,"Antioquia","Medellín","Colombia","Urbana"
4306,2110,"COLEGIO MAYOR DE ANTIOQUIA",2025,2,"Antiguo",3205,"ADMINISTRACION DE EMPRESAS TURISTICAS","Masculino",5001,"Antioquia","Medellín","Colombia","Urbana"
4307,2110,"COLEGIO MAYOR DE ANTIOQUIA",2025,2,"Antiguo",3205,"ADMINISTRACION DE EMPRESAS TURISTICAS","Femenino",5001,"Antioquia","Medellín","Colombia","Urbana"
4308,2110,"COLEGIO MAYOR DE ANTIOQUIA",2025,2,"Antiguo",3205,"ADMINISTRACION DE EMPRESAS TURISTICAS","Femenino",5001,"Antioquia","Medellín","Colombia","Urbana"
4309,2110,"COLEGIO MAYOR DE ANTIOQUIA",2025,2,"Antiguo",3205,"ADMINISTRACION DE EMPRESAS TURISTICAS","Femenino",5001,"Antioquia","Medellín","Colombia","Urbana"
4310,2110,"COLEGIO MAYOR DE ANTIOQUIA",2025,2,"Antiguo",3205,"ADMINISTRACION DE EMPRESAS TURISTICAS","Femenino",5001,"Antioquia","Bello","Colombia","Urbana"
4311,2110,"COLEGIO MAYOR DE ANTIOQUIA",2025,2,"Antiguo",3205,"ADMINISTRACION DE EMPRESAS TURISTICAS","Femenino",5001,"Antioquia","Medellín","Colombia","Urbana"
4312,2110,"COLEGIO MAYOR DE ANTIOQUIA",2025,2,"Antiguo",3205,"ADMINISTRACION DE EMPRESAS TURISTICAS","Femenino",5001,"Antioquia","Medellín","Colombia","Urbana"
4313,2110,"COLEGIO MAYOR DE ANTIOQUIA",2025,2,"Antiguo",3205,"ADMINISTRACION DE EMPRESAS TURISTICAS","Femenino",5001,"Antioquia","Medellín","Colombia","Urbana"
4314,2110,"COLEGIO MAYOR DE ANTIOQUIA",2025,2,"Antiguo",3205,"ADMINISTRACION DE EMPRESAS TURISTICAS","Femenino",5001,"Antioquia","Medellín","Colombia","Urbana"
4315,2110,"COLEGIO MAYOR DE ANTIOQUIA",2025,2,"Antiguo",3205,"ADMINISTRACION DE EMPRESAS TURISTICAS","Femenino",5001,"Antioquia","Medellín","Colombia","Urbana"
4316,2110,"COLEGIO MAYOR DE ANTIOQUIA",2025,2,"Antiguo",3205,"ADMINISTRACION DE EMPRESAS TURISTICAS","Femenino",5001,"Antioquia","Bello","Colombia","Urbana"
4317,2110,"COLEGIO MAYOR DE ANTIOQUIA",2025,2,"Antiguo",3205,"ADMINISTRACION DE EMPRESAS TURISTICAS","Femenino",5001,"Antioquia","Bello","Colombia","Urbana"
4318,2110,"COLEGIO MAYOR DE ANTIOQUIA",2025,2,"Antiguo",3205,"ADMINISTRACION DE EMPRESAS TURISTICAS","Femenino",5001,"Antioquia","Medellín","Colombia","Urbana"
4319,2110,"COLEGIO MAYOR DE ANTIOQUIA",2025,2,"Antiguo",3205,"ADMINISTRACION DE EMPRESAS TURISTICAS","Femenino",5001,"Antioquia","Medellín","Colombia","Urbana"
4320,2110,"COLEGIO MAYOR DE ANTIOQUIA",2025,2,"Antiguo",3205,"ADMINISTRACION DE EMPRESAS TURISTICAS","Femenino",5001,"Antioquia","Medellín","Colombia","Urbana"
4321,2110,"COLEGIO MAYOR DE ANTIOQUIA",2025,2,"Antiguo",3205,"ADMINISTRACION DE EMPRESAS TURISTICAS","Femenino",5001,"Antioquia","Medellín","Colombia","Urbana"
4322,2110,"COLEGIO MAYOR DE ANTIOQUIA",2025,2,"Antiguo",3205,"ADMINISTRACION DE EMPRESAS TURISTICAS","Femenino",5001,"Antioquia","Medellín","Colombia","Urbana"
4323,2110,"COLEGIO MAYOR DE ANTIOQUIA",2025,2,"Antiguo",3205,"ADMINISTRACION DE EMPRESAS TURISTICAS","Femenino",5001,"Antioquia","Medellín","Colombia","Urbana"
4324,2110,"COLEGIO MAYOR DE ANTIOQUIA",2025,2,"Antiguo",3205,"ADMINISTRACION DE EMPRESAS TURISTICAS","Masculino",5001,"Antioquia","Bello","Colombia","Urbana"
4325,2110,"COLEGIO MAYOR DE ANTIOQUIA",2025,2,"Antiguo",3205,"ADMINISTRACION DE EMPRESAS TURISTICAS","Masculino",5001,"Antioquia","Medellín","Colombia","Urbana"
4326,2110,"COLEGIO MAYOR DE ANTIOQUIA",2025,2,"Antiguo",3205,"ADMINISTRACION DE EMPRESAS TURISTICAS","Femenino",5001,"Antioquia","La Estrella","Colombia","Urbana"
4327,2110,"COLEGIO MAYOR DE ANTIOQUIA",2025,2,"Antiguo",3205,"ADMINISTRACION DE EMPRESAS TURISTICAS","Femenino",5001,"Cesar","Chiriguaná","Colombia","Urbana"
4328,2110,"COLEGIO MAYOR DE ANTIOQUIA",2025,2,"Antiguo",3205,"ADMINISTRACION DE EMPRESAS TURISTICAS","Femenino",5001,"Antioquia","Medellín","Colombia","Urbana"
4329,2110,"COLEGIO MAYOR DE ANTIOQUIA",2025,2,"Antiguo",3205,"ADMINISTRACION DE EMPRESAS TURISTICAS","Femenino",5001,"Antioquia","Copacabana","Colombia","Urbana"
4330,2110,"COLEGIO MAYOR DE ANTIOQUIA",2025,2,"Antiguo",3205,"ADMINISTRACION DE EMPRESAS TURISTICAS","Masculino",5001,"Antioquia","Itagüí","Colombia","Urbana"
4331,2110,"COLEGIO MAYOR DE ANTIOQUIA",2025,2,"Antiguo",3205,"ADMINISTRACION DE EMPRESAS TURISTICAS","Femenino",5001,"Antioquia","Medellín","Colombia","Urbana"
4332,2110,"COLEGIO MAYOR DE ANTIOQUIA",2025,2,"Antiguo",3205,"ADMINISTRACION DE EMPRESAS TURISTICAS","Masculino",5001,"Antioquia","Bello","Colombia","Urbana"
4333,2110,"COLEGIO MAYOR DE ANTIOQUIA",2025,2,"Antiguo",3205,"ADMINISTRACION DE EMPRESAS TURISTICAS","Femenino",5001,"Antioquia","Medellín","Colombia","Urbana"
4334,2110,"COLEGIO MAYOR DE ANTIOQUIA",2025,2,"Antiguo",3205,"ADMINISTRACION DE EMPRESAS TURISTICAS","Masculino",5001,"Antioquia","Medellín","Colombia","Urbana"
4335,2110,"COLEGIO MAYOR DE ANTIOQUIA",2025,2,"Antiguo",3205,"ADMINISTRACION DE EMPRESAS TURISTICAS","Femenino",5001,"Antioquia","Medellín","Colombia","Urbana"
4336,2110,"COLEGIO MAYOR DE ANTIOQUIA",2025,2,"Antiguo",3205,"ADMINISTRACION DE EMPRESAS TURISTICAS","Femenino",5001,"Antioquia","Medellín","Colombia","Urbana"
4337,2110,"COLEGIO MAYOR DE ANTIOQUIA",2025,2,"Antiguo",3205,"ADMINISTRACION DE EMPRESAS TURISTICAS","Femenino",5001,"Antioquia","Medellín","Colombia","Urbana"
4338,2110,"COLEGIO MAYOR DE ANTIOQUIA",2025,2,"Antiguo",3205,"ADMINISTRACION DE EMPRESAS TURISTICAS","Masculino",5001,"Antioquia","Medellín","Colombia","Urbana"
4339,2110,"COLEGIO MAYOR DE ANTIOQUIA",2025,2,"Antiguo",3205,"ADMINISTRACION DE EMPRESAS TURISTICAS","Masculino",5001,"Antioquia","Medellín","Colombia","Urbana"
4340,2110,"COLEGIO MAYOR DE ANTIOQUIA",2025,2,"Antiguo",3205,"ADMINISTRACION DE EMPRESAS TURISTICAS","Masculino",5001,"Antioquia","Medellín","Colombia","Urbana"
4341,2110,"COLEGIO MAYOR DE ANTIOQUIA",2025,2,"Antiguo",3205,"ADMINISTRACION DE EMPRESAS TURISTICAS","Femenino",5001,"Antioquia","Medellín","Colombia","Urbana"
4342,2110,"COLEGIO MAYOR DE ANTIOQUIA",2025,2,"Antiguo",3205,"ADMINISTRACION DE EMPRESAS TURISTICAS","Femenino",5001,"Antioquia","Medellín","Colombia","Urbana"
4343,2110,"COLEGIO MAYOR DE ANTIOQUIA",2025,2,"Antiguo",3205,"ADMINISTRACION DE EMPRESAS TURISTICAS","Femenino",5001,"Antioquia","Medellín","Colombia","Urbana"
4344,2110,"COLEGIO MAYOR DE ANTIOQUIA",2025,2,"Antiguo",3205,"ADMINISTRACION DE EMPRESAS TURISTICAS","Femenino",5001,"Antioquia","Medellín","Colombia","Urbana"
4345,2110,"COLEGIO MAYOR DE ANTIOQUIA",2025,2,"Antiguo",3205,"ADMINISTRACION DE EMPRESAS TURISTICAS","Femenino",5001,"Antioquia","Bello","Colombia","Urbana"
4346,2110,"COLEGIO MAYOR DE ANTIOQUIA",2025,2,"Antiguo",3205,"ADMINISTRACION DE EMPRESAS TURISTICAS","Femenino",5001,"Antioquia","Titiribí","Colombia","Urbana"
4347,2110,"COLEGIO MAYOR DE ANTIOQUIA",2025,2,"Antiguo",3205,"ADMINISTRACION DE EMPRESAS TURISTICAS","Masculino",5001,"Antioquia","Medellín","Colombia","Urbana"
4348,2110,"COLEGIO MAYOR DE ANTIOQUIA",2025,2,"Antiguo",3205,"ADMINISTRACION DE EMPRESAS TURISTICAS","Femenino",5001,"Antioquia","Medellín","Colombia","Urbana"
4349,2110,"COLEGIO MAYOR DE ANTIOQUIA",2025,2,"Antiguo",3205,"ADMINISTRACION DE EMPRESAS TURISTICAS","Femenino",5001,"Antioquia","Bello","Colombia","Urbana"
4350,2110,"COLEGIO MAYOR DE ANTIOQUIA",2025,2,"Antiguo",3205,"ADMINISTRACION DE EMPRESAS TURISTICAS","Femenino",5001,"Antioquia","Medellín","Colombia","Urbana"
4351,2110,"COLEGIO MAYOR DE ANTIOQUIA",2025,2,"Antiguo",3205,"ADMINISTRACION DE EMPRESAS TURISTICAS","Femenino",5001,"Antioquia","Medellín","Colombia","Urbana"
4352,2110,"COLEGIO MAYOR DE ANTIOQUIA",2025,2,"Antiguo",3205,"ADMINISTRACION DE EMPRESAS TURISTICAS","Femenino",5001,"Antioquia","Medellín","Colombia","Urbana"
4353,2110,"COLEGIO MAYOR DE ANTIOQUIA",2025,2,"Antiguo",3205,"ADMINISTRACION DE EMPRESAS TURISTICAS","Femenino",5001,"Antioquia","Medellín","Colombia","Urbana"
4354,2110,"COLEGIO MAYOR DE ANTIOQUIA",2025,2,"Antiguo",3205,"ADMINISTRACION DE EMPRESAS TURISTICAS","Femenino",5001,"Antioquia","Bello","Colombia","Urbana"
4355,2110,"COLEGIO MAYOR DE ANTIOQUIA",2025,2,"Antiguo",3205,"ADMINISTRACION DE EMPRESAS TURISTICAS","Femenino",5001,"Antioquia","Medellín","Colombia","Urbana"
4356,2110,"COLEGIO MAYOR DE ANTIOQUIA",2025,2,"Antiguo",3205,"ADMINISTRACION DE EMPRESAS TURISTICAS","Femenino",5001,"Antioquia","Medellín","Colombia","Urbana"
4357,2110,"COLEGIO MAYOR DE ANTIOQUIA",2025,2,"Antiguo",3205,"ADMINISTRACION DE EMPRESAS TURISTICAS","Femenino",5001,"Antioquia","Medellín","Colombia","Urbana"
4358,2110,"COLEGIO MAYOR DE ANTIOQUIA",2025,2,"Antiguo",3205,"ADMINISTRACION DE EMPRESAS TURISTICAS","Femenino",5001,"Antioquia","Medellín","Colombia","Urbana"
4359,2110,"COLEGIO MAYOR DE ANTIOQUIA",2025,2,"Antiguo",3205,"ADMINISTRACION DE EMPRESAS TURISTICAS","Femenino",5001,"Antioquia","Medellín","Colombia","Urbana"
4360,2110,"COLEGIO MAYOR DE ANTIOQUIA",2025,2,"Antiguo",3205,"ADMINISTRACION DE EMPRESAS TURISTICAS","Masculino",5001,"Antioquia","Medellín","Colombia","Urbana"
4361,2110,"COLEGIO MAYOR DE ANTIOQUIA",2025,2,"Reingreso",3205,"ADMINISTRACION DE EMPRESAS TURISTICAS","Femenino",5001,"Antioquia","Medellín","Colombia","Urbana"
4362,2110,"COLEGIO MAYOR DE ANTIOQUIA",2025,2,"Reingreso",3205,"ADMINISTRACION DE EMPRESAS TURISTICAS","Masculino",5001,"Antioquia","Medellín","Colombia","Urbana"
4363,2110,"COLEGIO MAYOR DE ANTIOQUIA",2025,2,"Reingreso",3205,"ADMINISTRACION DE EMPRESAS TURISTICAS","Masculino",5001,"Antioquia","Medellín","Colombia","Urbana"
4364,2110,"COLEGIO MAYOR DE ANTIOQUIA",2025,2,"Reingreso",3205,"ADMINISTRACION DE EMPRESAS TURISTICAS","Femenino",5001,"Antioquia","Medellín","Colombia","Urbana"
4365,2110,"COLEGIO MAYOR DE ANTIOQUIA",2025,2,"Reingreso",3205,"ADMINISTRACION DE EMPRESAS TURISTICAS","Femenino",5001,"Antioquia","Medellín","Colombia","Urbana"
4366,2110,"COLEGIO MAYOR DE ANTIOQUIA",2025,2,"Reintegro",3205,"ADMINISTRACION DE EMPRESAS TURISTICAS","Femenino",5001,"Antioquia","Medellín","Colombia","Urbana"
4367,2110,"COLEGIO MAYOR DE ANTIOQUIA",2025,2,"Reintegro",3205,"ADMINISTRACION DE EMPRESAS TURISTICAS","Masculino",5001,"Antioquia","Medellín","Colombia","Urbana"
4368,2110,"COLEGIO MAYOR DE ANTIOQUIA",2025,2,"Asistentes",3205,"ADMINISTRACION DE EMPRESAS TURISTICAS","Femenino",5001,"Antioquia","Medellín","Colombia","Urbana"
4369,2110,"COLEGIO MAYOR DE ANTIOQUIA",2025,2,"Asistentes",3205,"ADMINISTRACION DE EMPRESAS TURISTICAS","Femenino",5001,"Antioquia","Medellín","Colombia","Urbana"
4370,2110,"COLEGIO MAYOR DE ANTIOQUIA",2025,2,"Asistentes",3205,"ADMINISTRACION DE EMPRESAS TURISTICAS","Femenino",5001,"Antioquia","Medellín","Colombia","Urbana"
4371,2110,"COLEGIO MAYOR DE ANTIOQUIA",2025,2,"Asistentes",3205,"ADMINISTRACION DE EMPRESAS TURISTICAS","Femenino",5001,"Antioquia","Medellín","Colombia","Urbana"
4372,2110,"COLEGIO MAYOR DE ANTIOQUIA",2025,2,"Asistentes",3205,"ADMINISTRACION DE EMPRESAS TURISTICAS","Masculino",5001,"Antioquia","Medellín","Colombia","Urbana"
4373,2110,"COLEGIO MAYOR DE ANTIOQUIA",2025,2,"Asistentes",3205,"ADMINISTRACION DE EMPRESAS TURISTICAS","Masculino",5001,"Antioquia","Medellín","Colombia","Urbana"
4374,2110,"COLEGIO MAYOR DE ANTIOQUIA",2025,2,"Asistentes",3205,"ADMINISTRACION DE EMPRESAS TURISTICAS","Masculino",5001,"Antioquia","Medellín","Colombia","Urbana"
4375,2110,"COLEGIO MAYOR DE ANTIOQUIA",2025,2,"Asistentes",3205,"ADMINISTRACION DE EMPRESAS TURISTICAS","Femenino",5001,"Antioquia","Medellín","Colombia","Urbana"
4376,2110,"COLEGIO MAYOR DE ANTIOQUIA",2025,2,"Asistentes",3205,"ADMINISTRACION DE EMPRESAS TURISTICAS","Femenino",5001,"Antioquia","Medellín","Colombia","Urbana"
4377,2110,"COLEGIO MAYOR DE ANTIOQUIA",2025,2,"Antiguo",105436,"TECNOLOGIA EN GESTIÓN DE SERVICIOS GASTRONOMICOS","Masculino",5001,"Antioquia","Medellín","Colombia","Urbana"
4378,2110,"COLEGIO MAYOR DE ANTIOQUIA",2025,2,"Antiguo",105436,"TECNOLOGIA EN GESTIÓN DE SERVICIOS GASTRONOMICOS","Femenino",5001,"Antioquia","Medellín","Colombia","Urbana"
4379,2110,"COLEGIO MAYOR DE ANTIOQUIA",2025,2,"Antiguo",105436,"TECNOLOGIA EN GESTIÓN DE SERVICIOS GASTRONOMICOS","Masculino",5001,"Antioquia","Medellín","Colombia","Urbana"
4380,2110,"COLEGIO MAYOR DE ANTIOQUIA",2025,2,"Antiguo",105436,"TECNOLOGIA EN GESTIÓN DE SERVICIOS GASTRONOMICOS","Masculino",5001,"Antioquia","Medellín","Colombia","Urbana"
4381,2110,"COLEGIO MAYOR DE ANTIOQUIA",2025,2,"Antiguo",105436,"TECNOLOGIA EN GESTIÓN DE SERVICIOS GASTRONOMICOS","Masculino",5001,"Antioquia","Medellín","Colombia","Urbana"
4382,2110,"COLEGIO MAYOR DE ANTIOQUIA",2025,2,"Antiguo",105436,"TECNOLOGIA EN GESTIÓN DE SERVICIOS GASTRONOMICOS","Femenino",5001,"Antioquia","Medellín","Colombia","Urbana"
4383,2110,"COLEGIO MAYOR DE ANTIOQUIA",2025,2,"Antiguo",105436,"TECNOLOGIA EN GESTIÓN DE SERVICIOS GASTRONOMICOS","Femenino",5001,"Antioquia","Medellín","Colombia","Urbana"
4384,2110,"COLEGIO MAYOR DE ANTIOQUIA",2025,2,"Antiguo",105436,"TECNOLOGIA EN GESTIÓN DE SERVICIOS GASTRONOMICOS","Masculino",5001,"Antioquia","Medellín","Colombia","Urbana"
4385,2110,"COLEGIO MAYOR DE ANTIOQUIA",2025,2,"Antiguo",105436,"TECNOLOGIA EN GESTIÓN DE SERVICIOS GASTRONOMICOS","Femenino",5001,"Antioquia","Medellín","Colombia","Urbana"
4386,2110,"COLEGIO MAYOR DE ANTIOQUIA",2025,2,"Antiguo",105436,"TECNOLOGIA EN GESTIÓN DE SERVICIOS GASTRONOMICOS","Masculino",5001,"Antioquia","Medellín","Colombia","Urbana"
4387,2110,"COLEGIO MAYOR DE ANTIOQUIA",2025,2,"Antiguo",105436,"TECNOLOGIA EN GESTIÓN DE SERVICIOS GASTRONOMICOS","Femenino",5001,"Antioquia","Medellín","Colombia","Urbana"
4388,2110,"COLEGIO MAYOR DE ANTIOQUIA",2025,2,"Antiguo",105436,"TECNOLOGIA EN GESTIÓN DE SERVICIOS GASTRONOMICOS","Femenino",5001,"Antioquia","Medellín","Colombia","Urbana"
4389,2110,"COLEGIO MAYOR DE ANTIOQUIA",2025,2,"Antiguo",105436,"TECNOLOGIA EN GESTIÓN DE SERVICIOS GASTRONOMICOS","Masculino",5001,"Antioquia","Medellín","Colombia","Urbana"
4390,2110,"COLEGIO MAYOR DE ANTIOQUIA",2025,2,"Antiguo",105436,"TECNOLOGIA EN GESTIÓN DE SERVICIOS GASTRONOMICOS","Masculino",5001,"Antioquia","Medellín","Colombia","Urbana"
4391,2110,"COLEGIO MAYOR DE ANTIOQUIA",2025,2,"Antiguo",105436,"TECNOLOGIA EN GESTIÓN DE SERVICIOS GASTRONOMICOS","Femenino",5001,"Antioquia","Medellín","Colombia","Urbana"
4392,2110,"COLEGIO MAYOR DE ANTIOQUIA",2025,2,"Antiguo",105436,"TECNOLOGIA EN GESTIÓN DE SERVICIOS GASTRONOMICOS","Femenino",5001,"Antioquia","Medellín","Colombia","Urbana"
4393,2110,"COLEGIO MAYOR DE ANTIOQUIA",2025,2,"Antiguo",105436,"TECNOLOGIA EN GESTIÓN DE SERVICIOS GASTRONOMICOS","Femenino",5001,"Antioquia","Medellín","Colombia","Urbana"
4394,2110,"COLEGIO MAYOR DE ANTIOQUIA",2025,2,"Antiguo",105436,"TECNOLOGIA EN GESTIÓN DE SERVICIOS GASTRONOMICOS","Femenino",5001,"Antioquia","Itagüí","Colombia","Urbana"
4395,2110,"COLEGIO MAYOR DE ANTIOQUIA",2025,2,"Antiguo",105436,"TECNOLOGIA EN GESTIÓN DE SERVICIOS GASTRONOMICOS","Femenino",5001,"Antioquia","Medellín","Colombia","Urbana"
4396,2110,"COLEGIO MAYOR DE ANTIOQUIA",2025,2,"Antiguo",105436,"TECNOLOGIA EN GESTIÓN DE SERVICIOS GASTRONOMICOS","Femenino",5001,"Antioquia","Medellín","Colombia","Urbana"
4397,2110,"COLEGIO MAYOR DE ANTIOQUIA",2025,2,"Antiguo",105436,"TECNOLOGIA EN GESTIÓN DE SERVICIOS GASTRONOMICOS","Femenino",5001,"Antioquia","Medellín","Colombia","Urbana"
4398,2110,"COLEGIO MAYOR DE ANTIOQUIA",2025,2,"Antiguo",105436,"TECNOLOGIA EN GESTIÓN DE SERVICIOS GASTRONOMICOS","Femenino",5001,"Antioquia","Medellín","Colombia","Urbana"
4399,2110,"COLEGIO MAYOR DE ANTIOQUIA",2025,2,"Antiguo",105436,"TECNOLOGIA EN GESTIÓN DE SERVICIOS GASTRONOMICOS","Masculino",5001,"Antioquia","Medellín","Colombia","Urbana"
4400,2110,"COLEGIO MAYOR DE ANTIOQUIA",2025,2,"Antiguo",105436,"TECNOLOGIA EN GESTIÓN DE SERVICIOS GASTRONOMICOS","Masculino",5001,"Antioquia","Medellín","Colombia","Urbana"
4401,2110,"COLEGIO MAYOR DE ANTIOQUIA",2025,2,"Antiguo",105436,"TECNOLOGIA EN GESTIÓN DE SERVICIOS GASTRONOMICOS","Masculino",5001,"Archipiélago de San Andrés, Providencia y Santa Catalina","San Andrés","Colombia","Urbana"
4402,2110,"COLEGIO MAYOR DE ANTIOQUIA",2025,2,"Antiguo",105436,"TECNOLOGIA EN GESTIÓN DE SERVICIOS GASTRONOMICOS","Masculino",5001,"Antioquia","Itagüí","Colombia","Urbana"
4403,2110,"COLEGIO MAYOR DE ANTIOQUIA",2025,2,"Antiguo",105436,"TECNOLOGIA EN GESTIÓN DE SERVICIOS GASTRONOMICOS","Masculino",5001,"Antioquia","Bello","Colombia","Urbana"
4404,2110,"COLEGIO MAYOR DE ANTIOQUIA",2025,2,"Antiguo",105436,"TECNOLOGIA EN GESTIÓN DE SERVICIOS GASTRONOMICOS","Masculino",5001,"Antioquia","Medellín","Colombia","Urbana"
4405,2110,"COLEGIO MAYOR DE ANTIOQUIA",2025,2,"Antiguo",105436,"TECNOLOGIA EN GESTIÓN DE SERVICIOS GASTRONOMICOS","Femenino",5001,"Antioquia","Medellín","Colombia","Urbana"
4406,2110,"COLEGIO MAYOR DE ANTIOQUIA",2025,2,"Antiguo",105436,"TECNOLOGIA EN GESTIÓN DE SERVICIOS GASTRONOMICOS","Masculino",5001,"Antioquia","Medellín","Colombia","Urbana"
4407,2110,"COLEGIO MAYOR DE ANTIOQUIA",2025,2,"Antiguo",105436,"TECNOLOGIA EN GESTIÓN DE SERVICIOS GASTRONOMICOS","Femenino",5001,"Antioquia","Medellín","Colombia","Urbana"
4408,2110,"COLEGIO MAYOR DE ANTIOQUIA",2025,2,"Antiguo",105436,"TECNOLOGIA EN GESTIÓN DE SERVICIOS GASTRONOMICOS","Masculino",5001,"Antioquia","Medellín","Colombia","Urbana"
4409,2110,"COLEGIO MAYOR DE ANTIOQUIA",2025,2,"Antiguo",105436,"TECNOLOGIA EN GESTIÓN DE SERVICIOS GASTRONOMICOS","Femenino",5001,"Antioquia","Barbosa","Colombia","Urbana"
4410,2110,"COLEGIO MAYOR DE ANTIOQUIA",2025,2,"Antiguo",105436,"TECNOLOGIA EN GESTIÓN DE SERVICIOS GASTRONOMICOS","Masculino",5001,"Antioquia","Medellín","Colombia","Urbana"
4411,2110,"COLEGIO MAYOR DE ANTIOQUIA",2025,2,"Antiguo",105436,"TECNOLOGIA EN GESTIÓN DE SERVICIOS GASTRONOMICOS","Masculino",5001,"Antioquia","Santa Bárbara","Colombia","Urbana"
4412,2110,"COLEGIO MAYOR DE ANTIOQUIA",2025,2,"Antiguo",105436,"TECNOLOGIA EN GESTIÓN DE SERVICIOS GASTRONOMICOS","Femenino",5001,"Antioquia","Medellín","Colombia","Urbana"
4413,2110,"COLEGIO MAYOR DE ANTIOQUIA",2025,2,"Antiguo",105436,"TECNOLOGIA EN GESTIÓN DE SERVICIOS GASTRONOMICOS","Femenino",5001,"Antioquia","Medellín","Colombia","Urbana"
4414,2110,"COLEGIO MAYOR DE ANTIOQUIA",2025,2,"Antiguo",105436,"TECNOLOGIA EN GESTIÓN DE SERVICIOS GASTRONOMICOS","Masculino",5001,"Antioquia","Medellín","Colombia","Urbana"
4415,2110,"COLEGIO MAYOR DE ANTIOQUIA",2025,2,"Antiguo",105436,"TECNOLOGIA EN GESTIÓN DE SERVICIOS GASTRONOMICOS","Masculino",5001,"Antioquia","Medellín","Colombia","Urbana"
4416,2110,"COLEGIO MAYOR DE ANTIOQUIA",2025,2,"Antiguo",105436,"TECNOLOGIA EN GESTIÓN DE SERVICIOS GASTRONOMICOS","Masculino",5001,"Antioquia","Medellín","Colombia","Urbana"
4417,2110,"COLEGIO MAYOR DE ANTIOQUIA",2025,2,"Antiguo",105436,"TECNOLOGIA EN GESTIÓN DE SERVICIOS GASTRONOMICOS","Masculino",5001,"Antioquia","Medellín","Colombia","Urbana"
4418,2110,"COLEGIO MAYOR DE ANTIOQUIA",2025,2,"Antiguo",105436,"TECNOLOGIA EN GESTIÓN DE SERVICIOS GASTRONOMICOS","Masculino",5001,"Antioquia","Medellín","Colombia","Urbana"
4419,2110,"COLEGIO MAYOR DE ANTIOQUIA",2025,2,"Antiguo",105436,"TECNOLOGIA EN GESTIÓN DE SERVICIOS GASTRONOMICOS","Masculino",5001,"Antioquia","Medellín","Colombia","Urbana"
4420,2110,"COLEGIO MAYOR DE ANTIOQUIA",2025,2,"Antiguo",105436,"TECNOLOGIA EN GESTIÓN DE SERVICIOS GASTRONOMICOS","Masculino",5001,"Antioquia","Medellín","Colombia","Urbana"
4421,2110,"COLEGIO MAYOR DE ANTIOQUIA",2025,2,"Antiguo",105436,"TECNOLOGIA EN GESTIÓN DE SERVICIOS GASTRONOMICOS","Femenino",5001,"Antioquia","Medellín","Colombia","Urbana"
4422,2110,"COLEGIO MAYOR DE ANTIOQUIA",2025,2,"Antiguo",105436,"TECNOLOGIA EN GESTIÓN DE SERVICIOS GASTRONOMICOS","Masculino",5001,"Antioquia","Bello","Colombia","Urbana"
4423,2110,"COLEGIO MAYOR DE ANTIOQUIA",2025,2,"Antiguo",105436,"TECNOLOGIA EN GESTIÓN DE SERVICIOS GASTRONOMICOS","Femenino",5001,"Antioquia","Medellín","Colombia","Urbana"
4424,2110,"COLEGIO MAYOR DE ANTIOQUIA",2025,2,"Antiguo",105436,"TECNOLOGIA EN GESTIÓN DE SERVICIOS GASTRONOMICOS","Masculino",5001,"Antioquia","Medellín","Colombia","Urbana"
4425,2110,"COLEGIO MAYOR DE ANTIOQUIA",2025,2,"Antiguo",105436,"TECNOLOGIA EN GESTIÓN DE SERVICIOS GASTRONOMICOS","Femenino",5001,"Antioquia","Medellín","Colombia","Urbana"
4426,2110,"COLEGIO MAYOR DE ANTIOQUIA",2025,2,"Antiguo",105436,"TECNOLOGIA EN GESTIÓN DE SERVICIOS GASTRONOMICOS","Masculino",5001,"Antioquia","Itagüí","Colombia","Urbana"
4427,2110,"COLEGIO MAYOR DE ANTIOQUIA",2025,2,"Antiguo",105436,"TECNOLOGIA EN GESTIÓN DE SERVICIOS GASTRONOMICOS","Femenino",5001,"Antioquia","Medellín","Colombia","Urbana"
4428,2110,"COLEGIO MAYOR DE ANTIOQUIA",2025,2,"Antiguo",105436,"TECNOLOGIA EN GESTIÓN DE SERVICIOS GASTRONOMICOS","Masculino",5001,"Antioquia","Medellín","Colombia","Urbana"
4429,2110,"COLEGIO MAYOR DE ANTIOQUIA",2025,2,"Antiguo",105436,"TECNOLOGIA EN GESTIÓN DE SERVICIOS GASTRONOMICOS","Femenino",5001,"Antioquia","Medellín","Colombia","Urbana"
4430,2110,"COLEGIO MAYOR DE ANTIOQUIA",2025,2,"Antiguo",105436,"TECNOLOGIA EN GESTIÓN DE SERVICIOS GASTRONOMICOS","Femenino",5001,"Antioquia","Medellín","Colombia","Urbana"
4431,2110,"COLEGIO MAYOR DE ANTIOQUIA",2025,2,"Antiguo",105436,"TECNOLOGIA EN GESTIÓN DE SERVICIOS GASTRONOMICOS","Femenino",5001,"Antioquia","Medellín","Colombia","Urbana"
4432,2110,"COLEGIO MAYOR DE ANTIOQUIA",2025,2,"Antiguo",105436,"TECNOLOGIA EN GESTIÓN DE SERVICIOS GASTRONOMICOS","Femenino",5001,"Antioquia","Sabaneta","Colombia","Urbana"
4433,2110,"COLEGIO MAYOR DE ANTIOQUIA",2025,2,"Antiguo",105436,"TECNOLOGIA EN GESTIÓN DE SERVICIOS GASTRONOMICOS","Masculino",5001,"Antioquia","Medellín","Colombia","Urbana"
4434,2110,"COLEGIO MAYOR DE ANTIOQUIA",2025,2,"Antiguo",105436,"TECNOLOGIA EN GESTIÓN DE SERVICIOS GASTRONOMICOS","Masculino",5001,"Antioquia","Bello","Colombia","Urbana"
4435,2110,"COLEGIO MAYOR DE ANTIOQUIA",2025,2,"Antiguo",105436,"TECNOLOGIA EN GESTIÓN DE SERVICIOS GASTRONOMICOS","Femenino",5001,"Antioquia","Medellín","Colombia","Urbana"
4436,2110,"COLEGIO MAYOR DE ANTIOQUIA",2025,2,"Antiguo",105436,"TECNOLOGIA EN GESTIÓN DE SERVICIOS GASTRONOMICOS","Masculino",5001,"Antioquia","Santa Fé de Antioquia","Colombia","Urbana"
4437,2110,"COLEGIO MAYOR DE ANTIOQUIA",2025,2,"Antiguo",105436,"TECNOLOGIA EN GESTIÓN DE SERVICIOS GASTRONOMICOS","Femenino",5001,"Antioquia","Medellín","Colombia","Urbana"
4438,2110,"COLEGIO MAYOR DE ANTIOQUIA",2025,2,"Antiguo",105436,"TECNOLOGIA EN GESTIÓN DE SERVICIOS GASTRONOMICOS","Masculino",5001,"Antioquia","San Pedro","Colombia","Urbana"
4439,2110,"COLEGIO MAYOR DE ANTIOQUIA",2025,2,"Antiguo",105436,"TECNOLOGIA EN GESTIÓN DE SERVICIOS GASTRONOMICOS","Masculino",5001,"Antioquia","Bello","Colombia","Urbana"
4440,2110,"COLEGIO MAYOR DE ANTIOQUIA",2025,2,"Antiguo",105436,"TECNOLOGIA EN GESTIÓN DE SERVICIOS GASTRONOMICOS","Femenino",5001,"Antioquia","Medellín","Colombia","Urbana"
4441,2110,"COLEGIO MAYOR DE ANTIOQUIA",2025,2,"Antiguo",105436,"TECNOLOGIA EN GESTIÓN DE SERVICIOS GASTRONOMICOS","Femenino",5001,"Antioquia","Medellín","Colombia","Urbana"
4442,2110,"COLEGIO MAYOR DE ANTIOQUIA",2025,2,"Antiguo",105436,"TECNOLOGIA EN GESTIÓN DE SERVICIOS GASTRONOMICOS","Masculino",5001,"Antioquia","Medellín","Colombia","Urbana"
4443,2110,"COLEGIO MAYOR DE ANTIOQUIA",2025,2,"Antiguo",105436,"TECNOLOGIA EN GESTIÓN DE SERVICIOS GASTRONOMICOS","Femenino",5001,"Antioquia","Medellín","Colombia","Urbana"
4444,2110,"COLEGIO MAYOR DE ANTIOQUIA",2025,2,"Antiguo",105436,"TECNOLOGIA EN GESTIÓN DE SERVICIOS GASTRONOMICOS","Femenino",5001,"Antioquia","Medellín","Colombia","Urbana"
4445,2110,"COLEGIO MAYOR DE ANTIOQUIA",2025,2,"Antiguo",105436,"TECNOLOGIA EN GESTIÓN DE SERVICIOS GASTRONOMICOS","Masculino",5001,"Antioquia","Medellín","Colombia","Urbana"
4446,2110,"COLEGIO MAYOR DE ANTIOQUIA",2025,2,"Antiguo",105436,"TECNOLOGIA EN GESTIÓN DE SERVICIOS GASTRONOMICOS","Femenino",5001,"Antioquia","Medellín","Colombia","Urbana"
4447,2110,"COLEGIO MAYOR DE ANTIOQUIA",2025,2,"Antiguo",105436,"TECNOLOGIA EN GESTIÓN DE SERVICIOS GASTRONOMICOS","Masculino",5001,"Antioquia","Medellín","Colombia","Urbana"
4448,2110,"COLEGIO MAYOR DE ANTIOQUIA",2025,2,"Antiguo",105436,"TECNOLOGIA EN GESTIÓN DE SERVICIOS GASTRONOMICOS","Masculino",5001,"Antioquia","Medellín","Colombia","Urbana"
4449,2110,"COLEGIO MAYOR DE ANTIOQUIA",2025,2,"Antiguo",105436,"TECNOLOGIA EN GESTIÓN DE SERVICIOS GASTRONOMICOS","Femenino",5001,"Antioquia","Sopetrán","Colombia","Urbana"
4450,2110,"COLEGIO MAYOR DE ANTIOQUIA",2025,2,"Antiguo",105436,"TECNOLOGIA EN GESTIÓN DE SERVICIOS GASTRONOMICOS","Femenino",5001,"Antioquia","Medellín","Colombia","Urbana"
4451,2110,"COLEGIO MAYOR DE ANTIOQUIA",2025,2,"Antiguo",105436,"TECNOLOGIA EN GESTIÓN DE SERVICIOS GASTRONOMICOS","Masculino",5001,"Antioquia","Medellín","Colombia","Urbana"
4452,2110,"COLEGIO MAYOR DE ANTIOQUIA",2025,2,"Antiguo",105436,"TECNOLOGIA EN GESTIÓN DE SERVICIOS GASTRONOMICOS","Masculino",5001,"Antioquia","Medellín","Colombia","Urbana"
4453,2110,"COLEGIO MAYOR DE ANTIOQUIA",2025,2,"Antiguo",105436,"TECNOLOGIA EN GESTIÓN DE SERVICIOS GASTRONOMICOS","Masculino",5001,"Antioquia","Medellín","Colombia","Urbana"
4454,2110,"COLEGIO MAYOR DE ANTIOQUIA",2025,2,"Antiguo",105436,"TECNOLOGIA EN GESTIÓN DE SERVICIOS GASTRONOMICOS","Femenino",5001,"Antioquia","Medellín","Colombia","Urbana"
4455,2110,"COLEGIO MAYOR DE ANTIOQUIA",2025,2,"Antiguo",105436,"TECNOLOGIA EN GESTIÓN DE SERVICIOS GASTRONOMICOS","Masculino",5001,"Antioquia","Medellín","Colombia","Urbana"
4456,2110,"COLEGIO MAYOR DE ANTIOQUIA",2025,2,"Antiguo",105436,"TECNOLOGIA EN GESTIÓN DE SERVICIOS GASTRONOMICOS","Masculino",5001,"Antioquia","Medellín","Colombia","Urbana"
4457,2110,"COLEGIO MAYOR DE ANTIOQUIA",2025,2,"Antiguo",105436,"TECNOLOGIA EN GESTIÓN DE SERVICIOS GASTRONOMICOS","Masculino",5001,"Antioquia","Medellín","Colombia","Urbana"
4458,2110,"COLEGIO MAYOR DE ANTIOQUIA",2025,2,"Antiguo",105436,"TECNOLOGIA EN GESTIÓN DE SERVICIOS GASTRONOMICOS","Masculino",5001,"Antioquia","Medellín","Colombia","Urbana"
4459,2110,"COLEGIO MAYOR DE ANTIOQUIA",2025,2,"Antiguo",105436,"TECNOLOGIA EN GESTIÓN DE SERVICIOS GASTRONOMICOS","Masculino",5001,"Antioquia","La Ceja","Colombia","Urbana"
4460,2110,"COLEGIO MAYOR DE ANTIOQUIA",2025,2,"Antiguo",105436,"TECNOLOGIA EN GESTIÓN DE SERVICIOS GASTRONOMICOS","Masculino",5001,"Antioquia","Medellín","Colombia","Urbana"
4461,2110,"COLEGIO MAYOR DE ANTIOQUIA",2025,2,"Antiguo",105436,"TECNOLOGIA EN GESTIÓN DE SERVICIOS GASTRONOMICOS","Masculino",5001,"Antioquia","Medellín","Colombia","Urbana"
4462,2110,"COLEGIO MAYOR DE ANTIOQUIA",2025,2,"Antiguo",105436,"TECNOLOGIA EN GESTIÓN DE SERVICIOS GASTRONOMICOS","Masculino",5001,"Antioquia","Medellín","Colombia","Urbana"
4463,2110,"COLEGIO MAYOR DE ANTIOQUIA",2025,2,"Antiguo",105436,"TECNOLOGIA EN GESTIÓN DE SERVICIOS GASTRONOMICOS","Femenino",5001,"Antioquia","Medellín","Colombia","Urbana"
4464,2110,"COLEGIO MAYOR DE ANTIOQUIA",2025,2,"Antiguo",105436,"TECNOLOGIA EN GESTIÓN DE SERVICIOS GASTRONOMICOS","Femenino",5001,"Antioquia","Girardota","Colombia","Urbana"
4465,2110,"COLEGIO MAYOR DE ANTIOQUIA",2025,2,"Antiguo",105436,"TECNOLOGIA EN GESTIÓN DE SERVICIOS GASTRONOMICOS","Femenino",5001,"Antioquia","Medellín","Colombia","Urbana"
4466,2110,"COLEGIO MAYOR DE ANTIOQUIA",2025,2,"Reingreso",105436,"TECNOLOGIA EN GESTIÓN DE SERVICIOS GASTRONOMICOS","Femenino",5001,"Antioquia","Medellín","Colombia","Urbana"
4467,2110,"COLEGIO MAYOR DE ANTIOQUIA",2025,2,"Reingreso",105436,"TECNOLOGIA EN GESTIÓN DE SERVICIOS GASTRONOMICOS","Masculino",5001,"Antioquia","Medellín","Colombia","Urbana"
4468,2110,"COLEGIO MAYOR DE ANTIOQUIA",2025,2,"Reingreso",105436,"TECNOLOGIA EN GESTIÓN DE SERVICIOS GASTRONOMICOS","Masculino",5001,"Antioquia","Medellín","Colombia","Urbana"
4469,2110,"COLEGIO MAYOR DE ANTIOQUIA",2025,2,"Reingreso",105436,"TECNOLOGIA EN GESTIÓN DE SERVICIOS GASTRONOMICOS","Femenino",5001,"Antioquia","Medellín","Colombia","Urbana"
4470,2110,"COLEGIO MAYOR DE ANTIOQUIA",2025,2,"Reingreso",105436,"TECNOLOGIA EN GESTIÓN DE SERVICIOS GASTRONOMICOS","Femenino",5001,"Antioquia","Medellín","Colombia","Urbana"
4471,2110,"COLEGIO MAYOR DE ANTIOQUIA",2025,2,"Reingreso",105436,"TECNOLOGIA EN GESTIÓN DE SERVICIOS GASTRONOMICOS","Masculino",5001,"Antioquia","Medellín","Colombia","Urbana"
4472,2110,"COLEGIO MAYOR DE ANTIOQUIA",2025,2,"Reintegro",105436,"TECNOLOGIA EN GESTIÓN DE SERVICIOS GASTRONOMICOS","Masculino",5001,"Antioquia","Barbosa","Colombia","Urbana"
4473,2110,"COLEGIO MAYOR DE ANTIOQUIA",2025,2,"Reintegro",105436,"TECNOLOGIA EN GESTIÓN DE SERVICIOS GASTRONOMICOS","Femenino",5001,"Antioquia","Medellín","Colombia","Urbana"
4474,2110,"COLEGIO MAYOR DE ANTIOQUIA",2025,2,"Reintegro",105436,"TECNOLOGIA EN GESTIÓN DE SERVICIOS GASTRONOMICOS","Masculino",5001,"Antioquia","Medellín","Colombia","Urbana"
4475,2110,"COLEGIO MAYOR DE ANTIOQUIA",2025,2,"Reintegro",105436,"TECNOLOGIA EN GESTIÓN DE SERVICIOS GASTRONOMICOS","Masculino",5001,"Antioquia","Bello","Colombia","Urbana"
4476,2110,"COLEGIO MAYOR DE ANTIOQUIA",2025,2,"Reintegro",105436,"TECNOLOGIA EN GESTIÓN DE SERVICIOS GASTRONOMICOS","Masculino",5001,"Antioquia","Medellín","Colombia","Urbana"
4477,2110,"COLEGIO MAYOR DE ANTIOQUIA",2025,2,"Reintegro",105436,"TECNOLOGIA EN GESTIÓN DE SERVICIOS GASTRONOMICOS","Femenino",5001,"Antioquia","Medellín","Colombia","Urbana"
4478,2110,"COLEGIO MAYOR DE ANTIOQUIA",2025,2,"Nuevo",105436,"TECNOLOGIA EN GESTIÓN DE SERVICIOS GASTRONOMICOS","Masculino",5001,"Antioquia","Medellín","Colombia","Urbana"
4479,2110,"COLEGIO MAYOR DE ANTIOQUIA",2025,2,"Nuevo",105436,"TECNOLOGIA EN GESTIÓN DE SERVICIOS GASTRONOMICOS","Femenino",5001,"Antioquia","Medellín","Colombia","Urbana"
4480,2110,"COLEGIO MAYOR DE ANTIOQUIA",2025,2,"Nuevo",105436,"TECNOLOGIA EN GESTIÓN DE SERVICIOS GASTRONOMICOS","Femenino",5001,"Antioquia","Bello","Colombia","Urbana"
4481,2110,"COLEGIO MAYOR DE ANTIOQUIA",2025,2,"Nuevo",105436,"TECNOLOGIA EN GESTIÓN DE SERVICIOS GASTRONOMICOS","Masculino",5001,"Antioquia","La Estrella","Colombia","Urbana"
4482,2110,"COLEGIO MAYOR DE ANTIOQUIA",2025,2,"Nuevo",105436,"TECNOLOGIA EN GESTIÓN DE SERVICIOS GASTRONOMICOS","Femenino",5001,"Antioquia","Medellín","Colombia","Urbana"
4483,2110,"COLEGIO MAYOR DE ANTIOQUIA",2025,2,"Nuevo",105436,"TECNOLOGIA EN GESTIÓN DE SERVICIOS GASTRONOMICOS","Masculino",5001,"Antioquia","Medellín","Colombia","Urbana"
4484,2110,"COLEGIO MAYOR DE ANTIOQUIA",2025,2,"Nuevo",105436,"TECNOLOGIA EN GESTIÓN DE SERVICIOS GASTRONOMICOS","Masculino",5001,"Antioquia","Medellín","Colombia","Urbana"
4485,2110,"COLEGIO MAYOR DE ANTIOQUIA",2025,2,"Nuevo",105436,"TECNOLOGIA EN GESTIÓN DE SERVICIOS GASTRONOMICOS","Masculino",5001,"Antioquia","Medellín","Colombia","Urbana"
4486,2110,"COLEGIO MAYOR DE ANTIOQUIA",2025,2,"Nuevo",105436,"TECNOLOGIA EN GESTIÓN DE SERVICIOS GASTRONOMICOS","Femenino",5001,"Antioquia","Medellín","Colombia","Urbana"
4487,2110,"COLEGIO MAYOR DE ANTIOQUIA",2025,2,"Nuevo",105436,"TECNOLOGIA EN GESTIÓN DE SERVICIOS GASTRONOMICOS","Femenino",5001,"Antioquia","Medellín","Colombia","Urbana"
4488,2110,"COLEGIO MAYOR DE ANTIOQUIA",2025,2,"Nuevo",105436,"TECNOLOGIA EN GESTIÓN DE SERVICIOS GASTRONOMICOS","Masculino",5001,"Antioquia","Medellín","Colombia","Urbana"
4489,2110,"COLEGIO MAYOR DE ANTIOQUIA",2025,2,"Nuevo",105436,"TECNOLOGIA EN GESTIÓN DE SERVICIOS GASTRONOMICOS","Masculino",5001,"Antioquia","Medellín","Colombia","Urbana"
4490,2110,"COLEGIO MAYOR DE ANTIOQUIA",2025,2,"Nuevo",105436,"TECNOLOGIA EN GESTIÓN DE SERVICIOS GASTRONOMICOS","Femenino",5001,"Antioquia","Medellín","Colombia","Urbana"
4491,2110,"COLEGIO MAYOR DE ANTIOQUIA",2025,2,"Nuevo",105436,"TECNOLOGIA EN GESTIÓN DE SERVICIOS GASTRONOMICOS","Masculino",5001,"Antioquia","Medellín","Colombia","Urbana"
4492,2110,"COLEGIO MAYOR DE ANTIOQUIA",2025,2,"Nuevo",105436,"TECNOLOGIA EN GESTIÓN DE SERVICIOS GASTRONOMICOS","Masculino",5001,"Antioquia","Medellín","Colombia","Urbana"
4493,2110,"COLEGIO MAYOR DE ANTIOQUIA",2025,2,"Nuevo",105436,"TECNOLOGIA EN GESTIÓN DE SERVICIOS GASTRONOMICOS","Masculino",5001,"Antioquia","Medellín","Colombia","Urbana"
4494,2110,"COLEGIO MAYOR DE ANTIOQUIA",2025,2,"Nuevo",105436,"TECNOLOGIA EN GESTIÓN DE SERVICIOS GASTRONOMICOS","Masculino",5001,"Antioquia","Bello","Colombia","Urbana"
4495,2110,"COLEGIO MAYOR DE ANTIOQUIA",2025,2,"Nuevo",105436,"TECNOLOGIA EN GESTIÓN DE SERVICIOS GASTRONOMICOS","Femenino",5001,"Antioquia","Medellín","Colombia","Urbana"
4496,2110,"COLEGIO MAYOR DE ANTIOQUIA",2025,2,"Nuevo",105436,"TECNOLOGIA EN GESTIÓN DE SERVICIOS GASTRONOMICOS","Femenino",5001,"Antioquia","Burítica","Colombia","Urbana"
4497,2110,"COLEGIO MAYOR DE ANTIOQUIA",2025,2,"Nuevo",105436,"TECNOLOGIA EN GESTIÓN DE SERVICIOS GASTRONOMICOS","Masculino",5001,"Córdoba","Ayapel","Colombia","Urbana"
4498,2110,"COLEGIO MAYOR DE ANTIOQUIA",2025,2,"Nuevo",105436,"TECNOLOGIA EN GESTIÓN DE SERVICIOS GASTRONOMICOS","Femenino",5001,"Antioquia","Medellín","Colombia","Urbana"
4499,2110,"COLEGIO MAYOR DE ANTIOQUIA",2025,2,"Nuevo",105436,"TECNOLOGIA EN GESTIÓN DE SERVICIOS GASTRONOMICOS","Femenino",5001,"Antioquia","Medellín","Colombia","Urbana"
4500,2110,"COLEGIO MAYOR DE ANTIOQUIA",2025,2,"Nuevo",105436,"TECNOLOGIA EN GESTIÓN DE SERVICIOS GASTRONOMICOS","Femenino",5001,"Antioquia","Medellín","Colombia","Urbana"
4501,2110,"COLEGIO MAYOR DE ANTIOQUIA",2025,2,"Nuevo",105436,"TECNOLOGIA EN GESTIÓN DE SERVICIOS GASTRONOMICOS","Femenino",5001,"Antioquia","Medellín","Colombia","Urbana"
4502,2110,"COLEGIO MAYOR DE ANTIOQUIA",2025,2,"Nuevo",105436,"TECNOLOGIA EN GESTIÓN DE SERVICIOS GASTRONOMICOS","Masculino",5001,"Antioquia","Medellín","Colombia","Urbana"
4503,2110,"COLEGIO MAYOR DE ANTIOQUIA",2025,2,"Nuevo",105436,"TECNOLOGIA EN GESTIÓN DE SERVICIOS GASTRONOMICOS","Masculino",5001,"Cundinamarca","El Rosal","Colombia","Urbana"
4504,2110,"COLEGIO MAYOR DE ANTIOQUIA",2025,2,"Nuevo",105436,"TECNOLOGIA EN GESTIÓN DE SERVICIOS GASTRONOMICOS","Femenino",5001,"Antioquia","Medellín","Colombia","Urbana"
4505,2110,"COLEGIO MAYOR DE ANTIOQUIA",2025,2,"Nuevo",105436,"TECNOLOGIA EN GESTIÓN DE SERVICIOS GASTRONOMICOS","Masculino",5001,"Antioquia","Ríonegro","Colombia","Urbana"
4506,2110,"COLEGIO MAYOR DE ANTIOQUIA",2025,2,"Nuevo",105436,"TECNOLOGIA EN GESTIÓN DE SERVICIOS GASTRONOMICOS","Masculino",5001,"Antioquia","Medellín","Colombia","Urbana"
4507,2110,"COLEGIO MAYOR DE ANTIOQUIA",2025,2,"Nuevo",105436,"TECNOLOGIA EN GESTIÓN DE SERVICIOS GASTRONOMICOS","Masculino",5001,"Antioquia","Medellín","Colombia","Urbana"
4508,2110,"COLEGIO MAYOR DE ANTIOQUIA",2025,2,"Nuevo",105436,"TECNOLOGIA EN GESTIÓN DE SERVICIOS GASTRONOMICOS","Femenino",5001,"Antioquia","Medellín","Colombia","Urbana"
4509,2110,"COLEGIO MAYOR DE ANTIOQUIA",2025,2,"Nuevo",105436,"TECNOLOGIA EN GESTIÓN DE SERVICIOS GASTRONOMICOS","Masculino",5001,"Antioquia","Medellín","Colombia","Urbana"
4510,2110,"COLEGIO MAYOR DE ANTIOQUIA",2025,2,"Nuevo",105436,"TECNOLOGIA EN GESTIÓN DE SERVICIOS GASTRONOMICOS","Femenino",5001,"Antioquia","Medellín","Colombia","Urbana"
4511,2110,"COLEGIO MAYOR DE ANTIOQUIA",2025,2,"Nuevo",105436,"TECNOLOGIA EN GESTIÓN DE SERVICIOS GASTRONOMICOS","Masculino",5001,"Antioquia","Girardota","Colombia","Urbana"
4512,2110,"COLEGIO MAYOR DE ANTIOQUIA",2025,2,"Nuevo",105436,"TECNOLOGIA EN GESTIÓN DE SERVICIOS GASTRONOMICOS","Femenino",5001,"Antioquia","Bello","Colombia","Urbana"
4513,2110,"COLEGIO MAYOR DE ANTIOQUIA",2025,2,"Nuevo",105436,"TECNOLOGIA EN GESTIÓN DE SERVICIOS GASTRONOMICOS","Femenino",5001,"Antioquia","Medellín","Colombia","Urbana"
4514,2110,"COLEGIO MAYOR DE ANTIOQUIA",2025,2,"Nuevo",105436,"TECNOLOGIA EN GESTIÓN DE SERVICIOS GASTRONOMICOS","Masculino",5001,"Antioquia","Santa Bárbara","Colombia","Urbana"
4515,2110,"COLEGIO MAYOR DE ANTIOQUIA",2025,2,"Nuevo",105436,"TECNOLOGIA EN GESTIÓN DE SERVICIOS GASTRONOMICOS","Masculino",5001,"Antioquia","Medellín","Colombia","Urbana"
4516,2110,"COLEGIO MAYOR DE ANTIOQUIA",2025,2,"Nuevo",105436,"TECNOLOGIA EN GESTIÓN DE SERVICIOS GASTRONOMICOS","Femenino",5001,"Antioquia","Medellín","Colombia","Urbana"
4517,2110,"COLEGIO MAYOR DE ANTIOQUIA",2025,2,"Nuevo",105436,"TECNOLOGIA EN GESTIÓN DE SERVICIOS GASTRONOMICOS","Femenino",5001,"Antioquia","Medellín","Colombia","Urbana"
4518,2110,"COLEGIO MAYOR DE ANTIOQUIA",2025,2,"Nuevo",105436,"TECNOLOGIA EN GESTIÓN DE SERVICIOS GASTRONOMICOS","Femenino",5001,"Antioquia","Medellín","Colombia","Urbana"
4519,2110,"COLEGIO MAYOR DE ANTIOQUIA",2025,2,"Nuevo",105436,"TECNOLOGIA EN GESTIÓN DE SERVICIOS GASTRONOMICOS","Masculino",5001,"Antioquia","Medellín","Colombia","Urbana"
4520,2110,"COLEGIO MAYOR DE ANTIOQUIA",2025,2,"Nuevo",105436,"TECNOLOGIA EN GESTIÓN DE SERVICIOS GASTRONOMICOS","Masculino",5001,"Antioquia","Medellín","Colombia","Urbana"
4521,2110,"COLEGIO MAYOR DE ANTIOQUIA",2025,2,"Transferencia externa",105436,"TECNOLOGIA EN GESTIÓN DE SERVICIOS GASTRONOMICOS","Masculino",5001,"Antioquia","Medellín","Colombia","Urbana"
4522,2110,"COLEGIO MAYOR DE ANTIOQUIA",2025,2,"Transferencia externa",105436,"TECNOLOGIA EN GESTIÓN DE SERVICIOS GASTRONOMICOS","Femenino",5001,"Antioquia","Girardota","Colombia","Urbana"
4523,2110,"COLEGIO MAYOR DE ANTIOQUIA",2025,2,"Transferencia externa",105436,"TECNOLOGIA EN GESTIÓN DE SERVICIOS GASTRONOMICOS","Masculino",5001,"Antioquia","Medellín","Colombia","Urbana"
4524,2110,"COLEGIO MAYOR DE ANTIOQUIA",2025,2,"Antiguo",105436,"TECNOLOGIA EN GESTIÓN DE SERVICIOS GASTRONOMICOS","Masculino",5001,"Antioquia","Medellín","Colombia","Urbana"
4525,2110,"COLEGIO MAYOR DE ANTIOQUIA",2025,2,"Antiguo",105436,"TECNOLOGIA EN GESTIÓN DE SERVICIOS GASTRONOMICOS","Masculino",5001,"Antioquia","Medellín","Colombia","Urbana"
4526,2110,"COLEGIO MAYOR DE ANTIOQUIA",2025,2,"Antiguo",105436,"TECNOLOGIA EN GESTIÓN DE SERVICIOS GASTRONOMICOS","Femenino",5001,"Antioquia","Caucasia","Colombia","Urbana"
4527,2110,"COLEGIO MAYOR DE ANTIOQUIA",2025,2,"Antiguo",105436,"TECNOLOGIA EN GESTIÓN DE SERVICIOS GASTRONOMICOS","Femenino",5001,"Antioquia","Medellín","Colombia","Urbana"
4528,2110,"COLEGIO MAYOR DE ANTIOQUIA",2025,2,"Antiguo",105436,"TECNOLOGIA EN GESTIÓN DE SERVICIOS GASTRONOMICOS","Masculino",5001,"Antioquia","Medellín","Colombia","Urbana"
4529,2110,"COLEGIO MAYOR DE ANTIOQUIA",2025,2,"Antiguo",105436,"TECNOLOGIA EN GESTIÓN DE SERVICIOS GASTRONOMICOS","Masculino",5001,"Antioquia","Medellín","Colombia","Urbana"
4530,2110,"COLEGIO MAYOR DE ANTIOQUIA",2025,2,"Antiguo",105436,"TECNOLOGIA EN GESTIÓN DE SERVICIOS GASTRONOMICOS","Masculino",5001,"Antioquia","Medellín","Colombia","Urbana"
4531,2110,"COLEGIO MAYOR DE ANTIOQUIA",2025,2,"Antiguo",105436,"TECNOLOGIA EN GESTIÓN DE SERVICIOS GASTRONOMICOS","Masculino",5001,"Antioquia","Medellín","Colombia","Urbana"
4532,2110,"COLEGIO MAYOR DE ANTIOQUIA",2025,2,"Antiguo",105436,"TECNOLOGIA EN GESTIÓN DE SERVICIOS GASTRONOMICOS","Femenino",5001,"Antioquia","Medellín","Colombia","Urbana"
4533,2110,"COLEGIO MAYOR DE ANTIOQUIA",2025,2,"Antiguo",105436,"TECNOLOGIA EN GESTIÓN DE SERVICIOS GASTRONOMICOS","Masculino",5001,"Antioquia","Medellín","Colombia","Urbana"
4534,2110,"COLEGIO MAYOR DE ANTIOQUIA",2025,2,"Antiguo",105436,"TECNOLOGIA EN GESTIÓN DE SERVICIOS GASTRONOMICOS","Femenino",5001,"Antioquia","Medellín","Colombia","Urbana"
4535,2110,"COLEGIO MAYOR DE ANTIOQUIA",2025,2,"Antiguo",105436,"TECNOLOGIA EN GESTIÓN DE SERVICIOS GASTRONOMICOS","Femenino",5001,"Antioquia","Medellín","Colombia","Urbana"
4536,2110,"COLEGIO MAYOR DE ANTIOQUIA",2025,2,"Antiguo",105436,"TECNOLOGIA EN GESTIÓN DE SERVICIOS GASTRONOMICOS","Femenino",5001,"Antioquia","Medellín","Colombia","Urbana"
4537,2110,"COLEGIO MAYOR DE ANTIOQUIA",2025,2,"Antiguo",105436,"TECNOLOGIA EN GESTIÓN DE SERVICIOS GASTRONOMICOS","Femenino",5001,"Antioquia","Medellín","Colombia","Urbana"
4538,2110,"COLEGIO MAYOR DE ANTIOQUIA",2025,2,"Antiguo",105436,"TECNOLOGIA EN GESTIÓN DE SERVICIOS GASTRONOMICOS","Femenino",5001,"Antioquia","Medellín","Colombia","Urbana"
4539,2110,"COLEGIO MAYOR DE ANTIOQUIA",2025,2,"Antiguo",105436,"TECNOLOGIA EN GESTIÓN DE SERVICIOS GASTRONOMICOS","Femenino",5001,"Antioquia","Medellín","Colombia","Urbana"
4540,2110,"COLEGIO MAYOR DE ANTIOQUIA",2025,2,"Antiguo",105436,"TECNOLOGIA EN GESTIÓN DE SERVICIOS GASTRONOMICOS","Femenino",5001,"Antioquia","Medellín","Colombia","Urbana"
4541,2110,"COLEGIO MAYOR DE ANTIOQUIA",2025,2,"Antiguo",105436,"TECNOLOGIA EN GESTIÓN DE SERVICIOS GASTRONOMICOS","Masculino",5001,"Antioquia","Medellín","Colombia","Urbana"
4542,2110,"COLEGIO MAYOR DE ANTIOQUIA",2025,2,"Antiguo",105436,"TECNOLOGIA EN GESTIÓN DE SERVICIOS GASTRONOMICOS","Femenino",5001,"Antioquia","Nechí","Colombia","Urbana"
4543,2110,"COLEGIO MAYOR DE ANTIOQUIA",2025,2,"Antiguo",105436,"TECNOLOGIA EN GESTIÓN DE SERVICIOS GASTRONOMICOS","Femenino",5001,"Antioquia","Medellín","Colombia","Urbana"
4544,2110,"COLEGIO MAYOR DE ANTIOQUIA",2025,2,"Antiguo",105436,"TECNOLOGIA EN GESTIÓN DE SERVICIOS GASTRONOMICOS","Femenino",5001,"Antioquia","Medellín","Colombia","Urbana"
4545,2110,"COLEGIO MAYOR DE ANTIOQUIA",2025,2,"Antiguo",105436,"TECNOLOGIA EN GESTIÓN DE SERVICIOS GASTRONOMICOS","Femenino",5001,"Antioquia","Medellín","Colombia","Urbana"
4546,2110,"COLEGIO MAYOR DE ANTIOQUIA",2025,2,"Antiguo",105436,"TECNOLOGIA EN GESTIÓN DE SERVICIOS GASTRONOMICOS","Masculino",5001,"Antioquia","Medellín","Colombia","Urbana"
4547,2110,"COLEGIO MAYOR DE ANTIOQUIA",2025,2,"Antiguo",105436,"TECNOLOGIA EN GESTIÓN DE SERVICIOS GASTRONOMICOS","Masculino",5001,"Antioquia","Santa Bárbara","Colombia","Urbana"
4548,2110,"COLEGIO MAYOR DE ANTIOQUIA",2025,2,"Antiguo",105436,"TECNOLOGIA EN GESTIÓN DE SERVICIOS GASTRONOMICOS","Masculino",5001,"Antioquia","Medellín","Colombia","Urbana"
4549,2110,"COLEGIO MAYOR DE ANTIOQUIA",2025,2,"Antiguo",105436,"TECNOLOGIA EN GESTIÓN DE SERVICIOS GASTRONOMICOS","Femenino",5001,"Antioquia","Girardota","Colombia","Urbana"
4550,2110,"COLEGIO MAYOR DE ANTIOQUIA",2025,2,"Antiguo",105436,"TECNOLOGIA EN GESTIÓN DE SERVICIOS GASTRONOMICOS","Masculino",5001,"Antioquia","Bello","Colombia","Urbana"
4551,2110,"COLEGIO MAYOR DE ANTIOQUIA",2025,2,"Antiguo",105436,"TECNOLOGIA EN GESTIÓN DE SERVICIOS GASTRONOMICOS","Femenino",5001,"Antioquia","Medellín","Colombia","Urbana"
4552,2110,"COLEGIO MAYOR DE ANTIOQUIA",2025,2,"Antiguo",105436,"TECNOLOGIA EN GESTIÓN DE SERVICIOS GASTRONOMICOS","Masculino",5001,"Antioquia","Medellín","Colombia","Urbana"
4553,2110,"COLEGIO MAYOR DE ANTIOQUIA",2025,2,"Antiguo",105436,"TECNOLOGIA EN GESTIÓN DE SERVICIOS GASTRONOMICOS","Masculino",5001,"Antioquia","Medellín","Colombia","Urbana"
4554,2110,"COLEGIO MAYOR DE ANTIOQUIA",2025,2,"Antiguo",105436,"TECNOLOGIA EN GESTIÓN DE SERVICIOS GASTRONOMICOS","Masculino",5001,"Antioquia","Medellín","Colombia","Urbana"
4555,2110,"COLEGIO MAYOR DE ANTIOQUIA",2025,2,"Antiguo",105436,"TECNOLOGIA EN GESTIÓN DE SERVICIOS GASTRONOMICOS","Femenino",5001,"Antioquia","Medellín","Colombia","Urbana"
4556,2110,"COLEGIO MAYOR DE ANTIOQUIA",2025,2,"Antiguo",105436,"TECNOLOGIA EN GESTIÓN DE SERVICIOS GASTRONOMICOS","Masculino",5001,"Antioquia","Medellín","Colombia","Urbana"
4557,2110,"COLEGIO MAYOR DE ANTIOQUIA",2025,2,"Antiguo",105436,"TECNOLOGIA EN GESTIÓN DE SERVICIOS GASTRONOMICOS","Masculino",5001,"Antioquia","Medellín","Colombia","Urbana"
4558,2110,"COLEGIO MAYOR DE ANTIOQUIA",2025,2,"Antiguo",105436,"TECNOLOGIA EN GESTIÓN DE SERVICIOS GASTRONOMICOS","Masculino",5001,"Antioquia","Medellín","Colombia","Urbana"
4559,2110,"COLEGIO MAYOR DE ANTIOQUIA",2025,2,"Antiguo",105436,"TECNOLOGIA EN GESTIÓN DE SERVICIOS GASTRONOMICOS","Femenino",5001,"Antioquia","Medellín","Colombia","Urbana"
4560,2110,"COLEGIO MAYOR DE ANTIOQUIA",2025,2,"Antiguo",105436,"TECNOLOGIA EN GESTIÓN DE SERVICIOS GASTRONOMICOS","Femenino",5001,"Antioquia","Medellín","Colombia","Urbana"
4561,2110,"COLEGIO MAYOR DE ANTIOQUIA",2025,2,"Antiguo",105436,"TECNOLOGIA EN GESTIÓN DE SERVICIOS GASTRONOMICOS","Masculino",5001,"Quindío","Quimbaya","Colombia","Urbana"
4562,2110,"COLEGIO MAYOR DE ANTIOQUIA",2025,2,"Antiguo",105436,"TECNOLOGIA EN GESTIÓN DE SERVICIOS GASTRONOMICOS","Masculino",5001,"Antioquia","Medellín","Colombia","Urbana"
4563,2110,"COLEGIO MAYOR DE ANTIOQUIA",2025,2,"Antiguo",105436,"TECNOLOGIA EN GESTIÓN DE SERVICIOS GASTRONOMICOS","Masculino",5001,"Antioquia","Medellín","Colombia","Urbana"
4564,2110,"COLEGIO MAYOR DE ANTIOQUIA",2025,2,"Antiguo",105436,"TECNOLOGIA EN GESTIÓN DE SERVICIOS GASTRONOMICOS","Femenino",5001,"Antioquia","Medellín","Colombia","Urbana"
4565,2110,"COLEGIO MAYOR DE ANTIOQUIA",2025,2,"Antiguo",105436,"TECNOLOGIA EN GESTIÓN DE SERVICIOS GASTRONOMICOS","Masculino",5001,"Antioquia","Medellín","Colombia","Urbana"
4566,2110,"COLEGIO MAYOR DE ANTIOQUIA",2025,2,"Antiguo",105436,"TECNOLOGIA EN GESTIÓN DE SERVICIOS GASTRONOMICOS","Femenino",5001,"Antioquia","Jericó","Colombia","Urbana"
4567,2110,"COLEGIO MAYOR DE ANTIOQUIA",2025,2,"Antiguo",105436,"TECNOLOGIA EN GESTIÓN DE SERVICIOS GASTRONOMICOS","Masculino",5001,"Antioquia","Medellín","Colombia","Urbana"
4568,2110,"COLEGIO MAYOR DE ANTIOQUIA",2025,2,"Antiguo",105436,"TECNOLOGIA EN GESTIÓN DE SERVICIOS GASTRONOMICOS","Femenino",5001,"Antioquia","Medellín","Colombia","Urbana"
4569,2110,"COLEGIO MAYOR DE ANTIOQUIA",2025,2,"Antiguo",105436,"TECNOLOGIA EN GESTIÓN DE SERVICIOS GASTRONOMICOS","Masculino",5001,"Antioquia","Medellín","Colombia","Urbana"
4570,2110,"COLEGIO MAYOR DE ANTIOQUIA",2025,2,"Antiguo",105436,"TECNOLOGIA EN GESTIÓN DE SERVICIOS GASTRONOMICOS","Femenino",5001,"Antioquia","Medellín","Colombia","Urbana"
4571,2110,"COLEGIO MAYOR DE ANTIOQUIA",2025,2,"Antiguo",105436,"TECNOLOGIA EN GESTIÓN DE SERVICIOS GASTRONOMICOS","Masculino",5001,"Antioquia","Medellín","Colombia","Urbana"
4572,2110,"COLEGIO MAYOR DE ANTIOQUIA",2025,2,"Antiguo",105436,"TECNOLOGIA EN GESTIÓN DE SERVICIOS GASTRONOMICOS","Femenino",5001,"Antioquia","Medellín","Colombia","Urbana"
4573,2110,"COLEGIO MAYOR DE ANTIOQUIA",2025,2,"Antiguo",105436,"TECNOLOGIA EN GESTIÓN DE SERVICIOS GASTRONOMICOS","Femenino",5001,"Antioquia","Medellín","Colombia","Urbana"
4574,2110,"COLEGIO MAYOR DE ANTIOQUIA",2025,2,"Antiguo",105436,"TECNOLOGIA EN GESTIÓN DE SERVICIOS GASTRONOMICOS","Masculino",5001,"Antioquia","Medellín","Colombia","Urbana"
4575,2110,"COLEGIO MAYOR DE ANTIOQUIA",2025,2,"Antiguo",105436,"TECNOLOGIA EN GESTIÓN DE SERVICIOS GASTRONOMICOS","Masculino",5001,"Antioquia","Medellín","Colombia","Urbana"
4576,2110,"COLEGIO MAYOR DE ANTIOQUIA",2025,2,"Antiguo",105436,"TECNOLOGIA EN GESTIÓN DE SERVICIOS GASTRONOMICOS","Masculino",5001,"Antioquia","Guarne","Colombia","Urbana"
4577,2110,"COLEGIO MAYOR DE ANTIOQUIA",2025,2,"Antiguo",105436,"TECNOLOGIA EN GESTIÓN DE SERVICIOS GASTRONOMICOS","Femenino",5001,"Antioquia","Medellín","Colombia","Urbana"
4578,2110,"COLEGIO MAYOR DE ANTIOQUIA",2025,2,"Antiguo",105436,"TECNOLOGIA EN GESTIÓN DE SERVICIOS GASTRONOMICOS","Masculino",5001,"Antioquia","Medellín","Colombia","Urbana"
4579,2110,"COLEGIO MAYOR DE ANTIOQUIA",2025,2,"Antiguo",105436,"TECNOLOGIA EN GESTIÓN DE SERVICIOS GASTRONOMICOS","Masculino",5001,"Antioquia","Medellín","Colombia","Urbana"
4580,2110,"COLEGIO MAYOR DE ANTIOQUIA",2025,2,"Antiguo",105436,"TECNOLOGIA EN GESTIÓN DE SERVICIOS GASTRONOMICOS","Masculino",5001,"Antioquia","Medellín","Colombia","Urbana"
4581,2110,"COLEGIO MAYOR DE ANTIOQUIA",2025,2,"Antiguo",105436,"TECNOLOGIA EN GESTIÓN DE SERVICIOS GASTRONOMICOS","Masculino",5001,"Antioquia","Bello","Colombia","Urbana"
4582,2110,"COLEGIO MAYOR DE ANTIOQUIA",2025,2,"Antiguo",105436,"TECNOLOGIA EN GESTIÓN DE SERVICIOS GASTRONOMICOS","Femenino",5001,"Antioquia","Medellín","Colombia","Urbana"
4583,2110,"COLEGIO MAYOR DE ANTIOQUIA",2025,2,"Antiguo",105436,"TECNOLOGIA EN GESTIÓN DE SERVICIOS GASTRONOMICOS","Masculino",5001,"Antioquia","Medellín","Colombia","Urbana"
4584,2110,"COLEGIO MAYOR DE ANTIOQUIA",2025,2,"Antiguo",105436,"TECNOLOGIA EN GESTIÓN DE SERVICIOS GASTRONOMICOS","Masculino",5001,"Antioquia","Medellín","Colombia","Urbana"
4585,2110,"COLEGIO MAYOR DE ANTIOQUIA",2025,2,"Antiguo",105436,"TECNOLOGIA EN GESTIÓN DE SERVICIOS GASTRONOMICOS","Masculino",5001,"Antioquia","Itagüí","Colombia","Urbana"
4586,2110,"COLEGIO MAYOR DE ANTIOQUIA",2025,2,"Antiguo",105436,"TECNOLOGIA EN GESTIÓN DE SERVICIOS GASTRONOMICOS","Masculino",5001,"Antioquia","Medellín","Colombia","Urbana"
4587,2110,"COLEGIO MAYOR DE ANTIOQUIA",2025,2,"Antiguo",105436,"TECNOLOGIA EN GESTIÓN DE SERVICIOS GASTRONOMICOS","Femenino",5001,"Antioquia","Medellín","Colombia","Urbana"
4588,2110,"COLEGIO MAYOR DE ANTIOQUIA",2025,2,"Antiguo",105436,"TECNOLOGIA EN GESTIÓN DE SERVICIOS GASTRONOMICOS","Femenino",5001,"Antioquia","Medellín","Colombia","Urbana"
4589,2110,"COLEGIO MAYOR DE ANTIOQUIA",2025,2,"Antiguo",105436,"TECNOLOGIA EN GESTIÓN DE SERVICIOS GASTRONOMICOS","Masculino",5001,"Antioquia","Medellín","Colombia","Urbana"
4590,2110,"COLEGIO MAYOR DE ANTIOQUIA",2025,2,"Antiguo",105436,"TECNOLOGIA EN GESTIÓN DE SERVICIOS GASTRONOMICOS","Masculino",5001,"Antioquia","El Carmen de Viboral","Colombia","Urbana"
4591,2110,"COLEGIO MAYOR DE ANTIOQUIA",2025,2,"Antiguo",105436,"TECNOLOGIA EN GESTIÓN DE SERVICIOS GASTRONOMICOS","Masculino",5001,"Antioquia","Ríonegro","Colombia","Urbana"
4592,2110,"COLEGIO MAYOR DE ANTIOQUIA",2025,2,"Antiguo",105436,"TECNOLOGIA EN GESTIÓN DE SERVICIOS GASTRONOMICOS","Femenino",5001,"Antioquia","Medellín","Colombia","Urbana"
4593,2110,"COLEGIO MAYOR DE ANTIOQUIA",2025,2,"Antiguo",105436,"TECNOLOGIA EN GESTIÓN DE SERVICIOS GASTRONOMICOS","Femenino",5001,"Antioquia","Medellín","Colombia","Urbana"
4594,2110,"COLEGIO MAYOR DE ANTIOQUIA",2025,2,"Antiguo",105436,"TECNOLOGIA EN GESTIÓN DE SERVICIOS GASTRONOMICOS","Masculino",5001,"Antioquia","Medellín","Colombia","Urbana"
4595,2110,"COLEGIO MAYOR DE ANTIOQUIA",2025,2,"Antiguo",105436,"TECNOLOGIA EN GESTIÓN DE SERVICIOS GASTRONOMICOS","Masculino",5001,"Antioquia","Medellín","Colombia","Urbana"
4596,2110,"COLEGIO MAYOR DE ANTIOQUIA",2025,2,"Antiguo",105436,"TECNOLOGIA EN GESTIÓN DE SERVICIOS GASTRONOMICOS","Femenino",5001,"Antioquia","Medellín","Colombia","Urbana"
4597,2110,"COLEGIO MAYOR DE ANTIOQUIA",2025,2,"Antiguo",105436,"TECNOLOGIA EN GESTIÓN DE SERVICIOS GASTRONOMICOS","Masculino",5001,"Antioquia","Medellín","Colombia","Urbana"
4598,2110,"COLEGIO MAYOR DE ANTIOQUIA",2025,2,"Antiguo",105436,"TECNOLOGIA EN GESTIÓN DE SERVICIOS GASTRONOMICOS","Femenino",5001,"Antioquia","Medellín","Colombia","Urbana"
4599,2110,"COLEGIO MAYOR DE ANTIOQUIA",2025,2,"Antiguo",105436,"TECNOLOGIA EN GESTIÓN DE SERVICIOS GASTRONOMICOS","Femenino",5001,"Antioquia","Medellín","Colombia","Urbana"
4600,2110,"COLEGIO MAYOR DE ANTIOQUIA",2025,2,"Antiguo",105436,"TECNOLOGIA EN GESTIÓN DE SERVICIOS GASTRONOMICOS","Femenino",5001,"Antioquia","Medellín","Colombia","Urbana"
4601,2110,"COLEGIO MAYOR DE ANTIOQUIA",2025,2,"Antiguo",105436,"TECNOLOGIA EN GESTIÓN DE SERVICIOS GASTRONOMICOS","Masculino",5001,"Antioquia","Bello","Colombia","Urbana"
4602,2110,"COLEGIO MAYOR DE ANTIOQUIA",2025,2,"Antiguo",105436,"TECNOLOGIA EN GESTIÓN DE SERVICIOS GASTRONOMICOS","Femenino",5001,"Antioquia","Medellín","Colombia","Urbana"
4603,2110,"COLEGIO MAYOR DE ANTIOQUIA",2025,2,"Antiguo",105436,"TECNOLOGIA EN GESTIÓN DE SERVICIOS GASTRONOMICOS","Masculino",5001,"Antioquia","Medellín","Colombia","Urbana"
4604,2110,"COLEGIO MAYOR DE ANTIOQUIA",2025,2,"Antiguo",105436,"TECNOLOGIA EN GESTIÓN DE SERVICIOS GASTRONOMICOS","Masculino",5001,"Antioquia","Sopetrán","Colombia","Urbana"
4605,2110,"COLEGIO MAYOR DE ANTIOQUIA",2025,2,"Antiguo",105436,"TECNOLOGIA EN GESTIÓN DE SERVICIOS GASTRONOMICOS","Masculino",5001,"Antioquia","Itagüí","Colombia","Urbana"
4606,2110,"COLEGIO MAYOR DE ANTIOQUIA",2025,2,"Antiguo",105436,"TECNOLOGIA EN GESTIÓN DE SERVICIOS GASTRONOMICOS","Femenino",5001,"Antioquia","Medellín","Colombia","Urbana"
4607,2110,"COLEGIO MAYOR DE ANTIOQUIA",2025,2,"Antiguo",105436,"TECNOLOGIA EN GESTIÓN DE SERVICIOS GASTRONOMICOS","Masculino",5001,"Antioquia","Medellín","Colombia","Urbana"
4608,2110,"COLEGIO MAYOR DE ANTIOQUIA",2025,2,"Antiguo",105436,"TECNOLOGIA EN GESTIÓN DE SERVICIOS GASTRONOMICOS","Femenino",5001,"Antioquia","Medellín","Colombia","Urbana"
4609,2110,"COLEGIO MAYOR DE ANTIOQUIA",2025,2,"Antiguo",105436,"TECNOLOGIA EN GESTIÓN DE SERVICIOS GASTRONOMICOS","Masculino",5001,"Antioquia","Medellín","Colombia","Urbana"
4610,2110,"COLEGIO MAYOR DE ANTIOQUIA",2025,2,"Antiguo",105436,"TECNOLOGIA EN GESTIÓN DE SERVICIOS GASTRONOMICOS","Masculino",5001,"Antioquia","Medellín","Colombia","Urbana"
4611,2110,"COLEGIO MAYOR DE ANTIOQUIA",2025,2,"Antiguo",105436,"TECNOLOGIA EN GESTIÓN DE SERVICIOS GASTRONOMICOS","Masculino",5001,"Antioquia","Medellín","Colombia","Urbana"
4612,2110,"COLEGIO MAYOR DE ANTIOQUIA",2025,2,"Antiguo",105436,"TECNOLOGIA EN GESTIÓN DE SERVICIOS GASTRONOMICOS","Masculino",5001,"Antioquia","Bello","Colombia","Urbana"
4613,2110,"COLEGIO MAYOR DE ANTIOQUIA",2025,2,"Antiguo",105436,"TECNOLOGIA EN GESTIÓN DE SERVICIOS GASTRONOMICOS","Masculino",5001,"Antioquia","Medellín","Colombia","Urbana"
4614,2110,"COLEGIO MAYOR DE ANTIOQUIA",2025,2,"Antiguo",105436,"TECNOLOGIA EN GESTIÓN DE SERVICIOS GASTRONOMICOS","Femenino",5001,"Antioquia","Medellín","Colombia","Urbana"
4615,2110,"COLEGIO MAYOR DE ANTIOQUIA",2025,2,"Antiguo",105436,"TECNOLOGIA EN GESTIÓN DE SERVICIOS GASTRONOMICOS","Femenino",5001,"Antioquia","Medellín","Colombia","Urbana"
4616,2110,"COLEGIO MAYOR DE ANTIOQUIA",2025,2,"Antiguo",105436,"TECNOLOGIA EN GESTIÓN DE SERVICIOS GASTRONOMICOS","Masculino",5001,"Antioquia","Medellín","Colombia","Urbana"
4617,2110,"COLEGIO MAYOR DE ANTIOQUIA",2025,2,"Antiguo",105436,"TECNOLOGIA EN GESTIÓN DE SERVICIOS GASTRONOMICOS","Femenino",5001,"Antioquia","Medellín","Colombia","Urbana"
4618,2110,"COLEGIO MAYOR DE ANTIOQUIA",2025,2,"Antiguo",105436,"TECNOLOGIA EN GESTIÓN DE SERVICIOS GASTRONOMICOS","Femenino",5001,"Antioquia","Medellín","Colombia","Urbana"
4619,2110,"COLEGIO MAYOR DE ANTIOQUIA",2025,2,"Antiguo",105436,"TECNOLOGIA EN GESTIÓN DE SERVICIOS GASTRONOMICOS","Masculino",5001,"Antioquia","Medellín","Colombia","Urbana"
4620,2110,"COLEGIO MAYOR DE ANTIOQUIA",2025,2,"Antiguo",105436,"TECNOLOGIA EN GESTIÓN DE SERVICIOS GASTRONOMICOS","Masculino",5001,"Antioquia","Medellín","Colombia","Urbana"
4621,2110,"COLEGIO MAYOR DE ANTIOQUIA",2025,2,"Antiguo",105436,"TECNOLOGIA EN GESTIÓN DE SERVICIOS GASTRONOMICOS","Masculino",5001,"Antioquia","Medellín","Colombia","Urbana"
4622,2110,"COLEGIO MAYOR DE ANTIOQUIA",2025,2,"Antiguo",105436,"TECNOLOGIA EN GESTIÓN DE SERVICIOS GASTRONOMICOS","Femenino",5001,"Antioquia","Medellín","Colombia","Urbana"
4623,2110,"COLEGIO MAYOR DE ANTIOQUIA",2025,2,"Antiguo",105436,"TECNOLOGIA EN GESTIÓN DE SERVICIOS GASTRONOMICOS","Femenino",5001,"Antioquia","Medellín","Colombia","Urbana"
4624,2110,"COLEGIO MAYOR DE ANTIOQUIA",2025,2,"Antiguo",105436,"TECNOLOGIA EN GESTIÓN DE SERVICIOS GASTRONOMICOS","Femenino",5001,"Antioquia","Medellín","Colombia","Urbana"
4625,2110,"COLEGIO MAYOR DE ANTIOQUIA",2025,2,"Antiguo",105436,"TECNOLOGIA EN GESTIÓN DE SERVICIOS GASTRONOMICOS","Masculino",5001,"Antioquia","Medellín","Colombia","Urbana"
4626,2110,"COLEGIO MAYOR DE ANTIOQUIA",2025,2,"Antiguo",105436,"TECNOLOGIA EN GESTIÓN DE SERVICIOS GASTRONOMICOS","Masculino",5001,"Antioquia","Medellín","Colombia","Urbana"
4627,2110,"COLEGIO MAYOR DE ANTIOQUIA",2025,2,"Antiguo",105436,"TECNOLOGIA EN GESTIÓN DE SERVICIOS GASTRONOMICOS","Femenino",5001,"Antioquia","Medellín","Colombia","Urbana"
4628,2110,"COLEGIO MAYOR DE ANTIOQUIA",2025,2,"Antiguo",105436,"TECNOLOGIA EN GESTIÓN DE SERVICIOS GASTRONOMICOS","Femenino",5001,"Antioquia","Medellín","Colombia","Urbana"
4629,2110,"COLEGIO MAYOR DE ANTIOQUIA",2025,2,"Antiguo",105436,"TECNOLOGIA EN GESTIÓN DE SERVICIOS GASTRONOMICOS","Femenino",5001,"Antioquia","Medellín","Colombia","Urbana"
4630,2110,"COLEGIO MAYOR DE ANTIOQUIA",2025,2,"Antiguo",105436,"TECNOLOGIA EN GESTIÓN DE SERVICIOS GASTRONOMICOS","Femenino",5001,"Antioquia","Medellín","Colombia","Urbana"
4631,2110,"COLEGIO MAYOR DE ANTIOQUIA",2025,2,"Antiguo",105436,"TECNOLOGIA EN GESTIÓN DE SERVICIOS GASTRONOMICOS","Masculino",5001,"Antioquia","Medellín","Colombia","Urbana"
4632,2110,"COLEGIO MAYOR DE ANTIOQUIA",2025,2,"Antiguo",105436,"TECNOLOGIA EN GESTIÓN DE SERVICIOS GASTRONOMICOS","Femenino",5001,"Antioquia","Medellín","Colombia","Urbana"
4633,2110,"COLEGIO MAYOR DE ANTIOQUIA",2025,2,"Antiguo",105436,"TECNOLOGIA EN GESTIÓN DE SERVICIOS GASTRONOMICOS","Masculino",5001,"Antioquia","Medellín","Colombia","Urbana"
4634,2110,"COLEGIO MAYOR DE ANTIOQUIA",2025,2,"Antiguo",105436,"TECNOLOGIA EN GESTIÓN DE SERVICIOS GASTRONOMICOS","Masculino",5001,"Antioquia","Medellín","Colombia","Urbana"
4635,2110,"COLEGIO MAYOR DE ANTIOQUIA",2025,2,"Antiguo",105436,"TECNOLOGIA EN GESTIÓN DE SERVICIOS GASTRONOMICOS","Masculino",5001,"Antioquia","Medellín","Colombia","Urbana"
4636,2110,"COLEGIO MAYOR DE ANTIOQUIA",2025,2,"Antiguo",105436,"TECNOLOGIA EN GESTIÓN DE SERVICIOS GASTRONOMICOS","Masculino",5001,"Antioquia","Medellín","Colombia","Urbana"
4637,2110,"COLEGIO MAYOR DE ANTIOQUIA",2025,2,"Antiguo",105436,"TECNOLOGIA EN GESTIÓN DE SERVICIOS GASTRONOMICOS","Femenino",5001,"Antioquia","Medellín","Colombia","Urbana"
4638,2110,"COLEGIO MAYOR DE ANTIOQUIA",2025,2,"Antiguo",105436,"TECNOLOGIA EN GESTIÓN DE SERVICIOS GASTRONOMICOS","Masculino",5001,"Antioquia","Bello","Colombia","Urbana"
4639,2110,"COLEGIO MAYOR DE ANTIOQUIA",2025,2,"Antiguo",105436,"TECNOLOGIA EN GESTIÓN DE SERVICIOS GASTRONOMICOS","Femenino",5001,"Antioquia","Medellín","Colombia","Urbana"
4640,2110,"COLEGIO MAYOR DE ANTIOQUIA",2025,2,"Antiguo",105436,"TECNOLOGIA EN GESTIÓN DE SERVICIOS GASTRONOMICOS","Femenino",5001,"Antioquia","Medellín","Colombia","Urbana"
4641,2110,"COLEGIO MAYOR DE ANTIOQUIA",2025,2,"Antiguo",105436,"TECNOLOGIA EN GESTIÓN DE SERVICIOS GASTRONOMICOS","Femenino",5001,"Antioquia","Itagüí","Colombia","Urbana"
4642,2110,"COLEGIO MAYOR DE ANTIOQUIA",2025,2,"Antiguo",105436,"TECNOLOGIA EN GESTIÓN DE SERVICIOS GASTRONOMICOS","Masculino",5001,"Antioquia","Medellín","Colombia","Urbana"
4643,2110,"COLEGIO MAYOR DE ANTIOQUIA",2025,2,"Antiguo",105436,"TECNOLOGIA EN GESTIÓN DE SERVICIOS GASTRONOMICOS","Femenino",5001,"Antioquia","Bello","Colombia","Urbana"
4644,2110,"COLEGIO MAYOR DE ANTIOQUIA",2025,2,"Antiguo",105436,"TECNOLOGIA EN GESTIÓN DE SERVICIOS GASTRONOMICOS","Masculino",5001,"Antioquia","Medellín","Colombia","Urbana"
4645,2110,"COLEGIO MAYOR DE ANTIOQUIA",2025,2,"Antiguo",105436,"TECNOLOGIA EN GESTIÓN DE SERVICIOS GASTRONOMICOS","Femenino",5001,"Antioquia","Medellín","Colombia","Urbana"
4646,2110,"COLEGIO MAYOR DE ANTIOQUIA",2025,2,"Antiguo",105436,"TECNOLOGIA EN GESTIÓN DE SERVICIOS GASTRONOMICOS","Femenino",5001,"Antioquia","Medellín","Colombia","Urbana"
4647,2110,"COLEGIO MAYOR DE ANTIOQUIA",2025,2,"Antiguo",105436,"TECNOLOGIA EN GESTIÓN DE SERVICIOS GASTRONOMICOS","Femenino",5001,"Antioquia","Medellín","Colombia","Urbana"
4648,2110,"COLEGIO MAYOR DE ANTIOQUIA",2025,2,"Antiguo",105436,"TECNOLOGIA EN GESTIÓN DE SERVICIOS GASTRONOMICOS","Masculino",5001,"Antioquia","Medellín","Colombia","Urbana"
4649,2110,"COLEGIO MAYOR DE ANTIOQUIA",2025,2,"Antiguo",105436,"TECNOLOGIA EN GESTIÓN DE SERVICIOS GASTRONOMICOS","Femenino",5001,"Antioquia","Medellín","Colombia","Urbana"
4650,2110,"COLEGIO MAYOR DE ANTIOQUIA",2025,2,"Antiguo",105436,"TECNOLOGIA EN GESTIÓN DE SERVICIOS GASTRONOMICOS","Femenino",5001,"Antioquia","Medellín","Colombia","Urbana"
4651,2110,"COLEGIO MAYOR DE ANTIOQUIA",2025,2,"Antiguo",105436,"TECNOLOGIA EN GESTIÓN DE SERVICIOS GASTRONOMICOS","Masculino",5001,"Antioquia","Envigado","Colombia","Urbana"
4652,2110,"COLEGIO MAYOR DE ANTIOQUIA",2025,2,"Antiguo",105436,"TECNOLOGIA EN GESTIÓN DE SERVICIOS GASTRONOMICOS","Femenino",5001,"Antioquia","Bello","Colombia","Urbana"
4653,2110,"COLEGIO MAYOR DE ANTIOQUIA",2025,2,"Antiguo",105436,"TECNOLOGIA EN GESTIÓN DE SERVICIOS GASTRONOMICOS","Femenino",5001,"Antioquia","Medellín","Colombia","Urbana"
4654,2110,"COLEGIO MAYOR DE ANTIOQUIA",2025,2,"Antiguo",105436,"TECNOLOGIA EN GESTIÓN DE SERVICIOS GASTRONOMICOS","Masculino",5001,"Antioquia","Medellín","Colombia","Urbana"
4655,2110,"COLEGIO MAYOR DE ANTIOQUIA",2025,2,"Reingreso",105436,"TECNOLOGIA EN GESTIÓN DE SERVICIOS GASTRONOMICOS","Masculino",5001,"Antioquia","Medellín","Colombia","Urbana"
4656,2110,"COLEGIO MAYOR DE ANTIOQUIA",2025,2,"Reingreso",105436,"TECNOLOGIA EN GESTIÓN DE SERVICIOS GASTRONOMICOS","Masculino",5001,"Antioquia","Medellín","Colombia","Urbana"
4657,2110,"COLEGIO MAYOR DE ANTIOQUIA",2025,2,"Reingreso",105436,"TECNOLOGIA EN GESTIÓN DE SERVICIOS GASTRONOMICOS","Masculino",5001,"Antioquia","Medellín","Colombia","Urbana"
4658,2110,"COLEGIO MAYOR DE ANTIOQUIA",2025,2,"Reingreso",105436,"TECNOLOGIA EN GESTIÓN DE SERVICIOS GASTRONOMICOS","Masculino",5001,"Antioquia","Medellín","Colombia","Urbana"
4659,2110,"COLEGIO MAYOR DE ANTIOQUIA",2025,2,"Reingreso",105436,"TECNOLOGIA EN GESTIÓN DE SERVICIOS GASTRONOMICOS","Masculino",5001,"Antioquia","Medellín","Colombia","Urbana"
4660,2110,"COLEGIO MAYOR DE ANTIOQUIA",2025,2,"Reingreso",105436,"TECNOLOGIA EN GESTIÓN DE SERVICIOS GASTRONOMICOS","Masculino",5001,"Antioquia","Medellín","Colombia","Urbana"
4661,2110,"COLEGIO MAYOR DE ANTIOQUIA",2025,2,"Reingreso",105436,"TECNOLOGIA EN GESTIÓN DE SERVICIOS GASTRONOMICOS","Masculino",5001,"Antioquia","Medellín","Colombia","Urbana"
4662,2110,"COLEGIO MAYOR DE ANTIOQUIA",2025,2,"Reingreso",105436,"TECNOLOGIA EN GESTIÓN DE SERVICIOS GASTRONOMICOS","Femenino",5001,"Antioquia","Medellín","Colombia","Urbana"
4663,2110,"COLEGIO MAYOR DE ANTIOQUIA",2025,2,"Reingreso",105436,"TECNOLOGIA EN GESTIÓN DE SERVICIOS GASTRONOMICOS","Femenino",5001,"Antioquia","Medellín","Colombia","Urbana"
4664,2110,"COLEGIO MAYOR DE ANTIOQUIA",2025,2,"Reintegro",105436,"TECNOLOGIA EN GESTIÓN DE SERVICIOS GASTRONOMICOS","Masculino",5001,"Antioquia","Medellín","Colombia","Urbana"
4665,2110,"COLEGIO MAYOR DE ANTIOQUIA",2025,2,"Reintegro",105436,"TECNOLOGIA EN GESTIÓN DE SERVICIOS GASTRONOMICOS","Femenino",5001,"Antioquia","Medellín","Colombia","Urbana"
4666,2110,"COLEGIO MAYOR DE ANTIOQUIA",2025,2,"Antiguo",106264,"INGENIERIA COMERCIAL","Femenino",5001,"Antioquia","Medellín","Colombia","Urbana"
4667,2110,"COLEGIO MAYOR DE ANTIOQUIA",2025,2,"Antiguo",106264,"INGENIERIA COMERCIAL","Femenino",5001,"Antioquia","Medellín","Colombia","Urbana"
4668,2110,"COLEGIO MAYOR DE ANTIOQUIA",2025,2,"Antiguo",106264,"INGENIERIA COMERCIAL","Femenino",5001,"Antioquia","Medellín","Colombia","Urbana"
4669,2110,"COLEGIO MAYOR DE ANTIOQUIA",2025,2,"Antiguo",106264,"INGENIERIA COMERCIAL","Femenino",5001,"Antioquia","Medellín","Colombia","Urbana"
4670,2110,"COLEGIO MAYOR DE ANTIOQUIA",2025,2,"Antiguo",106264,"INGENIERIA COMERCIAL","Masculino",5001,"Antioquia","Concordia","Colombia","Urbana"
4671,2110,"COLEGIO MAYOR DE ANTIOQUIA",2025,2,"Antiguo",106264,"INGENIERIA COMERCIAL","Masculino",5001,"Antioquia","Medellín","Colombia","Urbana"
4672,2110,"COLEGIO MAYOR DE ANTIOQUIA",2025,2,"Antiguo",106264,"INGENIERIA COMERCIAL","Femenino",5001,"Antioquia","Medellín","Colombia","Urbana"
4673,2110,"COLEGIO MAYOR DE ANTIOQUIA",2025,2,"Antiguo",106264,"INGENIERIA COMERCIAL","Masculino",5001,"Antioquia","Medellín","Colombia","Urbana"
4674,2110,"COLEGIO MAYOR DE ANTIOQUIA",2025,2,"Antiguo",106264,"INGENIERIA COMERCIAL","Femenino",5001,"Antioquia","Medellín","Colombia","Urbana"
4675,2110,"COLEGIO MAYOR DE ANTIOQUIA",2025,2,"Antiguo",106264,"INGENIERIA COMERCIAL","Femenino",5001,"Antioquia","Medellín","Colombia","Urbana"
4676,2110,"COLEGIO MAYOR DE ANTIOQUIA",2025,2,"Antiguo",106264,"INGENIERIA COMERCIAL","Femenino",5001,"Antioquia","Medellín","Colombia","Urbana"
4677,2110,"COLEGIO MAYOR DE ANTIOQUIA",2025,2,"Antiguo",106264,"INGENIERIA COMERCIAL","Femenino",5001,"Antioquia","Medellín","Colombia","Urbana"
4678,2110,"COLEGIO MAYOR DE ANTIOQUIA",2025,2,"Antiguo",106264,"INGENIERIA COMERCIAL","Femenino",5001,"Antioquia","Ríonegro","Colombia","Urbana"
4679,2110,"COLEGIO MAYOR DE ANTIOQUIA",2025,2,"Antiguo",106264,"INGENIERIA COMERCIAL","Masculino",5001,"Antioquia","Medellín","Colombia","Urbana"
4680,2110,"COLEGIO MAYOR DE ANTIOQUIA",2025,2,"Antiguo",106264,"INGENIERIA COMERCIAL","Femenino",5001,"Antioquia","Medellín","Colombia","Urbana"
4681,2110,"COLEGIO MAYOR DE ANTIOQUIA",2025,2,"Antiguo",106264,"INGENIERIA COMERCIAL","Femenino",5001,"Antioquia","Medellín","Colombia","Urbana"
4682,2110,"COLEGIO MAYOR DE ANTIOQUIA",2025,2,"Antiguo",106264,"INGENIERIA COMERCIAL","Masculino",5001,"Antioquia","Itagüí","Colombia","Urbana"
4683,2110,"COLEGIO MAYOR DE ANTIOQUIA",2025,2,"Antiguo",106264,"INGENIERIA COMERCIAL","Femenino",5001,"Antioquia","Medellín","Colombia","Urbana"
4684,2110,"COLEGIO MAYOR DE ANTIOQUIA",2025,2,"Antiguo",106264,"INGENIERIA COMERCIAL","Femenino",5001,"Antioquia","Itagüí","Colombia","Urbana"
4685,2110,"COLEGIO MAYOR DE ANTIOQUIA",2025,2,"Antiguo",106264,"INGENIERIA COMERCIAL","Femenino",5001,"Antioquia","Medellín","Colombia","Urbana"
4686,2110,"COLEGIO MAYOR DE ANTIOQUIA",2025,2,"Antiguo",106264,"INGENIERIA COMERCIAL","Masculino",5001,"Antioquia","Medellín","Colombia","Urbana"
4687,2110,"COLEGIO MAYOR DE ANTIOQUIA",2025,2,"Antiguo",106264,"INGENIERIA COMERCIAL","Masculino",5001,"Antioquia","Medellín","Colombia","Urbana"
4688,2110,"COLEGIO MAYOR DE ANTIOQUIA",2025,2,"Antiguo",106264,"INGENIERIA COMERCIAL","Femenino",5001,"Antioquia","Medellín","Colombia","Urbana"
4689,2110,"COLEGIO MAYOR DE ANTIOQUIA",2025,2,"Antiguo",106264,"INGENIERIA COMERCIAL","Femenino",5001,"Antioquia","Itagüí","Colombia","Urbana"
4690,2110,"COLEGIO MAYOR DE ANTIOQUIA",2025,2,"Antiguo",106264,"INGENIERIA COMERCIAL","Femenino",5001,"Antioquia","Medellín","Colombia","Urbana"
4691,2110,"COLEGIO MAYOR DE ANTIOQUIA",2025,2,"Antiguo",106264,"INGENIERIA COMERCIAL","Femenino",5001,"Antioquia","Medellín","Colombia","Urbana"
4692,2110,"COLEGIO MAYOR DE ANTIOQUIA",2025,2,"Antiguo",106264,"INGENIERIA COMERCIAL","Femenino",5001,"Antioquia","Medellín","Colombia","Urbana"
4693,2110,"COLEGIO MAYOR DE ANTIOQUIA",2025,2,"Antiguo",106264,"INGENIERIA COMERCIAL","Femenino",5001,"Antioquia","Medellín","Colombia","Urbana"
4694,2110,"COLEGIO MAYOR DE ANTIOQUIA",2025,2,"Antiguo",106264,"INGENIERIA COMERCIAL","Masculino",5001,"Antioquia","Medellín","Colombia","Urbana"
4695,2110,"COLEGIO MAYOR DE ANTIOQUIA",2025,2,"Antiguo",106264,"INGENIERIA COMERCIAL","Masculino",5001,"Antioquia","Medellín","Colombia","Urbana"
4696,2110,"COLEGIO MAYOR DE ANTIOQUIA",2025,2,"Antiguo",106264,"INGENIERIA COMERCIAL","Masculino",5001,"Antioquia","Bello","Colombia","Urbana"
4697,2110,"COLEGIO MAYOR DE ANTIOQUIA",2025,2,"Antiguo",106264,"INGENIERIA COMERCIAL","Femenino",5001,"Antioquia","Medellín","Colombia","Urbana"
4698,2110,"COLEGIO MAYOR DE ANTIOQUIA",2025,2,"Antiguo",106264,"INGENIERIA COMERCIAL","Masculino",5001,"Antioquia","San Pedro","Colombia","Urbana"
4699,2110,"COLEGIO MAYOR DE ANTIOQUIA",2025,2,"Antiguo",106264,"INGENIERIA COMERCIAL","Femenino",5001,"Antioquia","Medellín","Colombia","Urbana"
4700,2110,"COLEGIO MAYOR DE ANTIOQUIA",2025,2,"Antiguo",106264,"INGENIERIA COMERCIAL","Masculino",5001,"Antioquia","Medellín","Colombia","Urbana"
4701,2110,"COLEGIO MAYOR DE ANTIOQUIA",2025,2,"Antiguo",106264,"INGENIERIA COMERCIAL","Masculino",5001,"Antioquia","Medellín","Colombia","Urbana"
4702,2110,"COLEGIO MAYOR DE ANTIOQUIA",2025,2,"Antiguo",106264,"INGENIERIA COMERCIAL","Femenino",5001,"Antioquia","Medellín","Colombia","Urbana"
4703,2110,"COLEGIO MAYOR DE ANTIOQUIA",2025,2,"Antiguo",106264,"INGENIERIA COMERCIAL","Femenino",5001,"Antioquia","Medellín","Colombia","Urbana"
4704,2110,"COLEGIO MAYOR DE ANTIOQUIA",2025,2,"Antiguo",106264,"INGENIERIA COMERCIAL","Femenino",5001,"Antioquia","Medellín","Colombia","Urbana"
4705,2110,"COLEGIO MAYOR DE ANTIOQUIA",2025,2,"Antiguo",106264,"INGENIERIA COMERCIAL","Femenino",5001,"Antioquia","Medellín","Colombia","Urbana"
4706,2110,"COLEGIO MAYOR DE ANTIOQUIA",2025,2,"Antiguo",106264,"INGENIERIA COMERCIAL","Masculino",5001,"Antioquia","Medellín","Colombia","Urbana"
4707,2110,"COLEGIO MAYOR DE ANTIOQUIA",2025,2,"Antiguo",106264,"INGENIERIA COMERCIAL","Masculino",5001,"Antioquia","Bello","Colombia","Urbana"
4708,2110,"COLEGIO MAYOR DE ANTIOQUIA",2025,2,"Antiguo",106264,"INGENIERIA COMERCIAL","Femenino",5001,"Antioquia","Medellín","Colombia","Urbana"
4709,2110,"COLEGIO MAYOR DE ANTIOQUIA",2025,2,"Antiguo",106264,"INGENIERIA COMERCIAL","Masculino",5001,"Antioquia","Medellín","Colombia","Urbana"
4710,2110,"COLEGIO MAYOR DE ANTIOQUIA",2025,2,"Antiguo",106264,"INGENIERIA COMERCIAL","Femenino",5001,"Antioquia","Medellín","Colombia","Urbana"
4711,2110,"COLEGIO MAYOR DE ANTIOQUIA",2025,2,"Antiguo",106264,"INGENIERIA COMERCIAL","Masculino",5001,"Antioquia","Medellín","Colombia","Urbana"
4712,2110,"COLEGIO MAYOR DE ANTIOQUIA",2025,2,"Antiguo",106264,"INGENIERIA COMERCIAL","Femenino",5001,"Antioquia","Medellín","Colombia","Urbana"
4713,2110,"COLEGIO MAYOR DE ANTIOQUIA",2025,2,"Antiguo",106264,"INGENIERIA COMERCIAL","Masculino",5001,"Antioquia","Medellín","Colombia","Urbana"
4714,2110,"COLEGIO MAYOR DE ANTIOQUIA",2025,2,"Antiguo",106264,"INGENIERIA COMERCIAL","Masculino",5001,"Antioquia","Bello","Colombia","Urbana"
4715,2110,"COLEGIO MAYOR DE ANTIOQUIA",2025,2,"Antiguo",106264,"INGENIERIA COMERCIAL","Masculino",5001,"Antioquia","Medellín","Colombia","Urbana"
4716,2110,"COLEGIO MAYOR DE ANTIOQUIA",2025,2,"Antiguo",106264,"INGENIERIA COMERCIAL","Femenino",5001,"Antioquia","Medellín","Colombia","Urbana"
4717,2110,"COLEGIO MAYOR DE ANTIOQUIA",2025,2,"Antiguo",106264,"INGENIERIA COMERCIAL","Masculino",5001,"Antioquia","Medellín","Colombia","Urbana"
4718,2110,"COLEGIO MAYOR DE ANTIOQUIA",2025,2,"Antiguo",106264,"INGENIERIA COMERCIAL","Femenino",5001,"Antioquia","Medellín","Colombia","Urbana"
4719,2110,"COLEGIO MAYOR DE ANTIOQUIA",2025,2,"Antiguo",106264,"INGENIERIA COMERCIAL","Femenino",5001,"Antioquia","Medellín","Colombia","Urbana"
4720,2110,"COLEGIO MAYOR DE ANTIOQUIA",2025,2,"Antiguo",106264,"INGENIERIA COMERCIAL","Femenino",5001,"Antioquia","Bolívar","Colombia","Urbana"
4721,2110,"COLEGIO MAYOR DE ANTIOQUIA",2025,2,"Antiguo",106264,"INGENIERIA COMERCIAL","Femenino",5001,"Antioquia","Medellín","Colombia","Urbana"
4722,2110,"COLEGIO MAYOR DE ANTIOQUIA",2025,2,"Antiguo",106264,"INGENIERIA COMERCIAL","Masculino",5001,"Antioquia","Medellín","Colombia","Urbana"
4723,2110,"COLEGIO MAYOR DE ANTIOQUIA",2025,2,"Antiguo",106264,"INGENIERIA COMERCIAL","Masculino",5001,"Antioquia","Medellín","Colombia","Urbana"
4724,2110,"COLEGIO MAYOR DE ANTIOQUIA",2025,2,"Antiguo",106264,"INGENIERIA COMERCIAL","Femenino",5001,"Antioquia","Medellín","Colombia","Urbana"
4725,2110,"COLEGIO MAYOR DE ANTIOQUIA",2025,2,"Antiguo",106264,"INGENIERIA COMERCIAL","Femenino",5001,"Antioquia","Medellín","Colombia","Urbana"
4726,2110,"COLEGIO MAYOR DE ANTIOQUIA",2025,2,"Antiguo",106264,"INGENIERIA COMERCIAL","Masculino",5001,"Antioquia","Medellín","Colombia","Urbana"
4727,2110,"COLEGIO MAYOR DE ANTIOQUIA",2025,2,"Antiguo",106264,"INGENIERIA COMERCIAL","Femenino",5001,"Antioquia","Bolívar","Colombia","Urbana"
4728,2110,"COLEGIO MAYOR DE ANTIOQUIA",2025,2,"Antiguo",106264,"INGENIERIA COMERCIAL","Femenino",5001,"Antioquia","Itagüí","Colombia","Urbana"
4729,2110,"COLEGIO MAYOR DE ANTIOQUIA",2025,2,"Antiguo",106264,"INGENIERIA COMERCIAL","Masculino",5001,"Antioquia","Bello","Colombia","Urbana"
4730,2110,"COLEGIO MAYOR DE ANTIOQUIA",2025,2,"Antiguo",106264,"INGENIERIA COMERCIAL","Masculino",5001,"Antioquia","Medellín","Colombia","Urbana"
4731,2110,"COLEGIO MAYOR DE ANTIOQUIA",2025,2,"Antiguo",106264,"INGENIERIA COMERCIAL","Femenino",5001,"Antioquia","Itagüí","Colombia","Urbana"
4732,2110,"COLEGIO MAYOR DE ANTIOQUIA",2025,2,"Antiguo",106264,"INGENIERIA COMERCIAL","Femenino",5001,"Antioquia","Medellín","Colombia","Urbana"
4733,2110,"COLEGIO MAYOR DE ANTIOQUIA",2025,2,"Antiguo",106264,"INGENIERIA COMERCIAL","Masculino",5001,"Antioquia","Medellín","Colombia","Urbana"
4734,2110,"COLEGIO MAYOR DE ANTIOQUIA",2025,2,"Antiguo",106264,"INGENIERIA COMERCIAL","Femenino",5001,"Antioquia","Medellín","Colombia","Urbana"
4735,2110,"COLEGIO MAYOR DE ANTIOQUIA",2025,2,"Antiguo",106264,"INGENIERIA COMERCIAL","Femenino",5001,"Antioquia","Medellín","Colombia","Urbana"
4736,2110,"COLEGIO MAYOR DE ANTIOQUIA",2025,2,"Antiguo",106264,"INGENIERIA COMERCIAL","Masculino",5001,"Antioquia","Medellín","Colombia","Urbana"
4737,2110,"COLEGIO MAYOR DE ANTIOQUIA",2025,2,"Antiguo",106264,"INGENIERIA COMERCIAL","Masculino",5001,"Antioquia","Medellín","Colombia","Urbana"
4738,2110,"COLEGIO MAYOR DE ANTIOQUIA",2025,2,"Antiguo",106264,"INGENIERIA COMERCIAL","Masculino",5001,"Antioquia","Medellín","Colombia","Urbana"
4739,2110,"COLEGIO MAYOR DE ANTIOQUIA",2025,2,"Antiguo",106264,"INGENIERIA COMERCIAL","Femenino",5001,"Antioquia","Medellín","Colombia","Urbana"
4740,2110,"COLEGIO MAYOR DE ANTIOQUIA",2025,2,"Antiguo",106264,"INGENIERIA COMERCIAL","Masculino",5001,"Antioquia","Medellín","Colombia","Urbana"
4741,2110,"COLEGIO MAYOR DE ANTIOQUIA",2025,2,"Antiguo",106264,"INGENIERIA COMERCIAL","Masculino",5001,"Antioquia","Medellín","Colombia","Urbana"
4742,2110,"COLEGIO MAYOR DE ANTIOQUIA",2025,2,"Antiguo",106264,"INGENIERIA COMERCIAL","Femenino",5001,"Antioquia","Medellín","Colombia","Urbana"
4743,2110,"COLEGIO MAYOR DE ANTIOQUIA",2025,2,"Antiguo",106264,"INGENIERIA COMERCIAL","Masculino",5001,"Antioquia","Medellín","Colombia","Urbana"
4744,2110,"COLEGIO MAYOR DE ANTIOQUIA",2025,2,"Antiguo",106264,"INGENIERIA COMERCIAL","Masculino",5001,"Antioquia","Medellín","Colombia","Urbana"
4745,2110,"COLEGIO MAYOR DE ANTIOQUIA",2025,2,"Antiguo",106264,"INGENIERIA COMERCIAL","Femenino",5001,"Antioquia","Medellín","Colombia","Urbana"
4746,2110,"COLEGIO MAYOR DE ANTIOQUIA",2025,2,"Antiguo",106264,"INGENIERIA COMERCIAL","Femenino",5001,"Antioquia","Medellín","Colombia","Urbana"
4747,2110,"COLEGIO MAYOR DE ANTIOQUIA",2025,2,"Antiguo",106264,"INGENIERIA COMERCIAL","Femenino",5001,"Antioquia","Bello","Colombia","Urbana"
4748,2110,"COLEGIO MAYOR DE ANTIOQUIA",2025,2,"Antiguo",106264,"INGENIERIA COMERCIAL","Femenino",5001,"Antioquia","Medellín","Colombia","Urbana"
4749,2110,"COLEGIO MAYOR DE ANTIOQUIA",2025,2,"Antiguo",106264,"INGENIERIA COMERCIAL","Femenino",5001,"Antioquia","Medellín","Colombia","Urbana"
4750,2110,"COLEGIO MAYOR DE ANTIOQUIA",2025,2,"Antiguo",106264,"INGENIERIA COMERCIAL","Femenino",5001,"Antioquia","Medellín","Colombia","Urbana"
4751,2110,"COLEGIO MAYOR DE ANTIOQUIA",2025,2,"Antiguo",106264,"INGENIERIA COMERCIAL","Masculino",5001,"Antioquia","Medellín","Colombia","Urbana"
4752,2110,"COLEGIO MAYOR DE ANTIOQUIA",2025,2,"Antiguo",106264,"INGENIERIA COMERCIAL","Femenino",5001,"Antioquia","Bello","Colombia","Urbana"
4753,2110,"COLEGIO MAYOR DE ANTIOQUIA",2025,2,"Antiguo",106264,"INGENIERIA COMERCIAL","Femenino",5001,"Antioquia","Medellín","Colombia","Urbana"
4754,2110,"COLEGIO MAYOR DE ANTIOQUIA",2025,2,"Antiguo",106264,"INGENIERIA COMERCIAL","Masculino",5001,"Antioquia","Medellín","Colombia","Urbana"
4755,2110,"COLEGIO MAYOR DE ANTIOQUIA",2025,2,"Antiguo",106264,"INGENIERIA COMERCIAL","Masculino",5001,"Antioquia","Medellín","Colombia","Urbana"
4756,2110,"COLEGIO MAYOR DE ANTIOQUIA",2025,2,"Antiguo",106264,"INGENIERIA COMERCIAL","Femenino",5001,"Antioquia","Medellín","Colombia","Urbana"
4757,2110,"COLEGIO MAYOR DE ANTIOQUIA",2025,2,"Antiguo",106264,"INGENIERIA COMERCIAL","Masculino",5001,"Antioquia","Medellín","Colombia","Urbana"
4758,2110,"COLEGIO MAYOR DE ANTIOQUIA",2025,2,"Antiguo",106264,"INGENIERIA COMERCIAL","Masculino",5001,"Antioquia","Medellín","Colombia","Urbana"
4759,2110,"COLEGIO MAYOR DE ANTIOQUIA",2025,2,"Antiguo",106264,"INGENIERIA COMERCIAL","Masculino",5001,"Antioquia","Medellín","Colombia","Urbana"
4760,2110,"COLEGIO MAYOR DE ANTIOQUIA",2025,2,"Antiguo",106264,"INGENIERIA COMERCIAL","Femenino",5001,"Antioquia","Medellín","Colombia","Urbana"
4761,2110,"COLEGIO MAYOR DE ANTIOQUIA",2025,2,"Antiguo",106264,"INGENIERIA COMERCIAL","Femenino",5001,"Antioquia","Medellín","Colombia","Urbana"
4762,2110,"COLEGIO MAYOR DE ANTIOQUIA",2025,2,"Antiguo",106264,"INGENIERIA COMERCIAL","Masculino",5001,"Antioquia","Bello","Colombia","Urbana"
4763,2110,"COLEGIO MAYOR DE ANTIOQUIA",2025,2,"Antiguo",106264,"INGENIERIA COMERCIAL","Femenino",5001,"Antioquia","Medellín","Colombia","Urbana"
4764,2110,"COLEGIO MAYOR DE ANTIOQUIA",2025,2,"Antiguo",106264,"INGENIERIA COMERCIAL","Femenino",5001,"Antioquia","Medellín","Colombia","Urbana"
4765,2110,"COLEGIO MAYOR DE ANTIOQUIA",2025,2,"Antiguo",106264,"INGENIERIA COMERCIAL","Masculino",5001,"Antioquia","San Carlos","Colombia","Urbana"
4766,2110,"COLEGIO MAYOR DE ANTIOQUIA",2025,2,"Antiguo",106264,"INGENIERIA COMERCIAL","Femenino",5001,"Antioquia","Sabaneta","Colombia","Urbana"
4767,2110,"COLEGIO MAYOR DE ANTIOQUIA",2025,2,"Antiguo",106264,"INGENIERIA COMERCIAL","Femenino",5001,"Antioquia","Medellín","Colombia","Urbana"
4768,2110,"COLEGIO MAYOR DE ANTIOQUIA",2025,2,"Antiguo",106264,"INGENIERIA COMERCIAL","Femenino",5001,"Antioquia","Itagüí","Colombia","Urbana"
4769,2110,"COLEGIO MAYOR DE ANTIOQUIA",2025,2,"Reingreso",106264,"INGENIERIA COMERCIAL","Femenino",5001,"Antioquia","Medellín","Colombia","Urbana"
4770,2110,"COLEGIO MAYOR DE ANTIOQUIA",2025,2,"Reingreso",106264,"INGENIERIA COMERCIAL","Femenino",5001,"Antioquia","Medellín","Colombia","Urbana"
4771,2110,"COLEGIO MAYOR DE ANTIOQUIA",2025,2,"Asistentes",106264,"INGENIERIA COMERCIAL","Femenino",5001,"Antioquia","Medellín","Colombia","Urbana"
4772,2110,"COLEGIO MAYOR DE ANTIOQUIA",2025,2,"Asistentes",106264,"INGENIERIA COMERCIAL","Femenino",5001,"Antioquia","Medellín","Colombia","Urbana"
4773,2110,"COLEGIO MAYOR DE ANTIOQUIA",2025,2,"Nuevo",106264,"INGENIERIA COMERCIAL","Femenino",5001,"Antioquia","Bello","Colombia","Urbana"
4774,2110,"COLEGIO MAYOR DE ANTIOQUIA",2025,2,"Nuevo",106264,"INGENIERIA COMERCIAL","Femenino",5001,"Antioquia","Medellín","Colombia","Urbana"
4775,2110,"COLEGIO MAYOR DE ANTIOQUIA",2025,2,"Nuevo",106264,"INGENIERIA COMERCIAL","Masculino",5001,"Antioquia","Medellín","Colombia","Urbana"
4776,2110,"COLEGIO MAYOR DE ANTIOQUIA",2025,2,"Nuevo",106264,"INGENIERIA COMERCIAL","Femenino",5001,"Antioquia","Medellín","Colombia","Urbana"
4777,2110,"COLEGIO MAYOR DE ANTIOQUIA",2025,2,"Nuevo",106264,"INGENIERIA COMERCIAL","Masculino",5001,"Antioquia","Medellín","Colombia","Urbana"
4778,2110,"COLEGIO MAYOR DE ANTIOQUIA",2025,2,"Nuevo",106264,"INGENIERIA COMERCIAL","Femenino",5001,"Antioquia","Bello","Colombia","Urbana"
4779,2110,"COLEGIO MAYOR DE ANTIOQUIA",2025,2,"Nuevo",106264,"INGENIERIA COMERCIAL","Femenino",5001,"Antioquia","Bello","Colombia","Urbana"
4780,2110,"COLEGIO MAYOR DE ANTIOQUIA",2025,2,"Nuevo",106264,"INGENIERIA COMERCIAL","Femenino",5001,"Antioquia","La Estrella","Colombia","Urbana"
4781,2110,"COLEGIO MAYOR DE ANTIOQUIA",2025,2,"Nuevo",106264,"INGENIERIA COMERCIAL","Femenino",5001,"Antioquia","Medellín","Colombia","Urbana"
4782,2110,"COLEGIO MAYOR DE ANTIOQUIA",2025,2,"Nuevo",106264,"INGENIERIA COMERCIAL","Femenino",5001,"Antioquia","Medellín","Colombia","Urbana"
4783,2110,"COLEGIO MAYOR DE ANTIOQUIA",2025,2,"Nuevo",106264,"INGENIERIA COMERCIAL","Masculino",5001,"Antioquia","Medellín","Colombia","Urbana"
4784,2110,"COLEGIO MAYOR DE ANTIOQUIA",2025,2,"Nuevo",106264,"INGENIERIA COMERCIAL","Femenino",5001,"Antioquia","Medellín","Colombia","Urbana"
4785,2110,"COLEGIO MAYOR DE ANTIOQUIA",2025,2,"Nuevo",106264,"INGENIERIA COMERCIAL","Femenino",5001,"Antioquia","Bello","Colombia","Urbana"
4786,2110,"COLEGIO MAYOR DE ANTIOQUIA",2025,2,"Nuevo",106264,"INGENIERIA COMERCIAL","Femenino",5001,"Antioquia","Bello","Colombia","Urbana"
4787,2110,"COLEGIO MAYOR DE ANTIOQUIA",2025,2,"Nuevo",106264,"INGENIERIA COMERCIAL","Femenino",5001,"Antioquia","Medellín","Colombia","Urbana"
4788,2110,"COLEGIO MAYOR DE ANTIOQUIA",2025,2,"Nuevo",106264,"INGENIERIA COMERCIAL","Masculino",5001,"Antioquia","Medellín","Colombia","Urbana"
4789,2110,"COLEGIO MAYOR DE ANTIOQUIA",2025,2,"Nuevo",106264,"INGENIERIA COMERCIAL","Femenino",5001,"Antioquia","Medellín","Colombia","Urbana"
4790,2110,"COLEGIO MAYOR DE ANTIOQUIA",2025,2,"Nuevo",106264,"INGENIERIA COMERCIAL","Masculino",5001,"Chocó","Nuquí","Colombia","Urbana"
4791,2110,"COLEGIO MAYOR DE ANTIOQUIA",2025,2,"Nuevo",106264,"INGENIERIA COMERCIAL","Femenino",5001,"Antioquia","Medellín","Colombia","Urbana"
4792,2110,"COLEGIO MAYOR DE ANTIOQUIA",2025,2,"Nuevo",106264,"INGENIERIA COMERCIAL","Masculino",5001,"Antioquia","Medellín","Colombia","Urbana"
4793,2110,"COLEGIO MAYOR DE ANTIOQUIA",2025,2,"Nuevo",106264,"INGENIERIA COMERCIAL","Masculino",5001,"Antioquia","Medellín","Colombia","Urbana"
4794,2110,"COLEGIO MAYOR DE ANTIOQUIA",2025,2,"Nuevo",106264,"INGENIERIA COMERCIAL","Masculino",5001,"Antioquia","Medellín","Colombia","Urbana"
4795,2110,"COLEGIO MAYOR DE ANTIOQUIA",2025,2,"Nuevo",106264,"INGENIERIA COMERCIAL","Masculino",5001,"Antioquia","Medellín","Colombia","Urbana"
4796,2110,"COLEGIO MAYOR DE ANTIOQUIA",2025,2,"Nuevo",106264,"INGENIERIA COMERCIAL","Femenino",5001,"Antioquia","Medellín","Colombia","Urbana"
4797,2110,"COLEGIO MAYOR DE ANTIOQUIA",2025,2,"Nuevo",106264,"INGENIERIA COMERCIAL","Masculino",5001,"Antioquia","Medellín","Colombia","Urbana"
4798,2110,"COLEGIO MAYOR DE ANTIOQUIA",2025,2,"Nuevo",106264,"INGENIERIA COMERCIAL","Masculino",5001,"Antioquia","Medellín","Colombia","Urbana"
4799,2110,"COLEGIO MAYOR DE ANTIOQUIA",2025,2,"Nuevo",106264,"INGENIERIA COMERCIAL","Masculino",5001,"Antioquia","Medellín","Colombia","Urbana"
4800,2110,"COLEGIO MAYOR DE ANTIOQUIA",2025,2,"Nuevo",106264,"INGENIERIA COMERCIAL","Femenino",5001,"Antioquia","Medellín","Colombia","Urbana"
4801,2110,"COLEGIO MAYOR DE ANTIOQUIA",2025,2,"Nuevo",106264,"INGENIERIA COMERCIAL","Masculino",5001,"Antioquia","Bello","Colombia","Urbana"
4802,2110,"COLEGIO MAYOR DE ANTIOQUIA",2025,2,"Nuevo",106264,"INGENIERIA COMERCIAL","Masculino",5001,"Antioquia","Medellín","Colombia","Urbana"
4803,2110,"COLEGIO MAYOR DE ANTIOQUIA",2025,2,"Nuevo",106264,"INGENIERIA COMERCIAL","Masculino",5001,"Antioquia","Marinilla","Colombia","Urbana"
4804,2110,"COLEGIO MAYOR DE ANTIOQUIA",2025,2,"Transferencia interna",106264,"INGENIERIA COMERCIAL","Femenino",5001,"Antioquia","Medellín","Colombia","Urbana"
4805,2110,"COLEGIO MAYOR DE ANTIOQUIA",2025,2,"Transferencia interna",106264,"INGENIERIA COMERCIAL","Masculino",5001,"Antioquia","Medellín","Colombia","Urbana"
4806,2110,"COLEGIO MAYOR DE ANTIOQUIA",2025,2,"Antiguo",106264,"INGENIERIA COMERCIAL","Masculino",5001,"Antioquia","Bello","Colombia","Urbana"
4807,2110,"COLEGIO MAYOR DE ANTIOQUIA",2025,2,"Antiguo",106264,"INGENIERIA COMERCIAL","Femenino",5001,"Antioquia","Bello","Colombia","Urbana"
4808,2110,"COLEGIO MAYOR DE ANTIOQUIA",2025,2,"Antiguo",106264,"INGENIERIA COMERCIAL","Femenino",5001,"Antioquia","Medellín","Colombia","Urbana"
4809,2110,"COLEGIO MAYOR DE ANTIOQUIA",2025,2,"Antiguo",106264,"INGENIERIA COMERCIAL","Femenino",5001,"Antioquia","Medellín","Colombia","Urbana"
4810,2110,"COLEGIO MAYOR DE ANTIOQUIA",2025,2,"Antiguo",106264,"INGENIERIA COMERCIAL","Femenino",5001,"Antioquia","Medellín","Colombia","Urbana"
4811,2110,"COLEGIO MAYOR DE ANTIOQUIA",2025,2,"Antiguo",106264,"INGENIERIA COMERCIAL","Femenino",5001,"Córdoba","Ayapel","Colombia","Urbana"
4812,2110,"COLEGIO MAYOR DE ANTIOQUIA",2025,2,"Antiguo",106264,"INGENIERIA COMERCIAL","Femenino",5001,"Antioquia","Medellín","Colombia","Urbana"
4813,2110,"COLEGIO MAYOR DE ANTIOQUIA",2025,2,"Antiguo",106264,"INGENIERIA COMERCIAL","Masculino",5001,"Antioquia","Medellín","Colombia","Urbana"
4814,2110,"COLEGIO MAYOR DE ANTIOQUIA",2025,2,"Antiguo",106264,"INGENIERIA COMERCIAL","Masculino",5001,"Antioquia","Medellín","Colombia","Urbana"
4815,2110,"COLEGIO MAYOR DE ANTIOQUIA",2025,2,"Antiguo",106264,"INGENIERIA COMERCIAL","Femenino",5001,"Antioquia","Bello","Colombia","Urbana"
4816,2110,"COLEGIO MAYOR DE ANTIOQUIA",2025,2,"Antiguo",106264,"INGENIERIA COMERCIAL","Masculino",5001,"Antioquia","La Estrella","Colombia","Urbana"
4817,2110,"COLEGIO MAYOR DE ANTIOQUIA",2025,2,"Antiguo",106264,"INGENIERIA COMERCIAL","Femenino",5001,"Antioquia","Medellín","Colombia","Urbana"
4818,2110,"COLEGIO MAYOR DE ANTIOQUIA",2025,2,"Antiguo",106264,"INGENIERIA COMERCIAL","Masculino",5001,"Antioquia","La Estrella","Colombia","Urbana"
4819,2110,"COLEGIO MAYOR DE ANTIOQUIA",2025,2,"Antiguo",106264,"INGENIERIA COMERCIAL","Femenino",5001,"Antioquia","Medellín","Colombia","Urbana"
4820,2110,"COLEGIO MAYOR DE ANTIOQUIA",2025,2,"Antiguo",106264,"INGENIERIA COMERCIAL","Masculino",5001,"Antioquia","Medellín","Colombia","Urbana"
4821,2110,"COLEGIO MAYOR DE ANTIOQUIA",2025,2,"Antiguo",106264,"INGENIERIA COMERCIAL","Femenino",5001,"Antioquia","Medellín","Colombia","Urbana"
4822,2110,"COLEGIO MAYOR DE ANTIOQUIA",2025,2,"Antiguo",106264,"INGENIERIA COMERCIAL","Femenino",5001,"Antioquia","Medellín","Colombia","Urbana"
4823,2110,"COLEGIO MAYOR DE ANTIOQUIA",2025,2,"Antiguo",106264,"INGENIERIA COMERCIAL","Femenino",5001,"Antioquia","Bello","Colombia","Urbana"
4824,2110,"COLEGIO MAYOR DE ANTIOQUIA",2025,2,"Antiguo",106264,"INGENIERIA COMERCIAL","Femenino",5001,"Antioquia","Medellín","Colombia","Urbana"
4825,2110,"COLEGIO MAYOR DE ANTIOQUIA",2025,2,"Antiguo",106264,"INGENIERIA COMERCIAL","Femenino",5001,"Antioquia","Medellín","Colombia","Urbana"
4826,2110,"COLEGIO MAYOR DE ANTIOQUIA",2025,2,"Antiguo",106264,"INGENIERIA COMERCIAL","Masculino",5001,"Antioquia","Medellín","Colombia","Urbana"
4827,2110,"COLEGIO MAYOR DE ANTIOQUIA",2025,2,"Antiguo",106264,"INGENIERIA COMERCIAL","Femenino",5001,"Antioquia","Medellín","Colombia","Urbana"
4828,2110,"COLEGIO MAYOR DE ANTIOQUIA",2025,2,"Antiguo",106264,"INGENIERIA COMERCIAL","Masculino",5001,"Antioquia","Medellín","Colombia","Urbana"
4829,2110,"COLEGIO MAYOR DE ANTIOQUIA",2025,2,"Antiguo",106264,"INGENIERIA COMERCIAL","Masculino",5001,"Antioquia","Medellín","Colombia","Urbana"
4830,2110,"COLEGIO MAYOR DE ANTIOQUIA",2025,2,"Antiguo",106264,"INGENIERIA COMERCIAL","Femenino",5001,"Antioquia","Medellín","Colombia","Urbana"
4831,2110,"COLEGIO MAYOR DE ANTIOQUIA",2025,2,"Antiguo",106264,"INGENIERIA COMERCIAL","Femenino",5001,"Antioquia","Medellín","Colombia","Urbana"
4832,2110,"COLEGIO MAYOR DE ANTIOQUIA",2025,2,"Antiguo",106264,"INGENIERIA COMERCIAL","Masculino",5001,"Antioquia","Medellín","Colombia","Urbana"
4833,2110,"COLEGIO MAYOR DE ANTIOQUIA",2025,2,"Antiguo",106264,"INGENIERIA COMERCIAL","Masculino",5001,"Antioquia","Medellín","Colombia","Urbana"
4834,2110,"COLEGIO MAYOR DE ANTIOQUIA",2025,2,"Antiguo",106264,"INGENIERIA COMERCIAL","Femenino",5001,"Antioquia","Medellín","Colombia","Urbana"
4835,2110,"COLEGIO MAYOR DE ANTIOQUIA",2025,2,"Antiguo",106264,"INGENIERIA COMERCIAL","Masculino",5001,"Antioquia","Medellín","Colombia","Urbana"
4836,2110,"COLEGIO MAYOR DE ANTIOQUIA",2025,2,"Antiguo",106264,"INGENIERIA COMERCIAL","Femenino",5001,"Antioquia","Medellín","Colombia","Urbana"
4837,2110,"COLEGIO MAYOR DE ANTIOQUIA",2025,2,"Antiguo",106264,"INGENIERIA COMERCIAL","Femenino",5001,"Antioquia","Bello","Colombia","Urbana"
4838,2110,"COLEGIO MAYOR DE ANTIOQUIA",2025,2,"Antiguo",106264,"INGENIERIA COMERCIAL","Femenino",5001,"Antioquia","Medellín","Colombia","Urbana"
4839,2110,"COLEGIO MAYOR DE ANTIOQUIA",2025,2,"Antiguo",106264,"INGENIERIA COMERCIAL","Femenino",5001,"Antioquia","Medellín","Colombia","Urbana"
4840,2110,"COLEGIO MAYOR DE ANTIOQUIA",2025,2,"Antiguo",106264,"INGENIERIA COMERCIAL","Femenino",5001,"Antioquia","Medellín","Colombia","Urbana"
4841,2110,"COLEGIO MAYOR DE ANTIOQUIA",2025,2,"Antiguo",106264,"INGENIERIA COMERCIAL","Masculino",5001,"Antioquia","Medellín","Colombia","Urbana"
4842,2110,"COLEGIO MAYOR DE ANTIOQUIA",2025,2,"Antiguo",106264,"INGENIERIA COMERCIAL","Masculino",5001,"Antioquia","Medellín","Colombia","Urbana"
4843,2110,"COLEGIO MAYOR DE ANTIOQUIA",2025,2,"Antiguo",106264,"INGENIERIA COMERCIAL","Femenino",5001,"Antioquia","Medellín","Colombia","Urbana"
4844,2110,"COLEGIO MAYOR DE ANTIOQUIA",2025,2,"Antiguo",106264,"INGENIERIA COMERCIAL","Femenino",5001,"Antioquia","Medellín","Colombia","Urbana"
4845,2110,"COLEGIO MAYOR DE ANTIOQUIA",2025,2,"Antiguo",106264,"INGENIERIA COMERCIAL","Femenino",5001,"Antioquia","Medellín","Colombia","Urbana"
4846,2110,"COLEGIO MAYOR DE ANTIOQUIA",2025,2,"Antiguo",106264,"INGENIERIA COMERCIAL","Femenino",5001,"Antioquia","Alejandria","Colombia","Urbana"
4847,2110,"COLEGIO MAYOR DE ANTIOQUIA",2025,2,"Antiguo",106264,"INGENIERIA COMERCIAL","Masculino",5001,"Antioquia","La Estrella","Colombia","Urbana"
4848,2110,"COLEGIO MAYOR DE ANTIOQUIA",2025,2,"Antiguo",106264,"INGENIERIA COMERCIAL","Masculino",5001,"Antioquia","Medellín","Colombia","Urbana"
4849,2110,"COLEGIO MAYOR DE ANTIOQUIA",2025,2,"Antiguo",106264,"INGENIERIA COMERCIAL","Masculino",5001,"Antioquia","Medellín","Colombia","Urbana"
4850,2110,"COLEGIO MAYOR DE ANTIOQUIA",2025,2,"Antiguo",106264,"INGENIERIA COMERCIAL","Masculino",5001,"Antioquia","Medellín","Colombia","Urbana"
4851,2110,"COLEGIO MAYOR DE ANTIOQUIA",2025,2,"Antiguo",106264,"INGENIERIA COMERCIAL","Femenino",5001,"Antioquia","Medellín","Colombia","Urbana"
4852,2110,"COLEGIO MAYOR DE ANTIOQUIA",2025,2,"Antiguo",106264,"INGENIERIA COMERCIAL","Femenino",5001,"Antioquia","Medellín","Colombia","Urbana"
4853,2110,"COLEGIO MAYOR DE ANTIOQUIA",2025,2,"Antiguo",106264,"INGENIERIA COMERCIAL","Femenino",5001,"Antioquia","Entrerríos","Colombia","Urbana"
4854,2110,"COLEGIO MAYOR DE ANTIOQUIA",2025,2,"Antiguo",106264,"INGENIERIA COMERCIAL","Femenino",5001,"Antioquia","Bello","Colombia","Urbana"
4855,2110,"COLEGIO MAYOR DE ANTIOQUIA",2025,2,"Antiguo",106264,"INGENIERIA COMERCIAL","Masculino",5001,"Antioquia","Medellín","Colombia","Urbana"
4856,2110,"COLEGIO MAYOR DE ANTIOQUIA",2025,2,"Antiguo",106264,"INGENIERIA COMERCIAL","Masculino",5001,"Antioquia","Medellín","Colombia","Urbana"
4857,2110,"COLEGIO MAYOR DE ANTIOQUIA",2025,2,"Antiguo",106264,"INGENIERIA COMERCIAL","Masculino",5001,"Antioquia","Medellín","Colombia","Urbana"
4858,2110,"COLEGIO MAYOR DE ANTIOQUIA",2025,2,"Antiguo",106264,"INGENIERIA COMERCIAL","Femenino",5001,"Antioquia","Medellín","Colombia","Urbana"
4859,2110,"COLEGIO MAYOR DE ANTIOQUIA",2025,2,"Antiguo",106264,"INGENIERIA COMERCIAL","Masculino",5001,"Antioquia","Medellín","Colombia","Urbana"
4860,2110,"COLEGIO MAYOR DE ANTIOQUIA",2025,2,"Antiguo",106264,"INGENIERIA COMERCIAL","Masculino",5001,"Antioquia","Medellín","Colombia","Urbana"
4861,2110,"COLEGIO MAYOR DE ANTIOQUIA",2025,2,"Antiguo",106264,"INGENIERIA COMERCIAL","Masculino",5001,"Antioquia","Medellín","Colombia","Urbana"
4862,2110,"COLEGIO MAYOR DE ANTIOQUIA",2025,2,"Antiguo",106264,"INGENIERIA COMERCIAL","Femenino",5001,"Antioquia","Medellín","Colombia","Urbana"
4863,2110,"COLEGIO MAYOR DE ANTIOQUIA",2025,2,"Antiguo",106264,"INGENIERIA COMERCIAL","Femenino",5001,"Antioquia","Medellín","Colombia","Urbana"
4864,2110,"COLEGIO MAYOR DE ANTIOQUIA",2025,2,"Antiguo",106264,"INGENIERIA COMERCIAL","Masculino",5001,"Antioquia","Medellín","Colombia","Urbana"
4865,2110,"COLEGIO MAYOR DE ANTIOQUIA",2025,2,"Antiguo",106264,"INGENIERIA COMERCIAL","Femenino",5001,"Antioquia","Medellín","Colombia","Urbana"
4866,2110,"COLEGIO MAYOR DE ANTIOQUIA",2025,2,"Antiguo",106264,"INGENIERIA COMERCIAL","Masculino",5001,"Antioquia","Medellín","Colombia","Urbana"
4867,2110,"COLEGIO MAYOR DE ANTIOQUIA",2025,2,"Antiguo",106264,"INGENIERIA COMERCIAL","Femenino",5001,"Antioquia","Medellín","Colombia","Urbana"
4868,2110,"COLEGIO MAYOR DE ANTIOQUIA",2025,2,"Antiguo",106264,"INGENIERIA COMERCIAL","Femenino",5001,"Antioquia","Medellín","Colombia","Urbana"
4869,2110,"COLEGIO MAYOR DE ANTIOQUIA",2025,2,"Antiguo",106264,"INGENIERIA COMERCIAL","Masculino",5001,"Antioquia","Medellín","Colombia","Urbana"
4870,2110,"COLEGIO MAYOR DE ANTIOQUIA",2025,2,"Antiguo",106264,"INGENIERIA COMERCIAL","Masculino",5001,"Antioquia","La Ceja","Colombia","Urbana"
4871,2110,"COLEGIO MAYOR DE ANTIOQUIA",2025,2,"Antiguo",106264,"INGENIERIA COMERCIAL","Femenino",5001,"Antioquia","Itagüí","Colombia","Urbana"
4872,2110,"COLEGIO MAYOR DE ANTIOQUIA",2025,2,"Antiguo",106264,"INGENIERIA COMERCIAL","Femenino",5001,"Antioquia","Medellín","Colombia","Urbana"
4873,2110,"COLEGIO MAYOR DE ANTIOQUIA",2025,2,"Antiguo",106264,"INGENIERIA COMERCIAL","Femenino",5001,"Antioquia","Medellín","Colombia","Urbana"
4874,2110,"COLEGIO MAYOR DE ANTIOQUIA",2025,2,"Antiguo",106264,"INGENIERIA COMERCIAL","Masculino",5001,"Antioquia","Medellín","Colombia","Urbana"
4875,2110,"COLEGIO MAYOR DE ANTIOQUIA",2025,2,"Antiguo",106264,"INGENIERIA COMERCIAL","Femenino",5001,"Antioquia","Medellín","Colombia","Urbana"
4876,2110,"COLEGIO MAYOR DE ANTIOQUIA",2025,2,"Antiguo",106264,"INGENIERIA COMERCIAL","Femenino",5001,"Antioquia","Medellín","Colombia","Urbana"
4877,2110,"COLEGIO MAYOR DE ANTIOQUIA",2025,2,"Antiguo",106264,"INGENIERIA COMERCIAL","Femenino",5001,"Antioquia","Bello","Colombia","Urbana"
4878,2110,"COLEGIO MAYOR DE ANTIOQUIA",2025,2,"Antiguo",106264,"INGENIERIA COMERCIAL","Femenino",5001,"Antioquia","Medellín","Colombia","Urbana"
4879,2110,"COLEGIO MAYOR DE ANTIOQUIA",2025,2,"Antiguo",106264,"INGENIERIA COMERCIAL","Masculino",5001,"Antioquia","Medellín","Colombia","Urbana"
4880,2110,"COLEGIO MAYOR DE ANTIOQUIA",2025,2,"Antiguo",106264,"INGENIERIA COMERCIAL","Masculino",5001,"Antioquia","Medellín","Colombia","Urbana"
4881,2110,"COLEGIO MAYOR DE ANTIOQUIA",2025,2,"Antiguo",106264,"INGENIERIA COMERCIAL","Masculino",5001,"Antioquia","Medellín","Colombia","Urbana"
4882,2110,"COLEGIO MAYOR DE ANTIOQUIA",2025,2,"Antiguo",106264,"INGENIERIA COMERCIAL","Femenino",5001,"Antioquia","Bello","Colombia","Urbana"
4883,2110,"COLEGIO MAYOR DE ANTIOQUIA",2025,2,"Antiguo",106264,"INGENIERIA COMERCIAL","Femenino",5001,"Antioquia","Medellín","Colombia","Urbana"
4884,2110,"COLEGIO MAYOR DE ANTIOQUIA",2025,2,"Antiguo",106264,"INGENIERIA COMERCIAL","Femenino",5001,"Antioquia","Medellín","Colombia","Urbana"
4885,2110,"COLEGIO MAYOR DE ANTIOQUIA",2025,2,"Antiguo",106264,"INGENIERIA COMERCIAL","Femenino",5001,"Antioquia","Medellín","Colombia","Urbana"
4886,2110,"COLEGIO MAYOR DE ANTIOQUIA",2025,2,"Antiguo",106264,"INGENIERIA COMERCIAL","Masculino",5001,"Antioquia","Medellín","Colombia","Urbana"
4887,2110,"COLEGIO MAYOR DE ANTIOQUIA",2025,2,"Antiguo",106264,"INGENIERIA COMERCIAL","Masculino",5001,"Antioquia","Bello","Colombia","Urbana"
4888,2110,"COLEGIO MAYOR DE ANTIOQUIA",2025,2,"Antiguo",106264,"INGENIERIA COMERCIAL","Masculino",5001,"Antioquia","Medellín","Colombia","Urbana"
4889,2110,"COLEGIO MAYOR DE ANTIOQUIA",2025,2,"Antiguo",106264,"INGENIERIA COMERCIAL","Femenino",5001,"Antioquia","Medellín","Colombia","Urbana"
4890,2110,"COLEGIO MAYOR DE ANTIOQUIA",2025,2,"Antiguo",106264,"INGENIERIA COMERCIAL","Masculino",5001,"Antioquia","Medellín","Colombia","Urbana"
4891,2110,"COLEGIO MAYOR DE ANTIOQUIA",2025,2,"Antiguo",106264,"INGENIERIA COMERCIAL","Femenino",5001,"Antioquia","Barbosa","Colombia","Urbana"
4892,2110,"COLEGIO MAYOR DE ANTIOQUIA",2025,2,"Antiguo",106264,"INGENIERIA COMERCIAL","Masculino",5001,"Antioquia","Medellín","Colombia","Urbana"
4893,2110,"COLEGIO MAYOR DE ANTIOQUIA",2025,2,"Antiguo",106264,"INGENIERIA COMERCIAL","Femenino",5001,"Antioquia","Medellín","Colombia","Urbana"
4894,2110,"COLEGIO MAYOR DE ANTIOQUIA",2025,2,"Antiguo",106264,"INGENIERIA COMERCIAL","Masculino",5001,"Antioquia","Medellín","Colombia","Urbana"
4895,2110,"COLEGIO MAYOR DE ANTIOQUIA",2025,2,"Antiguo",106264,"INGENIERIA COMERCIAL","Masculino",5001,"Antioquia","Medellín","Colombia","Urbana"
4896,2110,"COLEGIO MAYOR DE ANTIOQUIA",2025,2,"Antiguo",106264,"INGENIERIA COMERCIAL","Femenino",5001,"Antioquia","Medellín","Colombia","Urbana"
4897,2110,"COLEGIO MAYOR DE ANTIOQUIA",2025,2,"Antiguo",106264,"INGENIERIA COMERCIAL","Femenino",5001,"Antioquia","Medellín","Colombia","Urbana"
4898,2110,"COLEGIO MAYOR DE ANTIOQUIA",2025,2,"Antiguo",106264,"INGENIERIA COMERCIAL","Masculino",5001,"Antioquia","Medellín","Colombia","Urbana"
4899,2110,"COLEGIO MAYOR DE ANTIOQUIA",2025,2,"Antiguo",106264,"INGENIERIA COMERCIAL","Femenino",5001,"Antioquia","Medellín","Colombia","Urbana"
4900,2110,"COLEGIO MAYOR DE ANTIOQUIA",2025,2,"Reingreso",106264,"INGENIERIA COMERCIAL","Masculino",5001,"Antioquia","Bello","Colombia","Urbana"
4901,2110,"COLEGIO MAYOR DE ANTIOQUIA",2025,2,"Reingreso",106264,"INGENIERIA COMERCIAL","Masculino",5001,"Antioquia","Medellín","Colombia","Urbana"
4902,2110,"COLEGIO MAYOR DE ANTIOQUIA",2025,2,"Reingreso",106264,"INGENIERIA COMERCIAL","Masculino",5001,"Antioquia","Medellín","Colombia","Urbana"
4903,2110,"COLEGIO MAYOR DE ANTIOQUIA",2025,2,"Reintegro",106264,"INGENIERIA COMERCIAL","Masculino",5001,"Antioquia","Medellín","Colombia","Urbana"
4904,2110,"COLEGIO MAYOR DE ANTIOQUIA",2025,2,"Reintegro",106264,"INGENIERIA COMERCIAL","Masculino",5001,"Antioquia","Medellín","Colombia","Urbana"
4905,2110,"COLEGIO MAYOR DE ANTIOQUIA",2025,2,"Reintegro",106264,"INGENIERIA COMERCIAL","Femenino",5001,"Antioquia","Medellín","Colombia","Urbana"
4906,2110,"COLEGIO MAYOR DE ANTIOQUIA",2025,2,"Antiguo",106303,"TECNOLOGIA EN GESTION TURISTICA (VIRTUAL)","Masculino",5001,"Antioquia","Medellín","Colombia","Urbana"
4907,2110,"COLEGIO MAYOR DE ANTIOQUIA",2025,2,"Antiguo",106303,"TECNOLOGIA EN GESTION TURISTICA (VIRTUAL)","Femenino",5001,"Antioquia","Medellín","Colombia","Urbana"
4908,2110,"COLEGIO MAYOR DE ANTIOQUIA",2025,2,"Antiguo",106303,"TECNOLOGIA EN GESTION TURISTICA (VIRTUAL)","Femenino",5001,"Antioquia","Medellín","Colombia","Urbana"
4909,2110,"COLEGIO MAYOR DE ANTIOQUIA",2025,2,"Antiguo",106303,"TECNOLOGIA EN GESTION TURISTICA (VIRTUAL)","Femenino",5001,"Antioquia","Medellín","Colombia","Urbana"
4910,2110,"COLEGIO MAYOR DE ANTIOQUIA",2025,2,"Antiguo",106303,"TECNOLOGIA EN GESTION TURISTICA (VIRTUAL)","Femenino",5001,"Antioquia","Medellín","Colombia","Urbana"
4911,2110,"COLEGIO MAYOR DE ANTIOQUIA",2025,2,"Antiguo",106303,"TECNOLOGIA EN GESTION TURISTICA (VIRTUAL)","Femenino",5001,"Antioquia","Medellín","Colombia","Urbana"
4912,2110,"COLEGIO MAYOR DE ANTIOQUIA",2025,2,"Antiguo",106303,"TECNOLOGIA EN GESTION TURISTICA (VIRTUAL)","Femenino",5001,"Antioquia","Medellín","Colombia","Urbana"
4913,2110,"COLEGIO MAYOR DE ANTIOQUIA",2025,2,"Antiguo",106303,"TECNOLOGIA EN GESTION TURISTICA (VIRTUAL)","Femenino",5001,"Antioquia","San Carlos","Colombia","Urbana"
4914,2110,"COLEGIO MAYOR DE ANTIOQUIA",2025,2,"Antiguo",106303,"TECNOLOGIA EN GESTION TURISTICA (VIRTUAL)","Femenino",5001,"Antioquia","Itagüí","Colombia","Urbana"
4915,2110,"COLEGIO MAYOR DE ANTIOQUIA",2025,2,"Antiguo",106303,"TECNOLOGIA EN GESTION TURISTICA (VIRTUAL)","Femenino",5001,"Antioquia","Medellín","Colombia","Urbana"
4916,2110,"COLEGIO MAYOR DE ANTIOQUIA",2025,2,"Antiguo",106303,"TECNOLOGIA EN GESTION TURISTICA (VIRTUAL)","Femenino",5001,"Antioquia","Medellín","Colombia","Urbana"
4917,2110,"COLEGIO MAYOR DE ANTIOQUIA",2025,2,"Antiguo",106303,"TECNOLOGIA EN GESTION TURISTICA (VIRTUAL)","Femenino",5001,"Antioquia","Medellín","Colombia","Urbana"
4918,2110,"COLEGIO MAYOR DE ANTIOQUIA",2025,2,"Antiguo",106303,"TECNOLOGIA EN GESTION TURISTICA (VIRTUAL)","Femenino",5001,"Antioquia","Medellín","Colombia","Urbana"
4919,2110,"COLEGIO MAYOR DE ANTIOQUIA",2025,2,"Antiguo",106303,"TECNOLOGIA EN GESTION TURISTICA (VIRTUAL)","Femenino",5001,"Antioquia","Medellín","Colombia","Urbana"
4920,2110,"COLEGIO MAYOR DE ANTIOQUIA",2025,2,"Antiguo",106303,"TECNOLOGIA EN GESTION TURISTICA (VIRTUAL)","Femenino",5001,"Antioquia","Medellín","Colombia","Urbana"
4921,2110,"COLEGIO MAYOR DE ANTIOQUIA",2025,2,"Antiguo",106303,"TECNOLOGIA EN GESTION TURISTICA (VIRTUAL)","Femenino",5001,"Antioquia","Medellín","Colombia","Urbana"
4922,2110,"COLEGIO MAYOR DE ANTIOQUIA",2025,2,"Antiguo",106303,"TECNOLOGIA EN GESTION TURISTICA (VIRTUAL)","Femenino",5001,"Antioquia","Copacabana","Colombia","Urbana"
4923,2110,"COLEGIO MAYOR DE ANTIOQUIA",2025,2,"Reingreso",106303,"TECNOLOGIA EN GESTION TURISTICA (VIRTUAL)","Masculino",5001,"Antioquia","Medellín","Colombia","Urbana"
4924,2110,"COLEGIO MAYOR DE ANTIOQUIA",2025,2,"Reingreso",106303,"TECNOLOGIA EN GESTION TURISTICA (VIRTUAL)","Femenino",5001,"Antioquia","Medellín","Colombia","Urbana"
4925,2110,"COLEGIO MAYOR DE ANTIOQUIA",2025,2,"Reingreso",106303,"TECNOLOGIA EN GESTION TURISTICA (VIRTUAL)","Femenino",5001,"Antioquia","Medellín","Colombia","Urbana"
4926,2110,"COLEGIO MAYOR DE ANTIOQUIA",2025,2,"Reintegro",106303,"TECNOLOGIA EN GESTION TURISTICA (VIRTUAL)","Femenino",5001,"Antioquia","Medellín","Colombia","Urbana"
4927,2110,"COLEGIO MAYOR DE ANTIOQUIA",2025,2,"Reintegro",106303,"TECNOLOGIA EN GESTION TURISTICA (VIRTUAL)","Femenino",5001,"Antioquia","Medellín","Colombia","Urbana"
4928,2110,"COLEGIO MAYOR DE ANTIOQUIA",2025,2,"Reintegro",106303,"TECNOLOGIA EN GESTION TURISTICA (VIRTUAL)","Femenino",5001,"Antioquia","Medellín","Colombia","Urbana"
4929,2110,"COLEGIO MAYOR DE ANTIOQUIA",2025,2,"Nuevo",106771,"PROFESIONAL EN GASTRONOMÍA Y CULINARIA","Femenino",5001,"Bolívar","Cartagena","Colombia","Urbana"
4930,2110,"COLEGIO MAYOR DE ANTIOQUIA",2025,2,"Nuevo",106771,"PROFESIONAL EN GASTRONOMÍA Y CULINARIA","Femenino",5001,"Antioquia","Medellín","Colombia","Urbana"
4931,2110,"COLEGIO MAYOR DE ANTIOQUIA",2025,2,"Nuevo",106771,"PROFESIONAL EN GASTRONOMÍA Y CULINARIA","Masculino",5001,"Antioquia","Medellín","Colombia","Urbana"
4932,2110,"COLEGIO MAYOR DE ANTIOQUIA",2025,2,"Nuevo",106771,"PROFESIONAL EN GASTRONOMÍA Y CULINARIA","Masculino",5001,"Antioquia","Medellín","Colombia","Urbana"
4933,2110,"COLEGIO MAYOR DE ANTIOQUIA",2025,2,"Nuevo",106771,"PROFESIONAL EN GASTRONOMÍA Y CULINARIA","Masculino",5001,"Antioquia","Medellín","Colombia","Urbana"
4934,2110,"COLEGIO MAYOR DE ANTIOQUIA",2025,2,"Nuevo",106771,"PROFESIONAL EN GASTRONOMÍA Y CULINARIA","Masculino",5001,"Antioquia","Medellín","Colombia","Urbana"
4935,2110,"COLEGIO MAYOR DE ANTIOQUIA",2025,2,"Nuevo",106771,"PROFESIONAL EN GASTRONOMÍA Y CULINARIA","Femenino",5001,"Antioquia","Medellín","Colombia","Urbana"
4936,2110,"COLEGIO MAYOR DE ANTIOQUIA",2025,2,"Nuevo",106771,"PROFESIONAL EN GASTRONOMÍA Y CULINARIA","Masculino",5001,"Antioquia","Medellín","Colombia","Urbana"
4937,2110,"COLEGIO MAYOR DE ANTIOQUIA",2025,2,"Nuevo",106771,"PROFESIONAL EN GASTRONOMÍA Y CULINARIA","Masculino",5001,"Antioquia","Medellín","Colombia","Urbana"
4938,2110,"COLEGIO MAYOR DE ANTIOQUIA",2025,2,"Nuevo",106771,"PROFESIONAL EN GASTRONOMÍA Y CULINARIA","Masculino",5001,"Antioquia","Guarne","Colombia","Urbana"
4939,2110,"COLEGIO MAYOR DE ANTIOQUIA",2025,2,"Nuevo",106771,"PROFESIONAL EN GASTRONOMÍA Y CULINARIA","Masculino",5001,"Antioquia","Medellín","Colombia","Urbana"
4940,2110,"COLEGIO MAYOR DE ANTIOQUIA",2025,2,"Nuevo",106771,"PROFESIONAL EN GASTRONOMÍA Y CULINARIA","Masculino",5001,"Antioquia","Medellín","Colombia","Urbana"
4941,2110,"COLEGIO MAYOR DE ANTIOQUIA",2025,2,"Nuevo",106771,"PROFESIONAL EN GASTRONOMÍA Y CULINARIA","Femenino",5001,"Antioquia","Medellín","Colombia","Urbana"
4942,2110,"COLEGIO MAYOR DE ANTIOQUIA",2025,2,"Nuevo",106771,"PROFESIONAL EN GASTRONOMÍA Y CULINARIA","Masculino",5001,"Antioquia","Medellín","Colombia","Urbana"
4943,2110,"COLEGIO MAYOR DE ANTIOQUIA",2025,2,"Nuevo",106771,"PROFESIONAL EN GASTRONOMÍA Y CULINARIA","Masculino",5001,"Antioquia","Medellín","Colombia","Urbana"
4944,2110,"COLEGIO MAYOR DE ANTIOQUIA",2025,2,"Nuevo",106771,"PROFESIONAL EN GASTRONOMÍA Y CULINARIA","Femenino",5001,"Antioquia","Medellín","Colombia","Urbana"
4945,2110,"COLEGIO MAYOR DE ANTIOQUIA",2025,2,"Nuevo",106771,"PROFESIONAL EN GASTRONOMÍA Y CULINARIA","Femenino",5001,"Antioquia","Copacabana","Colombia","Urbana"
4946,2110,"COLEGIO MAYOR DE ANTIOQUIA",2025,2,"Nuevo",106771,"PROFESIONAL EN GASTRONOMÍA Y CULINARIA","Femenino",5001,"Antioquia","San Luís","Colombia","Urbana"
4947,2110,"COLEGIO MAYOR DE ANTIOQUIA",2025,2,"Nuevo",106771,"PROFESIONAL EN GASTRONOMÍA Y CULINARIA","Masculino",5001,"Antioquia","La Ceja","Colombia","Urbana"
4948,2110,"COLEGIO MAYOR DE ANTIOQUIA",2025,2,"Nuevo",106771,"PROFESIONAL EN GASTRONOMÍA Y CULINARIA","Femenino",5001,"Antioquia","Medellín","Colombia","Urbana"
4949,2110,"COLEGIO MAYOR DE ANTIOQUIA",2025,2,"Nuevo",106771,"PROFESIONAL EN GASTRONOMÍA Y CULINARIA","Masculino",5001,"Boyacá","Santa Rosa de Viterbo","Colombia","Urbana"
4950,2110,"COLEGIO MAYOR DE ANTIOQUIA",2025,2,"Nuevo",106771,"PROFESIONAL EN GASTRONOMÍA Y CULINARIA","Masculino",5001,"Antioquia","Medellín","Colombia","Urbana"
4951,2110,"COLEGIO MAYOR DE ANTIOQUIA",2025,2,"Nuevo",106771,"PROFESIONAL EN GASTRONOMÍA Y CULINARIA","Femenino",5001,"Antioquia","Medellín","Colombia","Urbana"
4952,2110,"COLEGIO MAYOR DE ANTIOQUIA",2025,2,"Nuevo",106771,"PROFESIONAL EN GASTRONOMÍA Y CULINARIA","Femenino",5001,"Antioquia","Sabaneta","Colombia","Urbana"
4953,2110,"COLEGIO MAYOR DE ANTIOQUIA",2025,2,"Nuevo",106771,"PROFESIONAL EN GASTRONOMÍA Y CULINARIA","Masculino",5001,"Antioquia","Medellín","Colombia","Urbana"
4954,2110,"COLEGIO MAYOR DE ANTIOQUIA",2025,2,"Nuevo",106771,"PROFESIONAL EN GASTRONOMÍA Y CULINARIA","Femenino",5001,"Antioquia","Medellín","Colombia","Urbana"
4955,2110,"COLEGIO MAYOR DE ANTIOQUIA",2025,2,"Nuevo",106771,"PROFESIONAL EN GASTRONOMÍA Y CULINARIA","Masculino",5001,"Antioquia","Medellín","Colombia","Urbana"
4956,2110,"COLEGIO MAYOR DE ANTIOQUIA",2025,2,"Nuevo",106771,"PROFESIONAL EN GASTRONOMÍA Y CULINARIA","Masculino",5001,"Antioquia","Medellín","Colombia","Urbana"
4957,2110,"COLEGIO MAYOR DE ANTIOQUIA",2025,2,"Nuevo",106771,"PROFESIONAL EN GASTRONOMÍA Y CULINARIA","Femenino",5001,"Antioquia","Medellín","Colombia","Urbana"
4958,2110,"COLEGIO MAYOR DE ANTIOQUIA",2025,2,"Nuevo",106771,"PROFESIONAL EN GASTRONOMÍA Y CULINARIA","Masculino",5001,"Antioquia","Itagüí","Colombia","Urbana"
4959,2110,"COLEGIO MAYOR DE ANTIOQUIA",2025,2,"Nuevo",106771,"PROFESIONAL EN GASTRONOMÍA Y CULINARIA","Femenino",5001,"Antioquia","Bello","Colombia","Urbana"
4960,2110,"COLEGIO MAYOR DE ANTIOQUIA",2025,2,"Nuevo",106771,"PROFESIONAL EN GASTRONOMÍA Y CULINARIA","Masculino",5001,"Antioquia","Medellín","Colombia","Urbana"
4961,2110,"COLEGIO MAYOR DE ANTIOQUIA",2025,2,"Nuevo",106771,"PROFESIONAL EN GASTRONOMÍA Y CULINARIA","Masculino",5001,"Antioquia","Medellín","Colombia","Urbana"
4962,2110,"COLEGIO MAYOR DE ANTIOQUIA",2025,2,"Nuevo",106771,"PROFESIONAL EN GASTRONOMÍA Y CULINARIA","Masculino",5001,"Antioquia","Medellín","Colombia","Urbana"
4963,2110,"COLEGIO MAYOR DE ANTIOQUIA",2025,2,"Nuevo",106771,"PROFESIONAL EN GASTRONOMÍA Y CULINARIA","Masculino",5001,"Antioquia","Bello","Colombia","Urbana"
4964,2110,"COLEGIO MAYOR DE ANTIOQUIA",2025,2,"Nuevo",106771,"PROFESIONAL EN GASTRONOMÍA Y CULINARIA","Masculino",5001,"Córdoba","Montelíbano","Colombia","Urbana"
4965,2110,"COLEGIO MAYOR DE ANTIOQUIA",2025,2,"Nuevo",106771,"PROFESIONAL EN GASTRONOMÍA Y CULINARIA","Femenino",5001,"Antioquia","Medellín","Colombia","Urbana"
4966,2110,"COLEGIO MAYOR DE ANTIOQUIA",2025,2,"Nuevo",106771,"PROFESIONAL EN GASTRONOMÍA Y CULINARIA","Femenino",5001,"Antioquia","Medellín","Colombia","Urbana"
4967,2110,"COLEGIO MAYOR DE ANTIOQUIA",2025,2,"Nuevo",106771,"PROFESIONAL EN GASTRONOMÍA Y CULINARIA","Masculino",5001,"Antioquia","Medellín","Colombia","Urbana"
4968,2110,"COLEGIO MAYOR DE ANTIOQUIA",2025,2,"Nuevo",106771,"PROFESIONAL EN GASTRONOMÍA Y CULINARIA","Masculino",5001,"Antioquia","Medellín","Colombia","Urbana"
4969,2110,"COLEGIO MAYOR DE ANTIOQUIA",2025,2,"Nuevo",106771,"PROFESIONAL EN GASTRONOMÍA Y CULINARIA","Masculino",5001,"Antioquia","Marinilla","Colombia","Urbana"
4970,2110,"COLEGIO MAYOR DE ANTIOQUIA",2025,2,"Nuevo",106771,"PROFESIONAL EN GASTRONOMÍA Y CULINARIA","Femenino",5001,"Antioquia","Itagüí","Colombia","Urbana"
4971,2110,"COLEGIO MAYOR DE ANTIOQUIA",2025,2,"Nuevo",106771,"PROFESIONAL EN GASTRONOMÍA Y CULINARIA","Masculino",5001,"Antioquia","Medellín","Colombia","Urbana"
4972,2110,"COLEGIO MAYOR DE ANTIOQUIA",2025,2,"Nuevo",106771,"PROFESIONAL EN GASTRONOMÍA Y CULINARIA","Femenino",5001,"Antioquia","Itagüí","Colombia","Urbana"
4973,2110,"COLEGIO MAYOR DE ANTIOQUIA",2025,2,"Nuevo",106771,"PROFESIONAL EN GASTRONOMÍA Y CULINARIA","Masculino",5001,"Antioquia","Medellín","Colombia","Urbana"
4974,2110,"COLEGIO MAYOR DE ANTIOQUIA",2025,2,"Nuevo",106771,"PROFESIONAL EN GASTRONOMÍA Y CULINARIA","Femenino",5001,"Antioquia","Medellín","Colombia","Urbana"
4975,2110,"COLEGIO MAYOR DE ANTIOQUIA",2025,2,"Nuevo",106771,"PROFESIONAL EN GASTRONOMÍA Y CULINARIA","Femenino",5001,"Antioquia","Medellín","Colombia","Urbana"
4976,2110,"COLEGIO MAYOR DE ANTIOQUIA",2025,2,"Nuevo",106771,"PROFESIONAL EN GASTRONOMÍA Y CULINARIA","Femenino",5001,"Antioquia","Itagüí","Colombia","Urbana"
4977,2110,"COLEGIO MAYOR DE ANTIOQUIA",2025,2,"Nuevo",106771,"PROFESIONAL EN GASTRONOMÍA Y CULINARIA","Femenino",5001,"Antioquia","Caucasia","Colombia","Urbana"
4978,2110,"COLEGIO MAYOR DE ANTIOQUIA",2025,2,"Nuevo",106771,"PROFESIONAL EN GASTRONOMÍA Y CULINARIA","Femenino",5001,"Antioquia","Medellín","Colombia","Urbana"
4979,2110,"COLEGIO MAYOR DE ANTIOQUIA",2025,2,"Nuevo",106771,"PROFESIONAL EN GASTRONOMÍA Y CULINARIA","Femenino",5001,"Antioquia","Medellín","Colombia","Urbana"
4980,2110,"COLEGIO MAYOR DE ANTIOQUIA",2025,2,"Nuevo",106771,"PROFESIONAL EN GASTRONOMÍA Y CULINARIA","Femenino",5001,"Antioquia","Medellín","Colombia","Urbana"
4981,2110,"COLEGIO MAYOR DE ANTIOQUIA",2025,2,"Nuevo",106771,"PROFESIONAL EN GASTRONOMÍA Y CULINARIA","Femenino",5001,"Antioquia","Itagüí","Colombia","Urbana"
4982,2110,"COLEGIO MAYOR DE ANTIOQUIA",2025,2,"Nuevo",106771,"PROFESIONAL EN GASTRONOMÍA Y CULINARIA","Femenino",5001,"Antioquia","Itagüí","Colombia","Urbana"
4983,2110,"COLEGIO MAYOR DE ANTIOQUIA",2025,2,"Nuevo",106771,"PROFESIONAL EN GASTRONOMÍA Y CULINARIA","Masculino",5001,"Antioquia","Medellín","Colombia","Urbana"
4984,2110,"COLEGIO MAYOR DE ANTIOQUIA",2025,2,"Nuevo",106771,"PROFESIONAL EN GASTRONOMÍA Y CULINARIA","Masculino",5001,"Antioquia","Sabaneta","Colombia","Urbana"
4985,2110,"COLEGIO MAYOR DE ANTIOQUIA",2025,2,"Nuevo",106771,"PROFESIONAL EN GASTRONOMÍA Y CULINARIA","Masculino",5001,"Antioquia","Itagüí","Colombia","Urbana"
4986,2110,"COLEGIO MAYOR DE ANTIOQUIA",2025,2,"Nuevo",106771,"PROFESIONAL EN GASTRONOMÍA Y CULINARIA","Masculino",5001,"Antioquia","Medellín","Colombia","Urbana"
4987,2110,"COLEGIO MAYOR DE ANTIOQUIA",2025,2,"Nuevo",106771,"PROFESIONAL EN GASTRONOMÍA Y CULINARIA","Femenino",5001,"Antioquia","Medellín","Colombia","Urbana"
4988,2110,"COLEGIO MAYOR DE ANTIOQUIA",2025,2,"Nuevo",106771,"PROFESIONAL EN GASTRONOMÍA Y CULINARIA","Femenino",5001,"Antioquia","Medellín","Colombia","Urbana"
4989,2110,"COLEGIO MAYOR DE ANTIOQUIA",2025,2,"Nuevo",106771,"PROFESIONAL EN GASTRONOMÍA Y CULINARIA","Femenino",5001,"Antioquia","Medellín","Colombia","Urbana"
4990,2110,"COLEGIO MAYOR DE ANTIOQUIA",2025,2,"Transferencia interna",106771,"PROFESIONAL EN GASTRONOMÍA Y CULINARIA","Femenino",5001,"Antioquia","Medellín","Colombia","Urbana"
4991,2110,"COLEGIO MAYOR DE ANTIOQUIA",2025,2,"Transferencia interna",106771,"PROFESIONAL EN GASTRONOMÍA Y CULINARIA","Femenino",5001,"Antioquia","Medellín","Colombia","Urbana"
4992,2110,"COLEGIO MAYOR DE ANTIOQUIA",2025,2,"Transferencia interna",106771,"PROFESIONAL EN GASTRONOMÍA Y CULINARIA","Masculino",5001,"Antioquia","Medellín","Colombia","Urbana"
4993,2110,"COLEGIO MAYOR DE ANTIOQUIA",2025,2,"Transferencia interna",106771,"PROFESIONAL EN GASTRONOMÍA Y CULINARIA","Femenino",5001,"Antioquia","Bello","Colombia","Urbana"
4994,2110,"COLEGIO MAYOR DE ANTIOQUIA",2025,2,"Transferencia interna",106771,"PROFESIONAL EN GASTRONOMÍA Y CULINARIA","Masculino",5001,"Antioquia","Medellín","Colombia","Urbana"
4995,2110,"COLEGIO MAYOR DE ANTIOQUIA",2025,2,"Transferencia interna",106771,"PROFESIONAL EN GASTRONOMÍA Y CULINARIA","Femenino",5001,"Antioquia","Bello","Colombia","Urbana"
4996,2110,"COLEGIO MAYOR DE ANTIOQUIA",2025,2,"Transferencia interna",106771,"PROFESIONAL EN GASTRONOMÍA Y CULINARIA","Femenino",5001,"Antioquia","Medellín","Colombia","Urbana"
4997,2110,"COLEGIO MAYOR DE ANTIOQUIA",2025,2,"Transferencia interna",106771,"PROFESIONAL EN GASTRONOMÍA Y CULINARIA","Masculino",5001,"Antioquia","Medellín","Colombia","Urbana"
4998,2110,"COLEGIO MAYOR DE ANTIOQUIA",2025,2,"Transferencia externa",106771,"PROFESIONAL EN GASTRONOMÍA Y CULINARIA","Femenino",5001,"Putumayo","Puerto Asís","Colombia","Urbana"
4999,2110,"COLEGIO MAYOR DE ANTIOQUIA",2025,2,"Transferencia externa",106771,"PROFESIONAL EN GASTRONOMÍA Y CULINARIA","Masculino",5001,"Putumayo","Valle del Guamuez","Colombia","Urbana"
5000,2110,"COLEGIO MAYOR DE ANTIOQUIA",2025,2,"Antiguo",106771,"PROFESIONAL EN GASTRONOMÍA Y CULINARIA","Femenino",5001,"Antioquia","Medellín","Colombia","Urbana"
5001,2110,"COLEGIO MAYOR DE ANTIOQUIA",2025,2,"Antiguo",106771,"PROFESIONAL EN GASTRONOMÍA Y CULINARIA","Femenino",5001,"Antioquia","Medellín","Colombia","Urbana"
5002,2110,"COLEGIO MAYOR DE ANTIOQUIA",2025,2,"Antiguo",106771,"PROFESIONAL EN GASTRONOMÍA Y CULINARIA","Masculino",5001,"Córdoba","Montelíbano","Colombia","Urbana"
5003,2110,"COLEGIO MAYOR DE ANTIOQUIA",2025,2,"Antiguo",106771,"PROFESIONAL EN GASTRONOMÍA Y CULINARIA","Masculino",5001,"Antioquia","Medellín","Colombia","Urbana"
5004,2110,"COLEGIO MAYOR DE ANTIOQUIA",2025,2,"Antiguo",106771,"PROFESIONAL EN GASTRONOMÍA Y CULINARIA","Femenino",5001,"Antioquia","Medellín","Colombia","Urbana"
5005,2110,"COLEGIO MAYOR DE ANTIOQUIA",2025,2,"Antiguo",106771,"PROFESIONAL EN GASTRONOMÍA Y CULINARIA","Femenino",5001,"Antioquia","Medellín","Colombia","Urbana"
5006,2110,"COLEGIO MAYOR DE ANTIOQUIA",2025,2,"Antiguo",106771,"PROFESIONAL EN GASTRONOMÍA Y CULINARIA","Femenino",5001,"Antioquia","Medellín","Colombia","Urbana"
5007,2110,"COLEGIO MAYOR DE ANTIOQUIA",2025,2,"Antiguo",106771,"PROFESIONAL EN GASTRONOMÍA Y CULINARIA","Femenino",5001,"Antioquia","Medellín","Colombia","Urbana"
5008,2110,"COLEGIO MAYOR DE ANTIOQUIA",2025,2,"Antiguo",106771,"PROFESIONAL EN GASTRONOMÍA Y CULINARIA","Femenino",5001,"Antioquia","Medellín","Colombia","Urbana"
5009,2110,"COLEGIO MAYOR DE ANTIOQUIA",2025,2,"Antiguo",106771,"PROFESIONAL EN GASTRONOMÍA Y CULINARIA","Masculino",5001,"Antioquia","Medellín","Colombia","Urbana"
5010,2110,"COLEGIO MAYOR DE ANTIOQUIA",2025,2,"Antiguo",106771,"PROFESIONAL EN GASTRONOMÍA Y CULINARIA","Masculino",5001,"Antioquia","Medellín","Colombia","Urbana"
5011,2110,"COLEGIO MAYOR DE ANTIOQUIA",2025,2,"Antiguo",106771,"PROFESIONAL EN GASTRONOMÍA Y CULINARIA","Masculino",5001,"Antioquia","La Estrella","Colombia","Urbana"
5012,2110,"COLEGIO MAYOR DE ANTIOQUIA",2025,2,"Antiguo",106771,"PROFESIONAL EN GASTRONOMÍA Y CULINARIA","Femenino",5001,"Antioquia","Medellín","Colombia","Urbana"
5013,2110,"COLEGIO MAYOR DE ANTIOQUIA",2025,2,"Antiguo",106771,"PROFESIONAL EN GASTRONOMÍA Y CULINARIA","Femenino",5001,"Antioquia","Medellín","Colombia","Urbana"
5014,2110,"COLEGIO MAYOR DE ANTIOQUIA",2025,2,"Antiguo",106771,"PROFESIONAL EN GASTRONOMÍA Y CULINARIA","Masculino",5001,"Antioquia","Itagüí","Colombia","Urbana"
5015,2110,"COLEGIO MAYOR DE ANTIOQUIA",2025,2,"Antiguo",106771,"PROFESIONAL EN GASTRONOMÍA Y CULINARIA","Femenino",5001,"Antioquia","Envigado","Colombia","Urbana"
5016,2110,"COLEGIO MAYOR DE ANTIOQUIA",2025,2,"Antiguo",106771,"PROFESIONAL EN GASTRONOMÍA Y CULINARIA","Masculino",5001,"Antioquia","Medellín","Colombia","Urbana"
5017,2110,"COLEGIO MAYOR DE ANTIOQUIA",2025,2,"Antiguo",106771,"PROFESIONAL EN GASTRONOMÍA Y CULINARIA","Femenino",5001,"Antioquia","Medellín","Colombia","Urbana"
5018,2110,"COLEGIO MAYOR DE ANTIOQUIA",2025,2,"Antiguo",106771,"PROFESIONAL EN GASTRONOMÍA Y CULINARIA","Masculino",5001,"Antioquia","Medellín","Colombia","Urbana"
5019,2110,"COLEGIO MAYOR DE ANTIOQUIA",2025,2,"Antiguo",106771,"PROFESIONAL EN GASTRONOMÍA Y CULINARIA","Masculino",5001,"Antioquia","Medellín","Colombia","Urbana"
5020,2110,"COLEGIO MAYOR DE ANTIOQUIA",2025,2,"Antiguo",106771,"PROFESIONAL EN GASTRONOMÍA Y CULINARIA","Femenino",5001,"Antioquia","Medellín","Colombia","Urbana"
5021,2110,"COLEGIO MAYOR DE ANTIOQUIA",2025,2,"Antiguo",106771,"PROFESIONAL EN GASTRONOMÍA Y CULINARIA","Masculino",5001,"Antioquia","Medellín","Colombia","Urbana"
5022,2110,"COLEGIO MAYOR DE ANTIOQUIA",2025,2,"Antiguo",106771,"PROFESIONAL EN GASTRONOMÍA Y CULINARIA","Femenino",5001,"Antioquia","Guarne","Colombia","Urbana"
5023,2110,"COLEGIO MAYOR DE ANTIOQUIA",2025,2,"Antiguo",106771,"PROFESIONAL EN GASTRONOMÍA Y CULINARIA","Femenino",5001,"Antioquia","Medellín","Colombia","Urbana"
5024,2110,"COLEGIO MAYOR DE ANTIOQUIA",2025,2,"Antiguo",106771,"PROFESIONAL EN GASTRONOMÍA Y CULINARIA","Masculino",5001,"Antioquia","Medellín","Colombia","Urbana"
5025,2110,"COLEGIO MAYOR DE ANTIOQUIA",2025,2,"Antiguo",106771,"PROFESIONAL EN GASTRONOMÍA Y CULINARIA","Masculino",5001,"Antioquia","Medellín","Colombia","Urbana"
5026,2110,"COLEGIO MAYOR DE ANTIOQUIA",2025,2,"Antiguo",106771,"PROFESIONAL EN GASTRONOMÍA Y CULINARIA","Masculino",5001,"Antioquia","Medellín","Colombia","Urbana"
5027,2110,"COLEGIO MAYOR DE ANTIOQUIA",2025,2,"Antiguo",106771,"PROFESIONAL EN GASTRONOMÍA Y CULINARIA","Femenino",5001,"Antioquia","Medellín","Colombia","Urbana"
5028,2110,"COLEGIO MAYOR DE ANTIOQUIA",2025,2,"Antiguo",106771,"PROFESIONAL EN GASTRONOMÍA Y CULINARIA","Femenino",5001,"Antioquia","Medellín","Colombia","Urbana"
5029,2110,"COLEGIO MAYOR DE ANTIOQUIA",2025,2,"Antiguo",106771,"PROFESIONAL EN GASTRONOMÍA Y CULINARIA","Femenino",5001,"Antioquia","Bello","Colombia","Urbana"
5030,2110,"COLEGIO MAYOR DE ANTIOQUIA",2025,2,"Antiguo",106771,"PROFESIONAL EN GASTRONOMÍA Y CULINARIA","Masculino",5001,"Antioquia","Medellín","Colombia","Urbana"
5031,2110,"COLEGIO MAYOR DE ANTIOQUIA",2025,2,"Antiguo",106771,"PROFESIONAL EN GASTRONOMÍA Y CULINARIA","Masculino",5001,"Antioquia","Medellín","Colombia","Urbana"
5032,2110,"COLEGIO MAYOR DE ANTIOQUIA",2025,2,"Antiguo",106771,"PROFESIONAL EN GASTRONOMÍA Y CULINARIA","Femenino",5001,"Antioquia","Medellín","Colombia","Urbana"
5033,2110,"COLEGIO MAYOR DE ANTIOQUIA",2025,2,"Antiguo",106771,"PROFESIONAL EN GASTRONOMÍA Y CULINARIA","Femenino",5001,"Boyacá","Sogamoso","Colombia","Urbana"
5034,2110,"COLEGIO MAYOR DE ANTIOQUIA",2025,2,"Antiguo",106771,"PROFESIONAL EN GASTRONOMÍA Y CULINARIA","Femenino",5001,"Antioquia","Medellín","Colombia","Urbana"
5035,2110,"COLEGIO MAYOR DE ANTIOQUIA",2025,2,"Antiguo",106771,"PROFESIONAL EN GASTRONOMÍA Y CULINARIA","Femenino",5001,"Antioquia","Medellín","Colombia","Urbana"
5036,2110,"COLEGIO MAYOR DE ANTIOQUIA",2025,2,"Antiguo",106771,"PROFESIONAL EN GASTRONOMÍA Y CULINARIA","Masculino",5001,"Antioquia","Bello","Colombia","Urbana"
5037,2110,"COLEGIO MAYOR DE ANTIOQUIA",2025,2,"Antiguo",106771,"PROFESIONAL EN GASTRONOMÍA Y CULINARIA","Femenino",5001,"Antioquia","Medellín","Colombia","Urbana"
5038,2110,"COLEGIO MAYOR DE ANTIOQUIA",2025,2,"Antiguo",106771,"PROFESIONAL EN GASTRONOMÍA Y CULINARIA","Masculino",5001,"Antioquia","Medellín","Colombia","Urbana"
5039,2110,"COLEGIO MAYOR DE ANTIOQUIA",2025,2,"Antiguo",106771,"PROFESIONAL EN GASTRONOMÍA Y CULINARIA","Masculino",5001,"Antioquia","Bello","Colombia","Urbana"
5040,2110,"COLEGIO MAYOR DE ANTIOQUIA",2025,2,"Antiguo",106771,"PROFESIONAL EN GASTRONOMÍA Y CULINARIA","Femenino",5001,"Nariño","Pasto","Colombia","Urbana"
5041,2110,"COLEGIO MAYOR DE ANTIOQUIA",2025,2,"Antiguo",106771,"PROFESIONAL EN GASTRONOMÍA Y CULINARIA","Femenino",5001,"Antioquia","Medellín","Colombia","Urbana"
5042,2110,"COLEGIO MAYOR DE ANTIOQUIA",2025,2,"Antiguo",106771,"PROFESIONAL EN GASTRONOMÍA Y CULINARIA","Masculino",5001,"Antioquia","Itagüí","Colombia","Urbana"
5043,2110,"COLEGIO MAYOR DE ANTIOQUIA",2025,2,"Antiguo",106771,"PROFESIONAL EN GASTRONOMÍA Y CULINARIA","Femenino",5001,"Antioquia","Medellín","Colombia","Urbana"
5044,2110,"COLEGIO MAYOR DE ANTIOQUIA",2025,2,"Antiguo",106771,"PROFESIONAL EN GASTRONOMÍA Y CULINARIA","Femenino",5001,"Antioquia","Medellín","Colombia","Urbana"
5045,2110,"COLEGIO MAYOR DE ANTIOQUIA",2025,2,"Antiguo",106771,"PROFESIONAL EN GASTRONOMÍA Y CULINARIA","Femenino",5001,"Nariño","Ipiales","Colombia","Urbana"
5046,2110,"COLEGIO MAYOR DE ANTIOQUIA",2025,2,"Antiguo",106771,"PROFESIONAL EN GASTRONOMÍA Y CULINARIA","Masculino",5001,"Antioquia","Medellín","Colombia","Urbana"
5047,2110,"COLEGIO MAYOR DE ANTIOQUIA",2025,2,"Antiguo",106771,"PROFESIONAL EN GASTRONOMÍA Y CULINARIA","Femenino",5001,"Antioquia","Medellín","Colombia","Urbana"
5048,2110,"COLEGIO MAYOR DE ANTIOQUIA",2025,2,"Antiguo",106771,"PROFESIONAL EN GASTRONOMÍA Y CULINARIA","Femenino",5001,"Antioquia","Medellín","Colombia","Urbana"
5049,2110,"COLEGIO MAYOR DE ANTIOQUIA",2025,2,"Antiguo",106771,"PROFESIONAL EN GASTRONOMÍA Y CULINARIA","Masculino",5001,"Antioquia","Medellín","Colombia","Urbana"
5050,2110,"COLEGIO MAYOR DE ANTIOQUIA",2025,2,"Antiguo",106771,"PROFESIONAL EN GASTRONOMÍA Y CULINARIA","Masculino",5001,"Antioquia","Medellín","Colombia","Urbana"
5051,2110,"COLEGIO MAYOR DE ANTIOQUIA",2025,2,"Antiguo",106771,"PROFESIONAL EN GASTRONOMÍA Y CULINARIA","Femenino",5001,"Antioquia","Medellín","Colombia","Urbana"
5052,2110,"COLEGIO MAYOR DE ANTIOQUIA",2025,2,"Antiguo",106771,"PROFESIONAL EN GASTRONOMÍA Y CULINARIA","Masculino",5001,"Antioquia","Medellín","Colombia","Urbana"
5053,2110,"COLEGIO MAYOR DE ANTIOQUIA",2025,2,"Antiguo",106771,"PROFESIONAL EN GASTRONOMÍA Y CULINARIA","Femenino",5001,"Antioquia","Bello","Colombia","Urbana"
5054,2110,"COLEGIO MAYOR DE ANTIOQUIA",2025,2,"Antiguo",106771,"PROFESIONAL EN GASTRONOMÍA Y CULINARIA","Femenino",5001,"Antioquia","Medellín","Colombia","Urbana"
5055,2110,"COLEGIO MAYOR DE ANTIOQUIA",2025,2,"Antiguo",106771,"PROFESIONAL EN GASTRONOMÍA Y CULINARIA","Femenino",5001,"Antioquia","Girardota","Colombia","Urbana"
5056,2110,"COLEGIO MAYOR DE ANTIOQUIA",2025,2,"Antiguo",106771,"PROFESIONAL EN GASTRONOMÍA Y CULINARIA","Masculino",5001,"Antioquia","Medellín","Colombia","Urbana"
5057,2110,"COLEGIO MAYOR DE ANTIOQUIA",2025,2,"Antiguo",106771,"PROFESIONAL EN GASTRONOMÍA Y CULINARIA","Masculino",5001,"Antioquia","Medellín","Colombia","Urbana"
5058,2110,"COLEGIO MAYOR DE ANTIOQUIA",2025,2,"Antiguo",106771,"PROFESIONAL EN GASTRONOMÍA Y CULINARIA","Masculino",5001,"Antioquia","Medellín","Colombia","Urbana"
5059,2110,"COLEGIO MAYOR DE ANTIOQUIA",2025,2,"Antiguo",106771,"PROFESIONAL EN GASTRONOMÍA Y CULINARIA","Masculino",5001,"Antioquia","Medellín","Colombia","Urbana"
5060,2110,"COLEGIO MAYOR DE ANTIOQUIA",2025,2,"Antiguo",106771,"PROFESIONAL EN GASTRONOMÍA Y CULINARIA","Femenino",5001,"Antioquia","Medellín","Colombia","Urbana"
5061,2110,"COLEGIO MAYOR DE ANTIOQUIA",2025,2,"Antiguo",106771,"PROFESIONAL EN GASTRONOMÍA Y CULINARIA","Femenino",5001,"Antioquia","Medellín","Colombia","Urbana"
5062,2110,"COLEGIO MAYOR DE ANTIOQUIA",2025,2,"Antiguo",106771,"PROFESIONAL EN GASTRONOMÍA Y CULINARIA","Femenino",5001,"Antioquia","Medellín","Colombia","Urbana"
5063,2110,"COLEGIO MAYOR DE ANTIOQUIA",2025,2,"Antiguo",106771,"PROFESIONAL EN GASTRONOMÍA Y CULINARIA","Femenino",5001,"Antioquia","Medellín","Colombia","Urbana"
5064,2110,"COLEGIO MAYOR DE ANTIOQUIA",2025,2,"Antiguo",106771,"PROFESIONAL EN GASTRONOMÍA Y CULINARIA","Femenino",5001,"Antioquia","Medellín","Colombia","Urbana"
5065,2110,"COLEGIO MAYOR DE ANTIOQUIA",2025,2,"Antiguo",106771,"PROFESIONAL EN GASTRONOMÍA Y CULINARIA","Masculino",5001,"Antioquia","Medellín","Colombia","Urbana"
5066,2110,"COLEGIO MAYOR DE ANTIOQUIA",2025,2,"Antiguo",106771,"PROFESIONAL EN GASTRONOMÍA Y CULINARIA","Femenino",5001,"Antioquia","Medellín","Colombia","Urbana"
5067,2110,"COLEGIO MAYOR DE ANTIOQUIA",2025,2,"Antiguo",106771,"PROFESIONAL EN GASTRONOMÍA Y CULINARIA","Masculino",5001,"Antioquia","Medellín","Colombia","Urbana"
5068,2110,"COLEGIO MAYOR DE ANTIOQUIA",2025,2,"Antiguo",106771,"PROFESIONAL EN GASTRONOMÍA Y CULINARIA","Femenino",5001,"Antioquia","Medellín","Colombia","Urbana"
5069,2110,"COLEGIO MAYOR DE ANTIOQUIA",2025,2,"Antiguo",106771,"PROFESIONAL EN GASTRONOMÍA Y CULINARIA","Femenino",5001,"Antioquia","Copacabana","Colombia","Urbana"
5070,2110,"COLEGIO MAYOR DE ANTIOQUIA",2025,2,"Antiguo",106771,"PROFESIONAL EN GASTRONOMÍA Y CULINARIA","Masculino",5001,"Antioquia","Medellín","Colombia","Urbana"
5071,2110,"COLEGIO MAYOR DE ANTIOQUIA",2025,2,"Antiguo",106771,"PROFESIONAL EN GASTRONOMÍA Y CULINARIA","Femenino",5001,"Antioquia","Medellín","Colombia","Urbana"
5072,2110,"COLEGIO MAYOR DE ANTIOQUIA",2025,2,"Antiguo",106771,"PROFESIONAL EN GASTRONOMÍA Y CULINARIA","Femenino",5001,"Antioquia","Medellín","Colombia","Urbana"
5073,2110,"COLEGIO MAYOR DE ANTIOQUIA",2025,2,"Antiguo",106771,"PROFESIONAL EN GASTRONOMÍA Y CULINARIA","Femenino",5001,"Antioquia","Medellín","Colombia","Urbana"
5074,2110,"COLEGIO MAYOR DE ANTIOQUIA",2025,2,"Antiguo",106771,"PROFESIONAL EN GASTRONOMÍA Y CULINARIA","Masculino",5001,"Antioquia","Medellín","Colombia","Urbana"
5075,2110,"COLEGIO MAYOR DE ANTIOQUIA",2025,2,"Antiguo",106771,"PROFESIONAL EN GASTRONOMÍA Y CULINARIA","Femenino",5001,"Antioquia","Medellín","Colombia","Urbana"
5076,2110,"COLEGIO MAYOR DE ANTIOQUIA",2025,2,"Antiguo",106771,"PROFESIONAL EN GASTRONOMÍA Y CULINARIA","Masculino",5001,"Antioquia","Medellín","Colombia","Urbana"
5077,2110,"COLEGIO MAYOR DE ANTIOQUIA",2025,2,"Antiguo",106771,"PROFESIONAL EN GASTRONOMÍA Y CULINARIA","Femenino",5001,"Antioquia","Medellín","Colombia","Urbana"
5078,2110,"COLEGIO MAYOR DE ANTIOQUIA",2025,2,"Antiguo",106771,"PROFESIONAL EN GASTRONOMÍA Y CULINARIA","Masculino",5001,"Antioquia","Medellín","Colombia","Urbana"
5079,2110,"COLEGIO MAYOR DE ANTIOQUIA",2025,2,"Antiguo",106771,"PROFESIONAL EN GASTRONOMÍA Y CULINARIA","Masculino",5001,"Antioquia","Caucasia","Colombia","Urbana"
5080,2110,"COLEGIO MAYOR DE ANTIOQUIA",2025,2,"Antiguo",106771,"PROFESIONAL EN GASTRONOMÍA Y CULINARIA","Masculino",5001,"Antioquia","Copacabana","Colombia","Urbana"
5081,2110,"COLEGIO MAYOR DE ANTIOQUIA",2025,2,"Antiguo",106771,"PROFESIONAL EN GASTRONOMÍA Y CULINARIA","Masculino",5001,"Antioquia","Medellín","Colombia","Urbana"
5082,2110,"COLEGIO MAYOR DE ANTIOQUIA",2025,2,"Antiguo",106771,"PROFESIONAL EN GASTRONOMÍA Y CULINARIA","Femenino",5001,"Antioquia","Itagüí","Colombia","Urbana"
5083,2110,"COLEGIO MAYOR DE ANTIOQUIA",2025,2,"Antiguo",106771,"PROFESIONAL EN GASTRONOMÍA Y CULINARIA","Masculino",5001,"Antioquia","Marinilla","Colombia","Urbana"
5084,2110,"COLEGIO MAYOR DE ANTIOQUIA",2025,2,"Antiguo",106771,"PROFESIONAL EN GASTRONOMÍA Y CULINARIA","Masculino",5001,"Antioquia","Medellín","Colombia","Urbana"
5085,2110,"COLEGIO MAYOR DE ANTIOQUIA",2025,2,"Antiguo",106771,"PROFESIONAL EN GASTRONOMÍA Y CULINARIA","Masculino",5001,"Antioquia","Medellín","Colombia","Urbana"
5086,2110,"COLEGIO MAYOR DE ANTIOQUIA",2025,2,"Antiguo",106771,"PROFESIONAL EN GASTRONOMÍA Y CULINARIA","Masculino",5001,"Antioquia","Medellín","Colombia","Urbana"
5087,2110,"COLEGIO MAYOR DE ANTIOQUIA",2025,2,"Antiguo",106771,"PROFESIONAL EN GASTRONOMÍA Y CULINARIA","Femenino",5001,"Antioquia","Medellín","Colombia","Urbana"
5088,2110,"COLEGIO MAYOR DE ANTIOQUIA",2025,2,"Antiguo",106771,"PROFESIONAL EN GASTRONOMÍA Y CULINARIA","Femenino",5001,"Antioquia","Medellín","Colombia","Urbana"
5089,2110,"COLEGIO MAYOR DE ANTIOQUIA",2025,2,"Antiguo",106771,"PROFESIONAL EN GASTRONOMÍA Y CULINARIA","Femenino",5001,"Antioquia","Medellín","Colombia","Urbana"
5090,2110,"COLEGIO MAYOR DE ANTIOQUIA",2025,2,"Antiguo",106771,"PROFESIONAL EN GASTRONOMÍA Y CULINARIA","Masculino",5001,"Antioquia","Bello","Colombia","Urbana"
5091,2110,"COLEGIO MAYOR DE ANTIOQUIA",2025,2,"Antiguo",106771,"PROFESIONAL EN GASTRONOMÍA Y CULINARIA","Masculino",5001,"Antioquia","Medellín","Colombia","Urbana"
5092,2110,"COLEGIO MAYOR DE ANTIOQUIA",2025,2,"Antiguo",106771,"PROFESIONAL EN GASTRONOMÍA Y CULINARIA","Masculino",5001,"Nariño","Sandoná","Colombia","Urbana"
5093,2110,"COLEGIO MAYOR DE ANTIOQUIA",2025,2,"Antiguo",106771,"PROFESIONAL EN GASTRONOMÍA Y CULINARIA","Femenino",5001,"Antioquia","Medellín","Colombia","Urbana"
5094,2110,"COLEGIO MAYOR DE ANTIOQUIA",2025,2,"Antiguo",106771,"PROFESIONAL EN GASTRONOMÍA Y CULINARIA","Femenino",5001,"Antioquia","Tarazá","Colombia","Urbana"
5095,2110,"COLEGIO MAYOR DE ANTIOQUIA",2025,2,"Antiguo",106771,"PROFESIONAL EN GASTRONOMÍA Y CULINARIA","Masculino",5001,"Antioquia","Copacabana","Colombia","Urbana"
5096,2110,"COLEGIO MAYOR DE ANTIOQUIA",2025,2,"Antiguo",106771,"PROFESIONAL EN GASTRONOMÍA Y CULINARIA","Femenino",5001,"Antioquia","Medellín","Colombia","Urbana"
5097,2110,"COLEGIO MAYOR DE ANTIOQUIA",2025,2,"Antiguo",106771,"PROFESIONAL EN GASTRONOMÍA Y CULINARIA","Femenino",5001,"Antioquia","Medellín","Colombia","Urbana"
5098,2110,"COLEGIO MAYOR DE ANTIOQUIA",2025,2,"Antiguo",106771,"PROFESIONAL EN GASTRONOMÍA Y CULINARIA","Masculino",5001,"Antioquia","Medellín","Colombia","Urbana"
5099,2110,"COLEGIO MAYOR DE ANTIOQUIA",2025,2,"Antiguo",106771,"PROFESIONAL EN GASTRONOMÍA Y CULINARIA","Masculino",5001,"Antioquia","Medellín","Colombia","Urbana"
5100,2110,"COLEGIO MAYOR DE ANTIOQUIA",2025,2,"Antiguo",106771,"PROFESIONAL EN GASTRONOMÍA Y CULINARIA","Femenino",5001,"Antioquia","Medellín","Colombia","Urbana"
5101,2110,"COLEGIO MAYOR DE ANTIOQUIA",2025,2,"Antiguo",106771,"PROFESIONAL EN GASTRONOMÍA Y CULINARIA","Masculino",5001,"Antioquia","Bello","Colombia","Urbana"
5102,2110,"COLEGIO MAYOR DE ANTIOQUIA",2025,2,"Antiguo",106771,"PROFESIONAL EN GASTRONOMÍA Y CULINARIA","Masculino",5001,"Antioquia","Medellín","Colombia","Urbana"
5103,2110,"COLEGIO MAYOR DE ANTIOQUIA",2025,2,"Antiguo",106771,"PROFESIONAL EN GASTRONOMÍA Y CULINARIA","Femenino",5001,"Antioquia","Medellín","Colombia","Urbana"
5104,2110,"COLEGIO MAYOR DE ANTIOQUIA",2025,2,"Antiguo",106771,"PROFESIONAL EN GASTRONOMÍA Y CULINARIA","Masculino",5001,"Antioquia","Medellín","Colombia","Urbana"
5105,2110,"COLEGIO MAYOR DE ANTIOQUIA",2025,2,"Antiguo",106771,"PROFESIONAL EN GASTRONOMÍA Y CULINARIA","Masculino",5001,"Antioquia","Itagüí","Colombia","Urbana"
5106,2110,"COLEGIO MAYOR DE ANTIOQUIA",2025,2,"Antiguo",106771,"PROFESIONAL EN GASTRONOMÍA Y CULINARIA","Masculino",5001,"Antioquia","Medellín","Colombia","Urbana"
5107,2110,"COLEGIO MAYOR DE ANTIOQUIA",2025,2,"Antiguo",106771,"PROFESIONAL EN GASTRONOMÍA Y CULINARIA","Masculino",5001,"Antioquia","Medellín","Colombia","Urbana"
5108,2110,"COLEGIO MAYOR DE ANTIOQUIA",2025,2,"Antiguo",106771,"PROFESIONAL EN GASTRONOMÍA Y CULINARIA","Masculino",5001,"Antioquia","Girardota","Colombia","Urbana"
5109,2110,"COLEGIO MAYOR DE ANTIOQUIA",2025,2,"Antiguo",106771,"PROFESIONAL EN GASTRONOMÍA Y CULINARIA","Masculino",5001,"Antioquia","Medellín","Colombia","Urbana"
5110,2110,"COLEGIO MAYOR DE ANTIOQUIA",2025,2,"Antiguo",106771,"PROFESIONAL EN GASTRONOMÍA Y CULINARIA","Masculino",5001,"Antioquia","Medellín","Colombia","Urbana"
5111,2110,"COLEGIO MAYOR DE ANTIOQUIA",2025,2,"Antiguo",106771,"PROFESIONAL EN GASTRONOMÍA Y CULINARIA","Femenino",5001,"Antioquia","Medellín","Colombia","Urbana"
5112,2110,"COLEGIO MAYOR DE ANTIOQUIA",2025,2,"Antiguo",106771,"PROFESIONAL EN GASTRONOMÍA Y CULINARIA","Masculino",5001,"Antioquia","Medellín","Colombia","Urbana"
5113,2110,"COLEGIO MAYOR DE ANTIOQUIA",2025,2,"Antiguo",106771,"PROFESIONAL EN GASTRONOMÍA Y CULINARIA","Masculino",5001,"Antioquia","Medellín","Colombia","Urbana"
5114,2110,"COLEGIO MAYOR DE ANTIOQUIA",2025,2,"Antiguo",106771,"PROFESIONAL EN GASTRONOMÍA Y CULINARIA","Femenino",5001,"Antioquia","Medellín","Colombia","Urbana"
5115,2110,"COLEGIO MAYOR DE ANTIOQUIA",2025,2,"Antiguo",106771,"PROFESIONAL EN GASTRONOMÍA Y CULINARIA","Femenino",5001,"Antioquia","Medellín","Colombia","Urbana"
5116,2110,"COLEGIO MAYOR DE ANTIOQUIA",2025,2,"Antiguo",106771,"PROFESIONAL EN GASTRONOMÍA Y CULINARIA","Masculino",5001,"Antioquia","Medellín","Colombia","Urbana"
5117,2110,"COLEGIO MAYOR DE ANTIOQUIA",2025,2,"Antiguo",106771,"PROFESIONAL EN GASTRONOMÍA Y CULINARIA","Masculino",5001,"Antioquia","Medellín","Colombia","Urbana"
5118,2110,"COLEGIO MAYOR DE ANTIOQUIA",2025,2,"Antiguo",106771,"PROFESIONAL EN GASTRONOMÍA Y CULINARIA","Femenino",5001,"Antioquia","Medellín","Colombia","Urbana"
5119,2110,"COLEGIO MAYOR DE ANTIOQUIA",2025,2,"Antiguo",106771,"PROFESIONAL EN GASTRONOMÍA Y CULINARIA","Masculino",5001,"Antioquia","Medellín","Colombia","Urbana"
5120,2110,"COLEGIO MAYOR DE ANTIOQUIA",2025,2,"Antiguo",106771,"PROFESIONAL EN GASTRONOMÍA Y CULINARIA","Masculino",5001,"Antioquia","Medellín","Colombia","Urbana"
5121,2110,"COLEGIO MAYOR DE ANTIOQUIA",2025,2,"Antiguo",106771,"PROFESIONAL EN GASTRONOMÍA Y CULINARIA","Femenino",5001,"Antioquia","Medellín","Colombia","Urbana"
5122,2110,"COLEGIO MAYOR DE ANTIOQUIA",2025,2,"Antiguo",106771,"PROFESIONAL EN GASTRONOMÍA Y CULINARIA","Masculino",5001,"Antioquia","San Vicente Ferrer","Colombia","Urbana"
5123,2110,"COLEGIO MAYOR DE ANTIOQUIA",2025,2,"Antiguo",106771,"PROFESIONAL EN GASTRONOMÍA Y CULINARIA","Femenino",5001,"Antioquia","Medellín","Colombia","Urbana"
5124,2110,"COLEGIO MAYOR DE ANTIOQUIA",2025,2,"Antiguo",106771,"PROFESIONAL EN GASTRONOMÍA Y CULINARIA","Masculino",5001,"Antioquia","Medellín","Colombia","Urbana"
5125,2110,"COLEGIO MAYOR DE ANTIOQUIA",2025,2,"Antiguo",106771,"PROFESIONAL EN GASTRONOMÍA Y CULINARIA","Femenino",5001,"Antioquia","Medellín","Colombia","Urbana"
5126,2110,"COLEGIO MAYOR DE ANTIOQUIA",2025,2,"Antiguo",106771,"PROFESIONAL EN GASTRONOMÍA Y CULINARIA","Femenino",5001,"Antioquia","Medellín","Colombia","Urbana"
5127,2110,"COLEGIO MAYOR DE ANTIOQUIA",2025,2,"Antiguo",106771,"PROFESIONAL EN GASTRONOMÍA Y CULINARIA","Femenino",5001,"Antioquia","Medellín","Colombia","Urbana"
5128,2110,"COLEGIO MAYOR DE ANTIOQUIA",2025,2,"Antiguo",106771,"PROFESIONAL EN GASTRONOMÍA Y CULINARIA","Femenino",5001,"Antioquia","Sabaneta","Colombia","Urbana"
5129,2110,"COLEGIO MAYOR DE ANTIOQUIA",2025,2,"Antiguo",106771,"PROFESIONAL EN GASTRONOMÍA Y CULINARIA","Femenino",5001,"Antioquia","Medellín","Colombia","Urbana"
5130,2110,"COLEGIO MAYOR DE ANTIOQUIA",2025,2,"Antiguo",106771,"PROFESIONAL EN GASTRONOMÍA Y CULINARIA","Masculino",5001,"Antioquia","Medellín","Colombia","Urbana"
5131,2110,"COLEGIO MAYOR DE ANTIOQUIA",2025,2,"Antiguo",106771,"PROFESIONAL EN GASTRONOMÍA Y CULINARIA","Masculino",5001,"Antioquia","Medellín","Colombia","Urbana"
5132,2110,"COLEGIO MAYOR DE ANTIOQUIA",2025,2,"Antiguo",106771,"PROFESIONAL EN GASTRONOMÍA Y CULINARIA","Femenino",5001,"Antioquia","Medellín","Colombia","Urbana"
5133,2110,"COLEGIO MAYOR DE ANTIOQUIA",2025,2,"Antiguo",106771,"PROFESIONAL EN GASTRONOMÍA Y CULINARIA","Masculino",5001,"Antioquia","Medellín","Colombia","Urbana"
5134,2110,"COLEGIO MAYOR DE ANTIOQUIA",2025,2,"Antiguo",106771,"PROFESIONAL EN GASTRONOMÍA Y CULINARIA","Femenino",5001,"Antioquia","Medellín","Colombia","Urbana"
5135,2110,"COLEGIO MAYOR DE ANTIOQUIA",2025,2,"Antiguo",106771,"PROFESIONAL EN GASTRONOMÍA Y CULINARIA","Femenino",5001,"Antioquia","Medellín","Colombia","Urbana"
5136,2110,"COLEGIO MAYOR DE ANTIOQUIA",2025,2,"Antiguo",106771,"PROFESIONAL EN GASTRONOMÍA Y CULINARIA","Masculino",5001,"Antioquia","Medellín","Colombia","Urbana"
5137,2110,"COLEGIO MAYOR DE ANTIOQUIA",2025,2,"Antiguo",106771,"PROFESIONAL EN GASTRONOMÍA Y CULINARIA","Femenino",5001,"Antioquia","Medellín","Colombia","Urbana"
5138,2110,"COLEGIO MAYOR DE ANTIOQUIA",2025,2,"Antiguo",106771,"PROFESIONAL EN GASTRONOMÍA Y CULINARIA","Femenino",5001,"Antioquia","Medellín","Colombia","Urbana"
5139,2110,"COLEGIO MAYOR DE ANTIOQUIA",2025,2,"Antiguo",106771,"PROFESIONAL EN GASTRONOMÍA Y CULINARIA","Masculino",5001,"Antioquia","Medellín","Colombia","Urbana"
5140,2110,"COLEGIO MAYOR DE ANTIOQUIA",2025,2,"Antiguo",106771,"PROFESIONAL EN GASTRONOMÍA Y CULINARIA","Femenino",5001,"Antioquia","Medellín","Colombia","Urbana"
5141,2110,"COLEGIO MAYOR DE ANTIOQUIA",2025,2,"Antiguo",106771,"PROFESIONAL EN GASTRONOMÍA Y CULINARIA","Masculino",5001,"Antioquia","Medellín","Colombia","Urbana"
5142,2110,"COLEGIO MAYOR DE ANTIOQUIA",2025,2,"Antiguo",106771,"PROFESIONAL EN GASTRONOMÍA Y CULINARIA","Femenino",5001,"Norte de Santander","San Jose de Cucuta","Colombia","Urbana"
5143,2110,"COLEGIO MAYOR DE ANTIOQUIA",2025,2,"Antiguo",106771,"PROFESIONAL EN GASTRONOMÍA Y CULINARIA","Masculino",5001,"Nariño","Ipiales","Colombia","Urbana"
5144,2110,"COLEGIO MAYOR DE ANTIOQUIA",2025,2,"Antiguo",106771,"PROFESIONAL EN GASTRONOMÍA Y CULINARIA","Femenino",5001,"Antioquia","Medellín","Colombia","Urbana"
5145,2110,"COLEGIO MAYOR DE ANTIOQUIA",2025,2,"Antiguo",106771,"PROFESIONAL EN GASTRONOMÍA Y CULINARIA","Masculino",5001,"Antioquia","Medellín","Colombia","Urbana"
5146,2110,"COLEGIO MAYOR DE ANTIOQUIA",2025,2,"Antiguo",106771,"PROFESIONAL EN GASTRONOMÍA Y CULINARIA","Femenino",5001,"Antioquia","Medellín","Colombia","Urbana"
5147,2110,"COLEGIO MAYOR DE ANTIOQUIA",2025,2,"Antiguo",106771,"PROFESIONAL EN GASTRONOMÍA Y CULINARIA","Femenino",5001,"Antioquia","Santa Rosa de Osos","Colombia","Urbana"
5148,2110,"COLEGIO MAYOR DE ANTIOQUIA",2025,2,"Antiguo",106771,"PROFESIONAL EN GASTRONOMÍA Y CULINARIA","Femenino",5001,"Antioquia","Medellín","Colombia","Urbana"
5149,2110,"COLEGIO MAYOR DE ANTIOQUIA",2025,2,"Antiguo",106771,"PROFESIONAL EN GASTRONOMÍA Y CULINARIA","Femenino",5001,"Antioquia","Medellín","Colombia","Urbana"
5150,2110,"COLEGIO MAYOR DE ANTIOQUIA",2025,2,"Antiguo",106771,"PROFESIONAL EN GASTRONOMÍA Y CULINARIA","Masculino",5001,"Antioquia","Medellín","Colombia","Urbana"
5151,2110,"COLEGIO MAYOR DE ANTIOQUIA",2025,2,"Antiguo",106771,"PROFESIONAL EN GASTRONOMÍA Y CULINARIA","Masculino",5001,"Antioquia","Medellín","Colombia","Urbana"
5152,2110,"COLEGIO MAYOR DE ANTIOQUIA",2025,2,"Antiguo",106771,"PROFESIONAL EN GASTRONOMÍA Y CULINARIA","Masculino",5001,"Antioquia","Medellín","Colombia","Urbana"
5153,2110,"COLEGIO MAYOR DE ANTIOQUIA",2025,2,"Antiguo",106771,"PROFESIONAL EN GASTRONOMÍA Y CULINARIA","Masculino",5001,"Amazonas","Leticia","Colombia","Urbana"
5154,2110,"COLEGIO MAYOR DE ANTIOQUIA",2025,2,"Antiguo",106771,"PROFESIONAL EN GASTRONOMÍA Y CULINARIA","Femenino",5001,"Antioquia","Medellín","Colombia","Urbana"
5155,2110,"COLEGIO MAYOR DE ANTIOQUIA",2025,2,"Antiguo",106771,"PROFESIONAL EN GASTRONOMÍA Y CULINARIA","Masculino",5001,"Antioquia","Medellín","Colombia","Urbana"
5156,2110,"COLEGIO MAYOR DE ANTIOQUIA",2025,2,"Antiguo",106771,"PROFESIONAL EN GASTRONOMÍA Y CULINARIA","Femenino",5001,"Antioquia","Medellín","Colombia","Urbana"
5157,2110,"COLEGIO MAYOR DE ANTIOQUIA",2025,2,"Antiguo",106771,"PROFESIONAL EN GASTRONOMÍA Y CULINARIA","Femenino",5001,"Antioquia","Medellín","Colombia","Urbana"
5158,2110,"COLEGIO MAYOR DE ANTIOQUIA",2025,2,"Antiguo",106771,"PROFESIONAL EN GASTRONOMÍA Y CULINARIA","Masculino",5001,"Antioquia","Medellín","Colombia","Urbana"
5159,2110,"COLEGIO MAYOR DE ANTIOQUIA",2025,2,"Antiguo",106771,"PROFESIONAL EN GASTRONOMÍA Y CULINARIA","Femenino",5001,"Antioquia","Caucasia","Colombia","Urbana"
5160,2110,"COLEGIO MAYOR DE ANTIOQUIA",2025,2,"Antiguo",106771,"PROFESIONAL EN GASTRONOMÍA Y CULINARIA","Masculino",5001,"Antioquia","San Pedro","Colombia","Urbana"
5161,2110,"COLEGIO MAYOR DE ANTIOQUIA",2025,2,"Antiguo",106771,"PROFESIONAL EN GASTRONOMÍA Y CULINARIA","Masculino",5001,"Antioquia","Medellín","Colombia","Urbana"
5162,2110,"COLEGIO MAYOR DE ANTIOQUIA",2025,2,"Antiguo",106771,"PROFESIONAL EN GASTRONOMÍA Y CULINARIA","Masculino",5001,"Antioquia","Vegachí","Colombia","Urbana"
5163,2110,"COLEGIO MAYOR DE ANTIOQUIA",2025,2,"Antiguo",106771,"PROFESIONAL EN GASTRONOMÍA Y CULINARIA","Femenino",5001,"Antioquia","San Pedro","Colombia","Urbana"
5164,2110,"COLEGIO MAYOR DE ANTIOQUIA",2025,2,"Antiguo",106771,"PROFESIONAL EN GASTRONOMÍA Y CULINARIA","Masculino",5001,"Antioquia","Medellín","Colombia","Urbana"
5165,2110,"COLEGIO MAYOR DE ANTIOQUIA",2025,2,"Antiguo",106771,"PROFESIONAL EN GASTRONOMÍA Y CULINARIA","Masculino",5001,"Antioquia","Medellín","Colombia","Urbana"
5166,2110,"COLEGIO MAYOR DE ANTIOQUIA",2025,2,"Antiguo",106771,"PROFESIONAL EN GASTRONOMÍA Y CULINARIA","Femenino",5001,"Antioquia","Medellín","Colombia","Urbana"
5167,2110,"COLEGIO MAYOR DE ANTIOQUIA",2025,2,"Antiguo",106771,"PROFESIONAL EN GASTRONOMÍA Y CULINARIA","Masculino",5001,"Antioquia","Girardota","Colombia","Urbana"
5168,2110,"COLEGIO MAYOR DE ANTIOQUIA",2025,2,"Antiguo",106771,"PROFESIONAL EN GASTRONOMÍA Y CULINARIA","Masculino",5001,"Antioquia","Medellín","Colombia","Urbana"
5169,2110,"COLEGIO MAYOR DE ANTIOQUIA",2025,2,"Antiguo",106771,"PROFESIONAL EN GASTRONOMÍA Y CULINARIA","Femenino",5001,"Antioquia","Medellín","Colombia","Urbana"
5170,2110,"COLEGIO MAYOR DE ANTIOQUIA",2025,2,"Antiguo",106771,"PROFESIONAL EN GASTRONOMÍA Y CULINARIA","Femenino",5001,"Antioquia","Medellín","Colombia","Urbana"
5171,2110,"COLEGIO MAYOR DE ANTIOQUIA",2025,2,"Antiguo",106771,"PROFESIONAL EN GASTRONOMÍA Y CULINARIA","Masculino",5001,"Antioquia","Sabaneta","Colombia","Urbana"
5172,2110,"COLEGIO MAYOR DE ANTIOQUIA",2025,2,"Antiguo",106771,"PROFESIONAL EN GASTRONOMÍA Y CULINARIA","Masculino",5001,"Antioquia","Medellín","Colombia","Urbana"
5173,2110,"COLEGIO MAYOR DE ANTIOQUIA",2025,2,"Antiguo",106771,"PROFESIONAL EN GASTRONOMÍA Y CULINARIA","Femenino",5001,"Antioquia","Medellín","Colombia","Urbana"
5174,2110,"COLEGIO MAYOR DE ANTIOQUIA",2025,2,"Antiguo",106771,"PROFESIONAL EN GASTRONOMÍA Y CULINARIA","Femenino",5001,"Antioquia","Bello","Colombia","Urbana"
5175,2110,"COLEGIO MAYOR DE ANTIOQUIA",2025,2,"Antiguo",106771,"PROFESIONAL EN GASTRONOMÍA Y CULINARIA","Masculino",5001,"Antioquia","Medellín","Colombia","Urbana"
5176,2110,"COLEGIO MAYOR DE ANTIOQUIA",2025,2,"Antiguo",106771,"PROFESIONAL EN GASTRONOMÍA Y CULINARIA","Femenino",5001,"Antioquia","Medellín","Colombia","Urbana"
5177,2110,"COLEGIO MAYOR DE ANTIOQUIA",2025,2,"Antiguo",106771,"PROFESIONAL EN GASTRONOMÍA Y CULINARIA","Femenino",5001,"Antioquia","Sabaneta","Colombia","Urbana"
5178,2110,"COLEGIO MAYOR DE ANTIOQUIA",2025,2,"Antiguo",106771,"PROFESIONAL EN GASTRONOMÍA Y CULINARIA","Femenino",5001,"Antioquia","Medellín","Colombia","Urbana"
5179,2110,"COLEGIO MAYOR DE ANTIOQUIA",2025,2,"Antiguo",106771,"PROFESIONAL EN GASTRONOMÍA Y CULINARIA","Masculino",5001,"Antioquia","Medellín","Colombia","Urbana"
5180,2110,"COLEGIO MAYOR DE ANTIOQUIA",2025,2,"Antiguo",106771,"PROFESIONAL EN GASTRONOMÍA Y CULINARIA","Masculino",5001,"Antioquia","Medellín","Colombia","Urbana"
5181,2110,"COLEGIO MAYOR DE ANTIOQUIA",2025,2,"Antiguo",106771,"PROFESIONAL EN GASTRONOMÍA Y CULINARIA","Femenino",5001,"Antioquia","Itagüí","Colombia","Urbana"
5182,2110,"COLEGIO MAYOR DE ANTIOQUIA",2025,2,"Antiguo",106771,"PROFESIONAL EN GASTRONOMÍA Y CULINARIA","Femenino",5001,"Antioquia","Medellín","Colombia","Urbana"
5183,2110,"COLEGIO MAYOR DE ANTIOQUIA",2025,2,"Antiguo",106771,"PROFESIONAL EN GASTRONOMÍA Y CULINARIA","Femenino",5001,"Antioquia","Medellín","Colombia","Urbana"
5184,2110,"COLEGIO MAYOR DE ANTIOQUIA",2025,2,"Antiguo",106771,"PROFESIONAL EN GASTRONOMÍA Y CULINARIA","Femenino",5001,"Antioquia","Itagüí","Colombia","Urbana"
5185,2110,"COLEGIO MAYOR DE ANTIOQUIA",2025,2,"Antiguo",106771,"PROFESIONAL EN GASTRONOMÍA Y CULINARIA","Femenino",5001,"Antioquia","Medellín","Colombia","Urbana"
5186,2110,"COLEGIO MAYOR DE ANTIOQUIA",2025,2,"Antiguo",106771,"PROFESIONAL EN GASTRONOMÍA Y CULINARIA","Femenino",5001,"Antioquia","Medellín","Colombia","Urbana"
5187,2110,"COLEGIO MAYOR DE ANTIOQUIA",2025,2,"Antiguo",106771,"PROFESIONAL EN GASTRONOMÍA Y CULINARIA","Femenino",5001,"Antioquia","Medellín","Colombia","Urbana"
5188,2110,"COLEGIO MAYOR DE ANTIOQUIA",2025,2,"Antiguo",106771,"PROFESIONAL EN GASTRONOMÍA Y CULINARIA","Femenino",5001,"Antioquia","San Pedro","Colombia","Urbana"
5189,2110,"COLEGIO MAYOR DE ANTIOQUIA",2025,2,"Antiguo",106771,"PROFESIONAL EN GASTRONOMÍA Y CULINARIA","Masculino",5001,"Córdoba","Montelíbano","Colombia","Urbana"
5190,2110,"COLEGIO MAYOR DE ANTIOQUIA",2025,2,"Antiguo",106771,"PROFESIONAL EN GASTRONOMÍA Y CULINARIA","Masculino",5001,"Antioquia","Envigado","Colombia","Urbana"
5191,2110,"COLEGIO MAYOR DE ANTIOQUIA",2025,2,"Antiguo",106771,"PROFESIONAL EN GASTRONOMÍA Y CULINARIA","Masculino",5001,"Meta","Puerto López","Colombia","Urbana"
5192,2110,"COLEGIO MAYOR DE ANTIOQUIA",2025,2,"Antiguo",106771,"PROFESIONAL EN GASTRONOMÍA Y CULINARIA","Femenino",5001,"Antioquia","Bello","Colombia","Urbana"
5193,2110,"COLEGIO MAYOR DE ANTIOQUIA",2025,2,"Antiguo",106771,"PROFESIONAL EN GASTRONOMÍA Y CULINARIA","Femenino",5001,"Antioquia","Medellín","Colombia","Urbana"
5194,2110,"COLEGIO MAYOR DE ANTIOQUIA",2025,2,"Antiguo",106771,"PROFESIONAL EN GASTRONOMÍA Y CULINARIA","Femenino",5001,"Antioquia","Itagüí","Colombia","Urbana"
5195,2110,"COLEGIO MAYOR DE ANTIOQUIA",2025,2,"Antiguo",106771,"PROFESIONAL EN GASTRONOMÍA Y CULINARIA","Femenino",5001,"Antioquia","Medellín","Colombia","Urbana"
5196,2110,"COLEGIO MAYOR DE ANTIOQUIA",2025,2,"Antiguo",106771,"PROFESIONAL EN GASTRONOMÍA Y CULINARIA","Masculino",5001,"Antioquia","Medellín","Colombia","Urbana"
5197,2110,"COLEGIO MAYOR DE ANTIOQUIA",2025,2,"Antiguo",106771,"PROFESIONAL EN GASTRONOMÍA Y CULINARIA","Femenino",5001,"Antioquia","Envigado","Colombia","Urbana"
5198,2110,"COLEGIO MAYOR DE ANTIOQUIA",2025,2,"Antiguo",106771,"PROFESIONAL EN GASTRONOMÍA Y CULINARIA","Femenino",5001,"Antioquia","Medellín","Colombia","Urbana"
5199,2110,"COLEGIO MAYOR DE ANTIOQUIA",2025,2,"Antiguo",106771,"PROFESIONAL EN GASTRONOMÍA Y CULINARIA","Masculino",5001,"Antioquia","Medellín","Colombia","Urbana"
5200,2110,"COLEGIO MAYOR DE ANTIOQUIA",2025,2,"Antiguo",106771,"PROFESIONAL EN GASTRONOMÍA Y CULINARIA","Masculino",5001,"Antioquia","Medellín","Colombia","Urbana"
5201,2110,"COLEGIO MAYOR DE ANTIOQUIA",2025,2,"Antiguo",106771,"PROFESIONAL EN GASTRONOMÍA Y CULINARIA","Masculino",5001,"Antioquia","Medellín","Colombia","Urbana"
5202,2110,"COLEGIO MAYOR DE ANTIOQUIA",2025,2,"Antiguo",106771,"PROFESIONAL EN GASTRONOMÍA Y CULINARIA","Masculino",5001,"Antioquia","Bello","Colombia","Urbana"
5203,2110,"COLEGIO MAYOR DE ANTIOQUIA",2025,2,"Antiguo",106771,"PROFESIONAL EN GASTRONOMÍA Y CULINARIA","Masculino",5001,"Antioquia","Guarne","Colombia","Urbana"
5204,2110,"COLEGIO MAYOR DE ANTIOQUIA",2025,2,"Antiguo",106771,"PROFESIONAL EN GASTRONOMÍA Y CULINARIA","Femenino",5001,"Antioquia","Medellín","Colombia","Urbana"
5205,2110,"COLEGIO MAYOR DE ANTIOQUIA",2025,2,"Antiguo",106771,"PROFESIONAL EN GASTRONOMÍA Y CULINARIA","Masculino",5001,"Antioquia","Medellín","Colombia","Urbana"
5206,2110,"COLEGIO MAYOR DE ANTIOQUIA",2025,2,"Antiguo",106771,"PROFESIONAL EN GASTRONOMÍA Y CULINARIA","Masculino",5001,"Antioquia","Girardota","Colombia","Urbana"
5207,2110,"COLEGIO MAYOR DE ANTIOQUIA",2025,2,"Antiguo",106771,"PROFESIONAL EN GASTRONOMÍA Y CULINARIA","Masculino",5001,"Antioquia","Amagá","Colombia","Urbana"
5208,2110,"COLEGIO MAYOR DE ANTIOQUIA",2025,2,"Antiguo",106771,"PROFESIONAL EN GASTRONOMÍA Y CULINARIA","Femenino",5001,"Antioquia","Medellín","Colombia","Urbana"
5209,2110,"COLEGIO MAYOR DE ANTIOQUIA",2025,2,"Antiguo",106771,"PROFESIONAL EN GASTRONOMÍA Y CULINARIA","Masculino",5001,"Antioquia","Medellín","Colombia","Urbana"
5210,2110,"COLEGIO MAYOR DE ANTIOQUIA",2025,2,"Antiguo",106771,"PROFESIONAL EN GASTRONOMÍA Y CULINARIA","Femenino",5001,"Antioquia","Medellín","Colombia","Urbana"
5211,2110,"COLEGIO MAYOR DE ANTIOQUIA",2025,2,"Antiguo",106771,"PROFESIONAL EN GASTRONOMÍA Y CULINARIA","Femenino",5001,"Antioquia","Itagüí","Colombia","Urbana"
5212,2110,"COLEGIO MAYOR DE ANTIOQUIA",2025,2,"Antiguo",106771,"PROFESIONAL EN GASTRONOMÍA Y CULINARIA","Masculino",5001,"Antioquia","Medellín","Colombia","Urbana"
5213,2110,"COLEGIO MAYOR DE ANTIOQUIA",2025,2,"Antiguo",106771,"PROFESIONAL EN GASTRONOMÍA Y CULINARIA","Femenino",5001,"Bolívar","Cartagena","Colombia","Urbana"
5214,2110,"COLEGIO MAYOR DE ANTIOQUIA",2025,2,"Antiguo",106771,"PROFESIONAL EN GASTRONOMÍA Y CULINARIA","Masculino",5001,"Antioquia","Medellín","Colombia","Urbana"
5215,2110,"COLEGIO MAYOR DE ANTIOQUIA",2025,2,"Antiguo",106771,"PROFESIONAL EN GASTRONOMÍA Y CULINARIA","Masculino",5001,"Antioquia","Medellín","Colombia","Urbana"
5216,2110,"COLEGIO MAYOR DE ANTIOQUIA",2025,2,"Antiguo",106771,"PROFESIONAL EN GASTRONOMÍA Y CULINARIA","Masculino",5001,"Antioquia","Medellín","Colombia","Urbana"
5217,2110,"COLEGIO MAYOR DE ANTIOQUIA",2025,2,"Antiguo",106771,"PROFESIONAL EN GASTRONOMÍA Y CULINARIA","Masculino",5001,"Antioquia","Itagüí","Colombia","Urbana"
5218,2110,"COLEGIO MAYOR DE ANTIOQUIA",2025,2,"Antiguo",106771,"PROFESIONAL EN GASTRONOMÍA Y CULINARIA","Masculino",5001,"Nariño","Pasto","Colombia","Urbana"
5219,2110,"COLEGIO MAYOR DE ANTIOQUIA",2025,2,"Antiguo",106771,"PROFESIONAL EN GASTRONOMÍA Y CULINARIA","Femenino",5001,"Antioquia","Medellín","Colombia","Urbana"
5220,2110,"COLEGIO MAYOR DE ANTIOQUIA",2025,2,"Antiguo",106771,"PROFESIONAL EN GASTRONOMÍA Y CULINARIA","Masculino",5001,"Antioquia","Medellín","Colombia","Urbana"
5221,2110,"COLEGIO MAYOR DE ANTIOQUIA",2025,2,"Antiguo",106771,"PROFESIONAL EN GASTRONOMÍA Y CULINARIA","Femenino",5001,"Antioquia","Medellín","Colombia","Urbana"
5222,2110,"COLEGIO MAYOR DE ANTIOQUIA",2025,2,"Antiguo",106771,"PROFESIONAL EN GASTRONOMÍA Y CULINARIA","Masculino",5001,"Antioquia","Bello","Colombia","Urbana"
5223,2110,"COLEGIO MAYOR DE ANTIOQUIA",2025,2,"Antiguo",106771,"PROFESIONAL EN GASTRONOMÍA Y CULINARIA","Masculino",5001,"Antioquia","Envigado","Colombia","Urbana"
5224,2110,"COLEGIO MAYOR DE ANTIOQUIA",2025,2,"Antiguo",106771,"PROFESIONAL EN GASTRONOMÍA Y CULINARIA","Masculino",5001,"Antioquia","Bello","Colombia","Urbana"
5225,2110,"COLEGIO MAYOR DE ANTIOQUIA",2025,2,"Antiguo",106771,"PROFESIONAL EN GASTRONOMÍA Y CULINARIA","Femenino",5001,"Antioquia","El Carmen de Viboral","Colombia","Urbana"
5226,2110,"COLEGIO MAYOR DE ANTIOQUIA",2025,2,"Antiguo",106771,"PROFESIONAL EN GASTRONOMÍA Y CULINARIA","Masculino",5001,"Antioquia","Medellín","Colombia","Urbana"
5227,2110,"COLEGIO MAYOR DE ANTIOQUIA",2025,2,"Antiguo",106771,"PROFESIONAL EN GASTRONOMÍA Y CULINARIA","Masculino",5001,"Antioquia","Medellín","Colombia","Urbana"
5228,2110,"COLEGIO MAYOR DE ANTIOQUIA",2025,2,"Antiguo",106771,"PROFESIONAL EN GASTRONOMÍA Y CULINARIA","Femenino",5001,"Antioquia","Medellín","Colombia","Urbana"
5229,2110,"COLEGIO MAYOR DE ANTIOQUIA",2025,2,"Antiguo",106771,"PROFESIONAL EN GASTRONOMÍA Y CULINARIA","Femenino",5001,"Antioquia","Medellín","Colombia","Urbana"
5230,2110,"COLEGIO MAYOR DE ANTIOQUIA",2025,2,"Antiguo",106771,"PROFESIONAL EN GASTRONOMÍA Y CULINARIA","Masculino",5001,"Antioquia","Medellín","Colombia","Urbana"
5231,2110,"COLEGIO MAYOR DE ANTIOQUIA",2025,2,"Antiguo",106771,"PROFESIONAL EN GASTRONOMÍA Y CULINARIA","Femenino",5001,"Huila","Pitalito","Colombia","Urbana"
5232,2110,"COLEGIO MAYOR DE ANTIOQUIA",2025,2,"Antiguo",106771,"PROFESIONAL EN GASTRONOMÍA Y CULINARIA","Masculino",5001,"Antioquia","Medellín","Colombia","Urbana"
5233,2110,"COLEGIO MAYOR DE ANTIOQUIA",2025,2,"Antiguo",106771,"PROFESIONAL EN GASTRONOMÍA Y CULINARIA","Femenino",5001,"Antioquia","Medellín","Colombia","Urbana"
5234,2110,"COLEGIO MAYOR DE ANTIOQUIA",2025,2,"Antiguo",106771,"PROFESIONAL EN GASTRONOMÍA Y CULINARIA","Femenino",5001,"Antioquia","Medellín","Colombia","Urbana"
5235,2110,"COLEGIO MAYOR DE ANTIOQUIA",2025,2,"Antiguo",106771,"PROFESIONAL EN GASTRONOMÍA Y CULINARIA","Masculino",5001,"Antioquia","Andes","Colombia","Urbana"
5236,2110,"COLEGIO MAYOR DE ANTIOQUIA",2025,2,"Antiguo",106771,"PROFESIONAL EN GASTRONOMÍA Y CULINARIA","Masculino",5001,"Caldas","Aguadas","Colombia","Urbana"
5237,2110,"COLEGIO MAYOR DE ANTIOQUIA",2025,2,"Antiguo",106771,"PROFESIONAL EN GASTRONOMÍA Y CULINARIA","Femenino",5001,"Antioquia","Medellín","Colombia","Urbana"
5238,2110,"COLEGIO MAYOR DE ANTIOQUIA",2025,2,"Antiguo",106771,"PROFESIONAL EN GASTRONOMÍA Y CULINARIA","Masculino",5001,"Antioquia","Medellín","Colombia","Urbana"
5239,2110,"COLEGIO MAYOR DE ANTIOQUIA",2025,2,"Antiguo",106771,"PROFESIONAL EN GASTRONOMÍA Y CULINARIA","Masculino",5001,"Antioquia","Guarne","Colombia","Urbana"
5240,2110,"COLEGIO MAYOR DE ANTIOQUIA",2025,2,"Antiguo",106771,"PROFESIONAL EN GASTRONOMÍA Y CULINARIA","Masculino",5001,"Antioquia","Medellín","Colombia","Urbana"
5241,2110,"COLEGIO MAYOR DE ANTIOQUIA",2025,2,"Antiguo",106771,"PROFESIONAL EN GASTRONOMÍA Y CULINARIA","Masculino",5001,"Antioquia","La Estrella","Colombia","Urbana"
5242,2110,"COLEGIO MAYOR DE ANTIOQUIA",2025,2,"Antiguo",106771,"PROFESIONAL EN GASTRONOMÍA Y CULINARIA","Femenino",5001,"Antioquia","Itagüí","Colombia","Urbana"
5243,2110,"COLEGIO MAYOR DE ANTIOQUIA",2025,2,"Antiguo",106771,"PROFESIONAL EN GASTRONOMÍA Y CULINARIA","Femenino",5001,"Antioquia","Bello","Colombia","Urbana"
5244,2110,"COLEGIO MAYOR DE ANTIOQUIA",2025,2,"Antiguo",106771,"PROFESIONAL EN GASTRONOMÍA Y CULINARIA","Femenino",5001,"Antioquia","Medellín","Colombia","Urbana"
5245,2110,"COLEGIO MAYOR DE ANTIOQUIA",2025,2,"Antiguo",106771,"PROFESIONAL EN GASTRONOMÍA Y CULINARIA","Femenino",5001,"Antioquia","Medellín","Colombia","Urbana"
5246,2110,"COLEGIO MAYOR DE ANTIOQUIA",2025,2,"Antiguo",106771,"PROFESIONAL EN GASTRONOMÍA Y CULINARIA","Femenino",5001,"Antioquia","Medellín","Colombia","Urbana"
5247,2110,"COLEGIO MAYOR DE ANTIOQUIA",2025,2,"Antiguo",106771,"PROFESIONAL EN GASTRONOMÍA Y CULINARIA","Femenino",5001,"Antioquia","Medellín","Colombia","Urbana"
5248,2110,"COLEGIO MAYOR DE ANTIOQUIA",2025,2,"Antiguo",106771,"PROFESIONAL EN GASTRONOMÍA Y CULINARIA","Masculino",5001,"Antioquia","Medellín","Colombia","Urbana"
5249,2110,"COLEGIO MAYOR DE ANTIOQUIA",2025,2,"Antiguo",106771,"PROFESIONAL EN GASTRONOMÍA Y CULINARIA","Masculino",5001,"Antioquia","Medellín","Colombia","Urbana"
5250,2110,"COLEGIO MAYOR DE ANTIOQUIA",2025,2,"Antiguo",106771,"PROFESIONAL EN GASTRONOMÍA Y CULINARIA","Masculino",5001,"Antioquia","Medellín","Colombia","Urbana"
5251,2110,"COLEGIO MAYOR DE ANTIOQUIA",2025,2,"Antiguo",106771,"PROFESIONAL EN GASTRONOMÍA Y CULINARIA","Femenino",5001,"Antioquia","Medellín","Colombia","Urbana"
5252,2110,"COLEGIO MAYOR DE ANTIOQUIA",2025,2,"Antiguo",106771,"PROFESIONAL EN GASTRONOMÍA Y CULINARIA","Masculino",5001,"Antioquia","Medellín","Colombia","Urbana"
5253,2110,"COLEGIO MAYOR DE ANTIOQUIA",2025,2,"Antiguo",106771,"PROFESIONAL EN GASTRONOMÍA Y CULINARIA","Femenino",5001,"Antioquia","Medellín","Colombia","Urbana"
5254,2110,"COLEGIO MAYOR DE ANTIOQUIA",2025,2,"Antiguo",106771,"PROFESIONAL EN GASTRONOMÍA Y CULINARIA","Femenino",5001,"Córdoba","Montelíbano","Colombia","Urbana"
5255,2110,"COLEGIO MAYOR DE ANTIOQUIA",2025,2,"Antiguo",106771,"PROFESIONAL EN GASTRONOMÍA Y CULINARIA","Masculino",5001,"Antioquia","Medellín","Colombia","Urbana"
5256,2110,"COLEGIO MAYOR DE ANTIOQUIA",2025,2,"Antiguo",106771,"PROFESIONAL EN GASTRONOMÍA Y CULINARIA","Masculino",5001,"Antioquia","Medellín","Colombia","Urbana"
5257,2110,"COLEGIO MAYOR DE ANTIOQUIA",2025,2,"Antiguo",106771,"PROFESIONAL EN GASTRONOMÍA Y CULINARIA","Masculino",5001,"Nariño","Pasto","Colombia","Urbana"
5258,2110,"COLEGIO MAYOR DE ANTIOQUIA",2025,2,"Antiguo",106771,"PROFESIONAL EN GASTRONOMÍA Y CULINARIA","Femenino",5001,"Antioquia","Medellín","Colombia","Urbana"
5259,2110,"COLEGIO MAYOR DE ANTIOQUIA",2025,2,"Antiguo",106771,"PROFESIONAL EN GASTRONOMÍA Y CULINARIA","Masculino",5001,"Antioquia","Medellín","Colombia","Urbana"
5260,2110,"COLEGIO MAYOR DE ANTIOQUIA",2025,2,"Antiguo",106771,"PROFESIONAL EN GASTRONOMÍA Y CULINARIA","Femenino",5001,"Antioquia","Bello","Colombia","Urbana"
5261,2110,"COLEGIO MAYOR DE ANTIOQUIA",2025,2,"Antiguo",106771,"PROFESIONAL EN GASTRONOMÍA Y CULINARIA","Masculino",5001,"Antioquia","Medellín","Colombia","Urbana"
5262,2110,"COLEGIO MAYOR DE ANTIOQUIA",2025,2,"Antiguo",106771,"PROFESIONAL EN GASTRONOMÍA Y CULINARIA","Masculino",5001,"Antioquia","Santuario","Colombia","Urbana"
5263,2110,"COLEGIO MAYOR DE ANTIOQUIA",2025,2,"Antiguo",106771,"PROFESIONAL EN GASTRONOMÍA Y CULINARIA","Masculino",5001,"Antioquia","Medellín","Colombia","Urbana"
5264,2110,"COLEGIO MAYOR DE ANTIOQUIA",2025,2,"Antiguo",106771,"PROFESIONAL EN GASTRONOMÍA Y CULINARIA","Femenino",5001,"Antioquia","Caldas","Colombia","Urbana"
5265,2110,"COLEGIO MAYOR DE ANTIOQUIA",2025,2,"Antiguo",106771,"PROFESIONAL EN GASTRONOMÍA Y CULINARIA","Femenino",5001,"Antioquia","Medellín","Colombia","Urbana"
5266,2110,"COLEGIO MAYOR DE ANTIOQUIA",2025,2,"Antiguo",106771,"PROFESIONAL EN GASTRONOMÍA Y CULINARIA","Masculino",5001,"Antioquia","Medellín","Colombia","Urbana"
5267,2110,"COLEGIO MAYOR DE ANTIOQUIA",2025,2,"Antiguo",106771,"PROFESIONAL EN GASTRONOMÍA Y CULINARIA","Femenino",5001,"Antioquia","Medellín","Colombia","Urbana"
5268,2110,"COLEGIO MAYOR DE ANTIOQUIA",2025,2,"Antiguo",106771,"PROFESIONAL EN GASTRONOMÍA Y CULINARIA","Femenino",5001,"Antioquia","Envigado","Colombia","Urbana"
5269,2110,"COLEGIO MAYOR DE ANTIOQUIA",2025,2,"Antiguo",106771,"PROFESIONAL EN GASTRONOMÍA Y CULINARIA","Femenino",5001,"Antioquia","Medellín","Colombia","Urbana"
5270,2110,"COLEGIO MAYOR DE ANTIOQUIA",2025,2,"Antiguo",106771,"PROFESIONAL EN GASTRONOMÍA Y CULINARIA","Masculino",5001,"Antioquia","Medellín","Colombia","Urbana"
5271,2110,"COLEGIO MAYOR DE ANTIOQUIA",2025,2,"Antiguo",106771,"PROFESIONAL EN GASTRONOMÍA Y CULINARIA","Femenino",5001,"Antioquia","Medellín","Colombia","Urbana"
5272,2110,"COLEGIO MAYOR DE ANTIOQUIA",2025,2,"Antiguo",106771,"PROFESIONAL EN GASTRONOMÍA Y CULINARIA","Femenino",5001,"Chocó","Quibdó","Colombia","Urbana"
5273,2110,"COLEGIO MAYOR DE ANTIOQUIA",2025,2,"Antiguo",106771,"PROFESIONAL EN GASTRONOMÍA Y CULINARIA","Masculino",5001,"Antioquia","Medellín","Colombia","Urbana"
5274,2110,"COLEGIO MAYOR DE ANTIOQUIA",2025,2,"Antiguo",106771,"PROFESIONAL EN GASTRONOMÍA Y CULINARIA","Masculino",5001,"Antioquia","Medellín","Colombia","Urbana"
5275,2110,"COLEGIO MAYOR DE ANTIOQUIA",2025,2,"Antiguo",106771,"PROFESIONAL EN GASTRONOMÍA Y CULINARIA","Masculino",5001,"Antioquia","Itagüí","Colombia","Urbana"
5276,2110,"COLEGIO MAYOR DE ANTIOQUIA",2025,2,"Antiguo",106771,"PROFESIONAL EN GASTRONOMÍA Y CULINARIA","Masculino",5001,"Antioquia","Medellín","Colombia","Urbana"
5277,2110,"COLEGIO MAYOR DE ANTIOQUIA",2025,2,"Antiguo",106771,"PROFESIONAL EN GASTRONOMÍA Y CULINARIA","Femenino",5001,"Antioquia","Itagüí","Colombia","Urbana"
5278,2110,"COLEGIO MAYOR DE ANTIOQUIA",2025,2,"Antiguo",106771,"PROFESIONAL EN GASTRONOMÍA Y CULINARIA","Masculino",5001,"Antioquia","Medellín","Colombia","Urbana"
5279,2110,"COLEGIO MAYOR DE ANTIOQUIA",2025,2,"Antiguo",106771,"PROFESIONAL EN GASTRONOMÍA Y CULINARIA","Masculino",5001,"Antioquia","Medellín","Colombia","Urbana"
5280,2110,"COLEGIO MAYOR DE ANTIOQUIA",2025,2,"Antiguo",106771,"PROFESIONAL EN GASTRONOMÍA Y CULINARIA","Masculino",5001,"Antioquia","Medellín","Colombia","Urbana"
5281,2110,"COLEGIO MAYOR DE ANTIOQUIA",2025,2,"Antiguo",106771,"PROFESIONAL EN GASTRONOMÍA Y CULINARIA","Femenino",5001,"Antioquia","Medellín","Colombia","Urbana"
5282,2110,"COLEGIO MAYOR DE ANTIOQUIA",2025,2,"Antiguo",106771,"PROFESIONAL EN GASTRONOMÍA Y CULINARIA","Masculino",5001,"Antioquia","Medellín","Colombia","Urbana"
5283,2110,"COLEGIO MAYOR DE ANTIOQUIA",2025,2,"Antiguo",106771,"PROFESIONAL EN GASTRONOMÍA Y CULINARIA","Femenino",5001,"Antioquia","Medellín","Colombia","Urbana"
5284,2110,"COLEGIO MAYOR DE ANTIOQUIA",2025,2,"Antiguo",106771,"PROFESIONAL EN GASTRONOMÍA Y CULINARIA","Masculino",5001,"Antioquia","Medellín","Colombia","Urbana"
5285,2110,"COLEGIO MAYOR DE ANTIOQUIA",2025,2,"Antiguo",106771,"PROFESIONAL EN GASTRONOMÍA Y CULINARIA","Femenino",5001,"Antioquia","Medellín","Colombia","Urbana"
5286,2110,"COLEGIO MAYOR DE ANTIOQUIA",2025,2,"Antiguo",106771,"PROFESIONAL EN GASTRONOMÍA Y CULINARIA","Masculino",5001,"Antioquia","Medellín","Colombia","Urbana"
5287,2110,"COLEGIO MAYOR DE ANTIOQUIA",2025,2,"Antiguo",106771,"PROFESIONAL EN GASTRONOMÍA Y CULINARIA","Masculino",5001,"Antioquia","Medellín","Colombia","Urbana"
5288,2110,"COLEGIO MAYOR DE ANTIOQUIA",2025,2,"Antiguo",106771,"PROFESIONAL EN GASTRONOMÍA Y CULINARIA","Masculino",5001,"Antioquia","Medellín","Colombia","Urbana"
5289,2110,"COLEGIO MAYOR DE ANTIOQUIA",2025,2,"Antiguo",106771,"PROFESIONAL EN GASTRONOMÍA Y CULINARIA","Femenino",5001,"Antioquia","Medellín","Colombia","Urbana"
5290,2110,"COLEGIO MAYOR DE ANTIOQUIA",2025,2,"Antiguo",106771,"PROFESIONAL EN GASTRONOMÍA Y CULINARIA","Femenino",5001,"Antioquia","Bello","Colombia","Urbana"
5291,2110,"COLEGIO MAYOR DE ANTIOQUIA",2025,2,"Antiguo",106771,"PROFESIONAL EN GASTRONOMÍA Y CULINARIA","Femenino",5001,"Antioquia","Guarne","Colombia","Urbana"
5292,2110,"COLEGIO MAYOR DE ANTIOQUIA",2025,2,"Antiguo",106771,"PROFESIONAL EN GASTRONOMÍA Y CULINARIA","Masculino",5001,"Antioquia","Medellín","Colombia","Urbana"
5293,2110,"COLEGIO MAYOR DE ANTIOQUIA",2025,2,"Antiguo",106771,"PROFESIONAL EN GASTRONOMÍA Y CULINARIA","Masculino",5001,"Antioquia","Medellín","Colombia","Urbana"
5294,2110,"COLEGIO MAYOR DE ANTIOQUIA",2025,2,"Antiguo",106771,"PROFESIONAL EN GASTRONOMÍA Y CULINARIA","Femenino",5001,"Antioquia","Medellín","Colombia","Urbana"
5295,2110,"COLEGIO MAYOR DE ANTIOQUIA",2025,2,"Antiguo",106771,"PROFESIONAL EN GASTRONOMÍA Y CULINARIA","Masculino",5001,"Antioquia","Guarne","Colombia","Urbana"
5296,2110,"COLEGIO MAYOR DE ANTIOQUIA",2025,2,"Antiguo",106771,"PROFESIONAL EN GASTRONOMÍA Y CULINARIA","Femenino",5001,"Antioquia","Medellín","Colombia","Urbana"
5297,2110,"COLEGIO MAYOR DE ANTIOQUIA",2025,2,"Antiguo",106771,"PROFESIONAL EN GASTRONOMÍA Y CULINARIA","Femenino",5001,"Antioquia","Itagüí","Colombia","Urbana"
5298,2110,"COLEGIO MAYOR DE ANTIOQUIA",2025,2,"Antiguo",106771,"PROFESIONAL EN GASTRONOMÍA Y CULINARIA","Femenino",5001,"Antioquia","Medellín","Colombia","Urbana"
5299,2110,"COLEGIO MAYOR DE ANTIOQUIA",2025,2,"Antiguo",106771,"PROFESIONAL EN GASTRONOMÍA Y CULINARIA","Masculino",5001,"Antioquia","Medellín","Colombia","Urbana"
5300,2110,"COLEGIO MAYOR DE ANTIOQUIA",2025,2,"Antiguo",106771,"PROFESIONAL EN GASTRONOMÍA Y CULINARIA","Masculino",5001,"Antioquia","San Vicente Ferrer","Colombia","Urbana"
5301,2110,"COLEGIO MAYOR DE ANTIOQUIA",2025,2,"Antiguo",106771,"PROFESIONAL EN GASTRONOMÍA Y CULINARIA","Femenino",5001,"Antioquia","Medellín","Colombia","Urbana"
5302,2110,"COLEGIO MAYOR DE ANTIOQUIA",2025,2,"Antiguo",106771,"PROFESIONAL EN GASTRONOMÍA Y CULINARIA","Femenino",5001,"Antioquia","Medellín","Colombia","Urbana"
5303,2110,"COLEGIO MAYOR DE ANTIOQUIA",2025,2,"Antiguo",106771,"PROFESIONAL EN GASTRONOMÍA Y CULINARIA","Masculino",5001,"Antioquia","Medellín","Colombia","Urbana"
5304,2110,"COLEGIO MAYOR DE ANTIOQUIA",2025,2,"Antiguo",106771,"PROFESIONAL EN GASTRONOMÍA Y CULINARIA","Femenino",5001,"Antioquia","Medellín","Colombia","Urbana"
5305,2110,"COLEGIO MAYOR DE ANTIOQUIA",2025,2,"Antiguo",106771,"PROFESIONAL EN GASTRONOMÍA Y CULINARIA","Masculino",5001,"Nariño","Ipiales","Colombia","Urbana"
5306,2110,"COLEGIO MAYOR DE ANTIOQUIA",2025,2,"Antiguo",106771,"PROFESIONAL EN GASTRONOMÍA Y CULINARIA","Masculino",5001,"Nariño","Pasto","Colombia","Urbana"
5307,2110,"COLEGIO MAYOR DE ANTIOQUIA",2025,2,"Antiguo",106771,"PROFESIONAL EN GASTRONOMÍA Y CULINARIA","Masculino",5001,"Antioquia","Medellín","Colombia","Urbana"
5308,2110,"COLEGIO MAYOR DE ANTIOQUIA",2025,2,"Antiguo",106771,"PROFESIONAL EN GASTRONOMÍA Y CULINARIA","Femenino",5001,"Antioquia","Medellín","Colombia","Urbana"
5309,2110,"COLEGIO MAYOR DE ANTIOQUIA",2025,2,"Antiguo",106771,"PROFESIONAL EN GASTRONOMÍA Y CULINARIA","Femenino",5001,"Antioquia","Itagüí","Colombia","Urbana"
5310,2110,"COLEGIO MAYOR DE ANTIOQUIA",2025,2,"Antiguo",106771,"PROFESIONAL EN GASTRONOMÍA Y CULINARIA","Femenino",5001,"Antioquia","Medellín","Colombia","Urbana"
5311,2110,"COLEGIO MAYOR DE ANTIOQUIA",2025,2,"Antiguo",106771,"PROFESIONAL EN GASTRONOMÍA Y CULINARIA","Femenino",5001,"Antioquia","Medellín","Colombia","Urbana"
5312,2110,"COLEGIO MAYOR DE ANTIOQUIA",2025,2,"Antiguo",106771,"PROFESIONAL EN GASTRONOMÍA Y CULINARIA","Masculino",5001,"Antioquia","Medellín","Colombia","Urbana"
5313,2110,"COLEGIO MAYOR DE ANTIOQUIA",2025,2,"Antiguo",106771,"PROFESIONAL EN GASTRONOMÍA Y CULINARIA","Masculino",5001,"Antioquia","Medellín","Colombia","Urbana"
5314,2110,"COLEGIO MAYOR DE ANTIOQUIA",2025,2,"Antiguo",106771,"PROFESIONAL EN GASTRONOMÍA Y CULINARIA","Masculino",5001,"Antioquia","Medellín","Colombia","Urbana"
5315,2110,"COLEGIO MAYOR DE ANTIOQUIA",2025,2,"Antiguo",106771,"PROFESIONAL EN GASTRONOMÍA Y CULINARIA","Masculino",5001,"Antioquia","Medellín","Colombia","Urbana"
5316,2110,"COLEGIO MAYOR DE ANTIOQUIA",2025,2,"Antiguo",106771,"PROFESIONAL EN GASTRONOMÍA Y CULINARIA","Masculino",5001,"Antioquia","Sabaneta","Colombia","Urbana"
5317,2110,"COLEGIO MAYOR DE ANTIOQUIA",2025,2,"Antiguo",106771,"PROFESIONAL EN GASTRONOMÍA Y CULINARIA","Masculino",5001,"Antioquia","Bello","Colombia","Urbana"
5318,2110,"COLEGIO MAYOR DE ANTIOQUIA",2025,2,"Antiguo",106771,"PROFESIONAL EN GASTRONOMÍA Y CULINARIA","Femenino",5001,"Antioquia","Medellín","Colombia","Urbana"
5319,2110,"COLEGIO MAYOR DE ANTIOQUIA",2025,2,"Antiguo",106771,"PROFESIONAL EN GASTRONOMÍA Y CULINARIA","Femenino",5001,"Antioquia","Medellín","Colombia","Urbana"
5320,2110,"COLEGIO MAYOR DE ANTIOQUIA",2025,2,"Antiguo",106771,"PROFESIONAL EN GASTRONOMÍA Y CULINARIA","Masculino",5001,"Antioquia","Medellín","Colombia","Urbana"
5321,2110,"COLEGIO MAYOR DE ANTIOQUIA",2025,2,"Antiguo",106771,"PROFESIONAL EN GASTRONOMÍA Y CULINARIA","Femenino",5001,"Antioquia","Bello","Colombia","Urbana"
5322,2110,"COLEGIO MAYOR DE ANTIOQUIA",2025,2,"Antiguo",106771,"PROFESIONAL EN GASTRONOMÍA Y CULINARIA","Femenino",5001,"Antioquia","Medellín","Colombia","Urbana"
5323,2110,"COLEGIO MAYOR DE ANTIOQUIA",2025,2,"Antiguo",106771,"PROFESIONAL EN GASTRONOMÍA Y CULINARIA","Masculino",5001,"Antioquia","Medellín","Colombia","Urbana"
5324,2110,"COLEGIO MAYOR DE ANTIOQUIA",2025,2,"Antiguo",106771,"PROFESIONAL EN GASTRONOMÍA Y CULINARIA","Femenino",5001,"Antioquia","Medellín","Colombia","Urbana"
5325,2110,"COLEGIO MAYOR DE ANTIOQUIA",2025,2,"Antiguo",106771,"PROFESIONAL EN GASTRONOMÍA Y CULINARIA","Masculino",5001,"Antioquia","Medellín","Colombia","Urbana"
5326,2110,"COLEGIO MAYOR DE ANTIOQUIA",2025,2,"Antiguo",106771,"PROFESIONAL EN GASTRONOMÍA Y CULINARIA","Masculino",5001,"Antioquia","Itagüí","Colombia","Urbana"
5327,2110,"COLEGIO MAYOR DE ANTIOQUIA",2025,2,"Antiguo",106771,"PROFESIONAL EN GASTRONOMÍA Y CULINARIA","Masculino",5001,"Antioquia","Medellín","Colombia","Urbana"
5328,2110,"COLEGIO MAYOR DE ANTIOQUIA",2025,2,"Antiguo",106771,"PROFESIONAL EN GASTRONOMÍA Y CULINARIA","Femenino",5001,"Antioquia","Medellín","Colombia","Urbana"
5329,2110,"COLEGIO MAYOR DE ANTIOQUIA",2025,2,"Antiguo",106771,"PROFESIONAL EN GASTRONOMÍA Y CULINARIA","Femenino",5001,"Putumayo","Orito","Colombia","Urbana"
5330,2110,"COLEGIO MAYOR DE ANTIOQUIA",2025,2,"Antiguo",106771,"PROFESIONAL EN GASTRONOMÍA Y CULINARIA","Masculino",5001,"Antioquia","Medellín","Colombia","Urbana"
5331,2110,"COLEGIO MAYOR DE ANTIOQUIA",2025,2,"Antiguo",106771,"PROFESIONAL EN GASTRONOMÍA Y CULINARIA","Femenino",5001,"Antioquia","Medellín","Colombia","Urbana"
5332,2110,"COLEGIO MAYOR DE ANTIOQUIA",2025,2,"Antiguo",106771,"PROFESIONAL EN GASTRONOMÍA Y CULINARIA","Masculino",5001,"Antioquia","Medellín","Colombia","Urbana"
5333,2110,"COLEGIO MAYOR DE ANTIOQUIA",2025,2,"Antiguo",106771,"PROFESIONAL EN GASTRONOMÍA Y CULINARIA","Masculino",5001,"Antioquia","Medellín","Colombia","Urbana"
5334,2110,"COLEGIO MAYOR DE ANTIOQUIA",2025,2,"Antiguo",106771,"PROFESIONAL EN GASTRONOMÍA Y CULINARIA","Femenino",5001,"Antioquia","Medellín","Colombia","Urbana"
5335,2110,"COLEGIO MAYOR DE ANTIOQUIA",2025,2,"Antiguo",106771,"PROFESIONAL EN GASTRONOMÍA Y CULINARIA","Femenino",5001,"Antioquia","Medellín","Colombia","Urbana"
5336,2110,"COLEGIO MAYOR DE ANTIOQUIA",2025,2,"Antiguo",106771,"PROFESIONAL EN GASTRONOMÍA Y CULINARIA","Masculino",5001,"Antioquia","Medellín","Colombia","Urbana"
5337,2110,"COLEGIO MAYOR DE ANTIOQUIA",2025,2,"Antiguo",106771,"PROFESIONAL EN GASTRONOMÍA Y CULINARIA","Masculino",5001,"Antioquia","Medellín","Colombia","Urbana"
5338,2110,"COLEGIO MAYOR DE ANTIOQUIA",2025,2,"Antiguo",106771,"PROFESIONAL EN GASTRONOMÍA Y CULINARIA","Masculino",5001,"Antioquia","Medellín","Colombia","Urbana"
5339,2110,"COLEGIO MAYOR DE ANTIOQUIA",2025,2,"Antiguo",106771,"PROFESIONAL EN GASTRONOMÍA Y CULINARIA","Masculino",5001,"Antioquia","Medellín","Colombia","Urbana"
5340,2110,"COLEGIO MAYOR DE ANTIOQUIA",2025,2,"Antiguo",106771,"PROFESIONAL EN GASTRONOMÍA Y CULINARIA","Masculino",5001,"Antioquia","Medellín","Colombia","Urbana"
5341,2110,"COLEGIO MAYOR DE ANTIOQUIA",2025,2,"Antiguo",106771,"PROFESIONAL EN GASTRONOMÍA Y CULINARIA","Femenino",5001,"Antioquia","Medellín","Colombia","Urbana"
5342,2110,"COLEGIO MAYOR DE ANTIOQUIA",2025,2,"Antiguo",106771,"PROFESIONAL EN GASTRONOMÍA Y CULINARIA","Masculino",5001,"Antioquia","Medellín","Colombia","Urbana"
5343,2110,"COLEGIO MAYOR DE ANTIOQUIA",2025,2,"Antiguo",106771,"PROFESIONAL EN GASTRONOMÍA Y CULINARIA","Masculino",5001,"Arauca","Tame","Colombia","Urbana"
5344,2110,"COLEGIO MAYOR DE ANTIOQUIA",2025,2,"Antiguo",106771,"PROFESIONAL EN GASTRONOMÍA Y CULINARIA","Masculino",5001,"Antioquia","San Vicente Ferrer","Colombia","Urbana"
5345,2110,"COLEGIO MAYOR DE ANTIOQUIA",2025,2,"Antiguo",106771,"PROFESIONAL EN GASTRONOMÍA Y CULINARIA","Masculino",5001,"Antioquia","Jericó","Colombia","Urbana"
5346,2110,"COLEGIO MAYOR DE ANTIOQUIA",2025,2,"Antiguo",106771,"PROFESIONAL EN GASTRONOMÍA Y CULINARIA","Masculino",5001,"Antioquia","Medellín","Colombia","Urbana"
5347,2110,"COLEGIO MAYOR DE ANTIOQUIA",2025,2,"Antiguo",106771,"PROFESIONAL EN GASTRONOMÍA Y CULINARIA","Masculino",5001,"Antioquia","Medellín","Colombia","Urbana"
5348,2110,"COLEGIO MAYOR DE ANTIOQUIA",2025,2,"Antiguo",106771,"PROFESIONAL EN GASTRONOMÍA Y CULINARIA","Masculino",5001,"Antioquia","Girardota","Colombia","Urbana"
5349,2110,"COLEGIO MAYOR DE ANTIOQUIA",2025,2,"Antiguo",106771,"PROFESIONAL EN GASTRONOMÍA Y CULINARIA","Masculino",5001,"Antioquia","Medellín","Colombia","Urbana"
5350,2110,"COLEGIO MAYOR DE ANTIOQUIA",2025,2,"Antiguo",106771,"PROFESIONAL EN GASTRONOMÍA Y CULINARIA","Femenino",5001,"Antioquia","Medellín","Colombia","Urbana"
5351,2110,"COLEGIO MAYOR DE ANTIOQUIA",2025,2,"Antiguo",106771,"PROFESIONAL EN GASTRONOMÍA Y CULINARIA","Femenino",5001,"Antioquia","Medellín","Colombia","Urbana"
5352,2110,"COLEGIO MAYOR DE ANTIOQUIA",2025,2,"Reingreso",106771,"PROFESIONAL EN GASTRONOMÍA Y CULINARIA","Masculino",5001,"Antioquia","Medellín","Colombia","Urbana"
5353,2110,"COLEGIO MAYOR DE ANTIOQUIA",2025,2,"Reingreso",106771,"PROFESIONAL EN GASTRONOMÍA Y CULINARIA","Masculino",5001,"Antioquia","Medellín","Colombia","Urbana"
5354,2110,"COLEGIO MAYOR DE ANTIOQUIA",2025,2,"Reingreso",106771,"PROFESIONAL EN GASTRONOMÍA Y CULINARIA","Femenino",5001,"Antioquia","Medellín","Colombia","Urbana"
5355,2110,"COLEGIO MAYOR DE ANTIOQUIA",2025,2,"Reingreso",106771,"PROFESIONAL EN GASTRONOMÍA Y CULINARIA","Femenino",5001,"Antioquia","Medellín","Colombia","Urbana"
5356,2110,"COLEGIO MAYOR DE ANTIOQUIA",2025,2,"Reingreso",106771,"PROFESIONAL EN GASTRONOMÍA Y CULINARIA","Masculino",5001,"Antioquia","Medellín","Colombia","Urbana"
5357,2110,"COLEGIO MAYOR DE ANTIOQUIA",2025,2,"Reingreso",106771,"PROFESIONAL EN GASTRONOMÍA Y CULINARIA","Femenino",5001,"Antioquia","Sabaneta","Colombia","Urbana"
5358,2110,"COLEGIO MAYOR DE ANTIOQUIA",2025,2,"Reingreso",106771,"PROFESIONAL EN GASTRONOMÍA Y CULINARIA","Masculino",5001,"Antioquia","Bello","Colombia","Urbana"
5359,2110,"COLEGIO MAYOR DE ANTIOQUIA",2025,2,"Reintegro",106771,"PROFESIONAL EN GASTRONOMÍA Y CULINARIA","Masculino",5001,"Antioquia","Medellín","Colombia","Urbana"
5360,2110,"COLEGIO MAYOR DE ANTIOQUIA",2025,2,"Reintegro",106771,"PROFESIONAL EN GASTRONOMÍA Y CULINARIA","Femenino",5001,"Antioquia","Medellín","Colombia","Urbana"
5361,2110,"COLEGIO MAYOR DE ANTIOQUIA",2025,2,"Reintegro",106771,"PROFESIONAL EN GASTRONOMÍA Y CULINARIA","Masculino",5001,"Antioquia","Medellín","Colombia","Urbana"
5362,2110,"COLEGIO MAYOR DE ANTIOQUIA",2025,2,"Reintegro",106771,"PROFESIONAL EN GASTRONOMÍA Y CULINARIA","Masculino",5001,"Antioquia","Medellín","Colombia","Urbana"
5363,2110,"COLEGIO MAYOR DE ANTIOQUIA",2025,2,"Reintegro",106771,"PROFESIONAL EN GASTRONOMÍA Y CULINARIA","Femenino",5001,"Antioquia","Medellín","Colombia","Urbana"
5364,2110,"COLEGIO MAYOR DE ANTIOQUIA",2025,2,"Reintegro",106771,"PROFESIONAL EN GASTRONOMÍA Y CULINARIA","Femenino",5001,"Antioquia","Medellín","Colombia","Urbana"
5365,2110,"COLEGIO MAYOR DE ANTIOQUIA",2025,2,"Reintegro",106771,"PROFESIONAL EN GASTRONOMÍA Y CULINARIA","Femenino",5001,"Antioquia","Medellín","Colombia","Urbana"
5366,2110,"COLEGIO MAYOR DE ANTIOQUIA",2025,2,"Reintegro",106771,"PROFESIONAL EN GASTRONOMÍA Y CULINARIA","Masculino",5001,"Antioquia","Medellín","Colombia","Urbana"
5367,2110,"COLEGIO MAYOR DE ANTIOQUIA",2025,2,"Reintegro",106771,"PROFESIONAL EN GASTRONOMÍA Y CULINARIA","Masculino",5001,"Antioquia","Medellín","Colombia","Urbana"
5368,2110,"COLEGIO MAYOR DE ANTIOQUIA",2025,2,"Reintegro",106771,"PROFESIONAL EN GASTRONOMÍA Y CULINARIA","Femenino",5001,"Antioquia","Medellín","Colombia","Urbana"
5369,2110,"COLEGIO MAYOR DE ANTIOQUIA",2025,2,"Nuevo",116077,"TECNOLOGÍA EN GESTIÓN DE PROCESOS DE REPOSTERÍA Y PANIFICACIÓN","Femenino",5001,"Antioquia","Bello","Colombia","Urbana"
5370,2110,"COLEGIO MAYOR DE ANTIOQUIA",2025,2,"Nuevo",116077,"TECNOLOGÍA EN GESTIÓN DE PROCESOS DE REPOSTERÍA Y PANIFICACIÓN","Femenino",5001,"Antioquia","Medellín","Colombia","Urbana"
5371,2110,"COLEGIO MAYOR DE ANTIOQUIA",2025,2,"Nuevo",116077,"TECNOLOGÍA EN GESTIÓN DE PROCESOS DE REPOSTERÍA Y PANIFICACIÓN","Femenino",5001,"Antioquia","Medellín","Colombia","Urbana"
5372,2110,"COLEGIO MAYOR DE ANTIOQUIA",2025,2,"Nuevo",116077,"TECNOLOGÍA EN GESTIÓN DE PROCESOS DE REPOSTERÍA Y PANIFICACIÓN","Femenino",5001,"Antioquia","Medellín","Colombia","Urbana"
5373,2110,"COLEGIO MAYOR DE ANTIOQUIA",2025,2,"Nuevo",116077,"TECNOLOGÍA EN GESTIÓN DE PROCESOS DE REPOSTERÍA Y PANIFICACIÓN","Femenino",5001,"Antioquia","Medellín","Colombia","Urbana"
5374,2110,"COLEGIO MAYOR DE ANTIOQUIA",2025,2,"Nuevo",116077,"TECNOLOGÍA EN GESTIÓN DE PROCESOS DE REPOSTERÍA Y PANIFICACIÓN","Femenino",5001,"Antioquia","Medellín","Colombia","Urbana"
5375,2110,"COLEGIO MAYOR DE ANTIOQUIA",2025,2,"Nuevo",116077,"TECNOLOGÍA EN GESTIÓN DE PROCESOS DE REPOSTERÍA Y PANIFICACIÓN","Femenino",5001,"Antioquia","Medellín","Colombia","Urbana"
5376,2110,"COLEGIO MAYOR DE ANTIOQUIA",2025,2,"Nuevo",116077,"TECNOLOGÍA EN GESTIÓN DE PROCESOS DE REPOSTERÍA Y PANIFICACIÓN","Femenino",5001,"Antioquia","Medellín","Colombia","Urbana"
5377,2110,"COLEGIO MAYOR DE ANTIOQUIA",2025,2,"Nuevo",116077,"TECNOLOGÍA EN GESTIÓN DE PROCESOS DE REPOSTERÍA Y PANIFICACIÓN","Femenino",5001,"Antioquia","Medellín","Colombia","Urbana"
5378,2110,"COLEGIO MAYOR DE ANTIOQUIA",2025,2,"Nuevo",116077,"TECNOLOGÍA EN GESTIÓN DE PROCESOS DE REPOSTERÍA Y PANIFICACIÓN","Femenino",5001,"Antioquia","Medellín","Colombia","Urbana"
5379,2110,"COLEGIO MAYOR DE ANTIOQUIA",2025,2,"Nuevo",116077,"TECNOLOGÍA EN GESTIÓN DE PROCESOS DE REPOSTERÍA Y PANIFICACIÓN","Femenino",5001,"Antioquia","Copacabana","Colombia","Urbana"
5380,2110,"COLEGIO MAYOR DE ANTIOQUIA",2025,2,"Nuevo",116077,"TECNOLOGÍA EN GESTIÓN DE PROCESOS DE REPOSTERÍA Y PANIFICACIÓN","Femenino",5001,"Antioquia","Copacabana","Colombia","Urbana"
5381,2110,"COLEGIO MAYOR DE ANTIOQUIA",2025,2,"Nuevo",116077,"TECNOLOGÍA EN GESTIÓN DE PROCESOS DE REPOSTERÍA Y PANIFICACIÓN","Femenino",5001,"Antioquia","Bello","Colombia","Urbana"
5382,2110,"COLEGIO MAYOR DE ANTIOQUIA",2025,2,"Nuevo",116077,"TECNOLOGÍA EN GESTIÓN DE PROCESOS DE REPOSTERÍA Y PANIFICACIÓN","Femenino",5001,"Antioquia","Medellín","Colombia","Urbana"
5383,2110,"COLEGIO MAYOR DE ANTIOQUIA",2025,2,"Nuevo",116077,"TECNOLOGÍA EN GESTIÓN DE PROCESOS DE REPOSTERÍA Y PANIFICACIÓN","Femenino",5001,"Antioquia","Medellín","Colombia","Urbana"
5384,2110,"COLEGIO MAYOR DE ANTIOQUIA",2025,2,"Nuevo",116077,"TECNOLOGÍA EN GESTIÓN DE PROCESOS DE REPOSTERÍA Y PANIFICACIÓN","Masculino",5001,"Antioquia","Medellín","Colombia","Urbana"
5385,2110,"COLEGIO MAYOR DE ANTIOQUIA",2025,2,"Nuevo",116077,"TECNOLOGÍA EN GESTIÓN DE PROCESOS DE REPOSTERÍA Y PANIFICACIÓN","Femenino",5001,"Antioquia","Medellín","Colombia","Urbana"
5386,2110,"COLEGIO MAYOR DE ANTIOQUIA",2025,2,"Nuevo",116077,"TECNOLOGÍA EN GESTIÓN DE PROCESOS DE REPOSTERÍA Y PANIFICACIÓN","Femenino",5001,"Antioquia","Medellín","Colombia","Urbana"
5387,2110,"COLEGIO MAYOR DE ANTIOQUIA",2025,2,"Nuevo",116077,"TECNOLOGÍA EN GESTIÓN DE PROCESOS DE REPOSTERÍA Y PANIFICACIÓN","Masculino",5001,"Antioquia","Sabaneta","Colombia","Urbana"
5388,2110,"COLEGIO MAYOR DE ANTIOQUIA",2025,2,"Nuevo",116077,"TECNOLOGÍA EN GESTIÓN DE PROCESOS DE REPOSTERÍA Y PANIFICACIÓN","Masculino",5001,"Antioquia","Medellín","Colombia","Urbana"
5389,2110,"COLEGIO MAYOR DE ANTIOQUIA",2025,2,"Nuevo",116077,"TECNOLOGÍA EN GESTIÓN DE PROCESOS DE REPOSTERÍA Y PANIFICACIÓN","Femenino",5001,"Antioquia","Medellín","Colombia","Urbana"
5390,2110,"COLEGIO MAYOR DE ANTIOQUIA",2025,2,"Nuevo",116077,"TECNOLOGÍA EN GESTIÓN DE PROCESOS DE REPOSTERÍA Y PANIFICACIÓN","Femenino",5001,"Antioquia","Bello","Colombia","Urbana"
5391,2110,"COLEGIO MAYOR DE ANTIOQUIA",2025,2,"Nuevo",116077,"TECNOLOGÍA EN GESTIÓN DE PROCESOS DE REPOSTERÍA Y PANIFICACIÓN","Femenino",5001,"Antioquia","La Ceja","Colombia","Urbana"
5392,2110,"COLEGIO MAYOR DE ANTIOQUIA",2025,2,"Nuevo",116077,"TECNOLOGÍA EN GESTIÓN DE PROCESOS DE REPOSTERÍA Y PANIFICACIÓN","Femenino",5001,"Antioquia","Medellín","Colombia","Urbana"
5393,2110,"COLEGIO MAYOR DE ANTIOQUIA",2025,2,"Nuevo",116077,"TECNOLOGÍA EN GESTIÓN DE PROCESOS DE REPOSTERÍA Y PANIFICACIÓN","Femenino",5001,"Antioquia","Medellín","Colombia","Urbana"
5394,2110,"COLEGIO MAYOR DE ANTIOQUIA",2025,2,"Nuevo",116077,"TECNOLOGÍA EN GESTIÓN DE PROCESOS DE REPOSTERÍA Y PANIFICACIÓN","Femenino",5001,"Antioquia","Medellín","Colombia","Urbana"
5395,2110,"COLEGIO MAYOR DE ANTIOQUIA",2025,2,"Nuevo",116077,"TECNOLOGÍA EN GESTIÓN DE PROCESOS DE REPOSTERÍA Y PANIFICACIÓN","Masculino",5001,"Antioquia","Medellín","Colombia","Urbana"
5396,2110,"COLEGIO MAYOR DE ANTIOQUIA",2025,2,"Nuevo",116077,"TECNOLOGÍA EN GESTIÓN DE PROCESOS DE REPOSTERÍA Y PANIFICACIÓN","Femenino",5001,"Antioquia","Medellín","Colombia","Urbana"
5397,2110,"COLEGIO MAYOR DE ANTIOQUIA",2025,2,"Nuevo",116077,"TECNOLOGÍA EN GESTIÓN DE PROCESOS DE REPOSTERÍA Y PANIFICACIÓN","Femenino",5001,"Antioquia","Medellín","Colombia","Urbana"
5398,2110,"COLEGIO MAYOR DE ANTIOQUIA",2025,2,"Nuevo",116077,"TECNOLOGÍA EN GESTIÓN DE PROCESOS DE REPOSTERÍA Y PANIFICACIÓN","Masculino",5001,"Antioquia","Medellín","Colombia","Urbana"
5399,2110,"COLEGIO MAYOR DE ANTIOQUIA",2025,2,"Nuevo",116077,"TECNOLOGÍA EN GESTIÓN DE PROCESOS DE REPOSTERÍA Y PANIFICACIÓN","Femenino",5001,"Antioquia","Medellín","Colombia","Urbana"
5400,2110,"COLEGIO MAYOR DE ANTIOQUIA",2025,2,"Nuevo",116077,"TECNOLOGÍA EN GESTIÓN DE PROCESOS DE REPOSTERÍA Y PANIFICACIÓN","Masculino",5001,"Antioquia","Medellín","Colombia","Urbana"
5401,2110,"COLEGIO MAYOR DE ANTIOQUIA",2025,2,"Nuevo",116077,"TECNOLOGÍA EN GESTIÓN DE PROCESOS DE REPOSTERÍA Y PANIFICACIÓN","Femenino",5001,"Antioquia","Medellín","Colombia","Urbana"
5402,2110,"COLEGIO MAYOR DE ANTIOQUIA",2025,2,"Nuevo",116077,"TECNOLOGÍA EN GESTIÓN DE PROCESOS DE REPOSTERÍA Y PANIFICACIÓN","Masculino",5001,"Antioquia","Medellín","Colombia","Urbana"
5403,2110,"COLEGIO MAYOR DE ANTIOQUIA",2025,2,"Nuevo",116077,"TECNOLOGÍA EN GESTIÓN DE PROCESOS DE REPOSTERÍA Y PANIFICACIÓN","Femenino",5001,"Antioquia","Medellín","Colombia","Urbana"
5404,2110,"COLEGIO MAYOR DE ANTIOQUIA",2025,2,"Nuevo",116077,"TECNOLOGÍA EN GESTIÓN DE PROCESOS DE REPOSTERÍA Y PANIFICACIÓN","Femenino",5001,"Antioquia","Medellín","Colombia","Urbana"
5405,2110,"COLEGIO MAYOR DE ANTIOQUIA",2025,2,"Nuevo",116077,"TECNOLOGÍA EN GESTIÓN DE PROCESOS DE REPOSTERÍA Y PANIFICACIÓN","Masculino",5001,"Antioquia","Bello","Colombia","Urbana"
5406,2110,"COLEGIO MAYOR DE ANTIOQUIA",2025,2,"Nuevo",116077,"TECNOLOGÍA EN GESTIÓN DE PROCESOS DE REPOSTERÍA Y PANIFICACIÓN","Masculino",5001,"Antioquia","Bello","Colombia","Urbana"
5407,2110,"COLEGIO MAYOR DE ANTIOQUIA",2025,2,"Nuevo",116077,"TECNOLOGÍA EN GESTIÓN DE PROCESOS DE REPOSTERÍA Y PANIFICACIÓN","Femenino",5001,"Antioquia","Medellín","Colombia","Urbana"
5408,2110,"COLEGIO MAYOR DE ANTIOQUIA",2025,2,"Nuevo",116077,"TECNOLOGÍA EN GESTIÓN DE PROCESOS DE REPOSTERÍA Y PANIFICACIÓN","Femenino",5001,"Antioquia","Medellín","Colombia","Urbana"
5409,2110,"COLEGIO MAYOR DE ANTIOQUIA",2025,2,"Nuevo",116077,"TECNOLOGÍA EN GESTIÓN DE PROCESOS DE REPOSTERÍA Y PANIFICACIÓN","Femenino",5001,"Antioquia","La Estrella","Colombia","Urbana"
5410,2110,"COLEGIO MAYOR DE ANTIOQUIA",2025,2,"Transferencia interna",116077,"TECNOLOGÍA EN GESTIÓN DE PROCESOS DE REPOSTERÍA Y PANIFICACIÓN","Femenino",5001,"Antioquia","Medellín","Colombia","Urbana"
5411,2110,"COLEGIO MAYOR DE ANTIOQUIA",2025,2,"Transferencia externa",116077,"TECNOLOGÍA EN GESTIÓN DE PROCESOS DE REPOSTERÍA Y PANIFICACIÓN","Femenino",5001,"Antioquia","Medellín","Colombia","Urbana"
5412,2110,"COLEGIO MAYOR DE ANTIOQUIA",2025,2,"Antiguo",116077,"TECNOLOGÍA EN GESTIÓN DE PROCESOS DE REPOSTERÍA Y PANIFICACIÓN","Femenino",5001,"Antioquia","Medellín","Colombia","Urbana"
5413,2110,"COLEGIO MAYOR DE ANTIOQUIA",2025,2,"Antiguo",116077,"TECNOLOGÍA EN GESTIÓN DE PROCESOS DE REPOSTERÍA Y PANIFICACIÓN","Masculino",5001,"Antioquia","Medellín","Colombia","Urbana"
5414,2110,"COLEGIO MAYOR DE ANTIOQUIA",2025,2,"Antiguo",116077,"TECNOLOGÍA EN GESTIÓN DE PROCESOS DE REPOSTERÍA Y PANIFICACIÓN","Masculino",5001,"Antioquia","Medellín","Colombia","Urbana"
5415,2110,"COLEGIO MAYOR DE ANTIOQUIA",2025,2,"Antiguo",116077,"TECNOLOGÍA EN GESTIÓN DE PROCESOS DE REPOSTERÍA Y PANIFICACIÓN","Femenino",5001,"Antioquia","Bello","Colombia","Urbana"
5416,2110,"COLEGIO MAYOR DE ANTIOQUIA",2025,2,"Antiguo",116077,"TECNOLOGÍA EN GESTIÓN DE PROCESOS DE REPOSTERÍA Y PANIFICACIÓN","Masculino",5001,"Antioquia","Medellín","Colombia","Urbana"
5417,2110,"COLEGIO MAYOR DE ANTIOQUIA",2025,2,"Antiguo",116077,"TECNOLOGÍA EN GESTIÓN DE PROCESOS DE REPOSTERÍA Y PANIFICACIÓN","Femenino",5001,"Antioquia","Medellín","Colombia","Urbana"
5418,2110,"COLEGIO MAYOR DE ANTIOQUIA",2025,2,"Antiguo",116077,"TECNOLOGÍA EN GESTIÓN DE PROCESOS DE REPOSTERÍA Y PANIFICACIÓN","Femenino",5001,"Antioquia","Medellín","Colombia","Urbana"
5419,2110,"COLEGIO MAYOR DE ANTIOQUIA",2025,2,"Antiguo",116077,"TECNOLOGÍA EN GESTIÓN DE PROCESOS DE REPOSTERÍA Y PANIFICACIÓN","Femenino",5001,"Antioquia","Medellín","Colombia","Urbana"
5420,2110,"COLEGIO MAYOR DE ANTIOQUIA",2025,2,"Antiguo",116077,"TECNOLOGÍA EN GESTIÓN DE PROCESOS DE REPOSTERÍA Y PANIFICACIÓN","Masculino",5001,"Antioquia","Medellín","Colombia","Urbana"
5421,2110,"COLEGIO MAYOR DE ANTIOQUIA",2025,2,"Antiguo",116077,"TECNOLOGÍA EN GESTIÓN DE PROCESOS DE REPOSTERÍA Y PANIFICACIÓN","Femenino",5001,"Antioquia","Bello","Colombia","Urbana"
5422,2110,"COLEGIO MAYOR DE ANTIOQUIA",2025,2,"Antiguo",116077,"TECNOLOGÍA EN GESTIÓN DE PROCESOS DE REPOSTERÍA Y PANIFICACIÓN","Femenino",5001,"Antioquia","Itagüí","Colombia","Urbana"
5423,2110,"COLEGIO MAYOR DE ANTIOQUIA",2025,2,"Antiguo",116077,"TECNOLOGÍA EN GESTIÓN DE PROCESOS DE REPOSTERÍA Y PANIFICACIÓN","Masculino",5001,"Antioquia","Medellín","Colombia","Urbana"
5424,2110,"COLEGIO MAYOR DE ANTIOQUIA",2025,2,"Antiguo",116077,"TECNOLOGÍA EN GESTIÓN DE PROCESOS DE REPOSTERÍA Y PANIFICACIÓN","Femenino",5001,"Antioquia","Medellín","Colombia","Urbana"
5425,2110,"COLEGIO MAYOR DE ANTIOQUIA",2025,2,"Antiguo",116077,"TECNOLOGÍA EN GESTIÓN DE PROCESOS DE REPOSTERÍA Y PANIFICACIÓN","Femenino",5001,"Antioquia","Medellín","Colombia","Urbana"
5426,2110,"COLEGIO MAYOR DE ANTIOQUIA",2025,2,"Antiguo",116077,"TECNOLOGÍA EN GESTIÓN DE PROCESOS DE REPOSTERÍA Y PANIFICACIÓN","Femenino",5001,"Antioquia","Medellín","Colombia","Urbana"
5427,2110,"COLEGIO MAYOR DE ANTIOQUIA",2025,2,"Antiguo",116077,"TECNOLOGÍA EN GESTIÓN DE PROCESOS DE REPOSTERÍA Y PANIFICACIÓN","Femenino",5001,"Antioquia","Medellín","Colombia","Urbana"
5428,2110,"COLEGIO MAYOR DE ANTIOQUIA",2025,2,"Antiguo",116077,"TECNOLOGÍA EN GESTIÓN DE PROCESOS DE REPOSTERÍA Y PANIFICACIÓN","Femenino",5001,"Antioquia","Medellín","Colombia","Urbana"
5429,2110,"COLEGIO MAYOR DE ANTIOQUIA",2025,2,"Antiguo",116077,"TECNOLOGÍA EN GESTIÓN DE PROCESOS DE REPOSTERÍA Y PANIFICACIÓN","Femenino",5001,"Antioquia","Medellín","Colombia","Urbana"
5430,2110,"COLEGIO MAYOR DE ANTIOQUIA",2025,2,"Antiguo",116077,"TECNOLOGÍA EN GESTIÓN DE PROCESOS DE REPOSTERÍA Y PANIFICACIÓN","Masculino",5001,"Antioquia","Medellín","Colombia","Urbana"
5431,2110,"COLEGIO MAYOR DE ANTIOQUIA",2025,2,"Antiguo",116077,"TECNOLOGÍA EN GESTIÓN DE PROCESOS DE REPOSTERÍA Y PANIFICACIÓN","Masculino",5001,"Antioquia","Medellín","Colombia","Urbana"
5432,2110,"COLEGIO MAYOR DE ANTIOQUIA",2025,2,"Antiguo",116077,"TECNOLOGÍA EN GESTIÓN DE PROCESOS DE REPOSTERÍA Y PANIFICACIÓN","Masculino",5001,"Antioquia","Medellín","Colombia","Urbana"
5433,2110,"COLEGIO MAYOR DE ANTIOQUIA",2025,2,"Antiguo",116077,"TECNOLOGÍA EN GESTIÓN DE PROCESOS DE REPOSTERÍA Y PANIFICACIÓN","Femenino",5001,"Antioquia","Medellín","Colombia","Urbana"
5434,2110,"COLEGIO MAYOR DE ANTIOQUIA",2025,2,"Antiguo",116077,"TECNOLOGÍA EN GESTIÓN DE PROCESOS DE REPOSTERÍA Y PANIFICACIÓN","Masculino",5001,"Antioquia","Copacabana","Colombia","Urbana"
5435,2110,"COLEGIO MAYOR DE ANTIOQUIA",2025,2,"Antiguo",116077,"TECNOLOGÍA EN GESTIÓN DE PROCESOS DE REPOSTERÍA Y PANIFICACIÓN","Femenino",5001,"Antioquia","Medellín","Colombia","Urbana"
5436,2110,"COLEGIO MAYOR DE ANTIOQUIA",2025,2,"Antiguo",116077,"TECNOLOGÍA EN GESTIÓN DE PROCESOS DE REPOSTERÍA Y PANIFICACIÓN","Femenino",5001,"Antioquia","Medellín","Colombia","Urbana"
5437,2110,"COLEGIO MAYOR DE ANTIOQUIA",2025,2,"Antiguo",116077,"TECNOLOGÍA EN GESTIÓN DE PROCESOS DE REPOSTERÍA Y PANIFICACIÓN","Masculino",5001,"Antioquia","Medellín","Colombia","Urbana"
5438,2110,"COLEGIO MAYOR DE ANTIOQUIA",2025,2,"Antiguo",116077,"TECNOLOGÍA EN GESTIÓN DE PROCESOS DE REPOSTERÍA Y PANIFICACIÓN","Femenino",5001,"Antioquia","Medellín","Colombia","Urbana"
5439,2110,"COLEGIO MAYOR DE ANTIOQUIA",2025,2,"Antiguo",116077,"TECNOLOGÍA EN GESTIÓN DE PROCESOS DE REPOSTERÍA Y PANIFICACIÓN","Masculino",5001,"Antioquia","Medellín","Colombia","Urbana"
5440,2110,"COLEGIO MAYOR DE ANTIOQUIA",2025,2,"Antiguo",116077,"TECNOLOGÍA EN GESTIÓN DE PROCESOS DE REPOSTERÍA Y PANIFICACIÓN","Masculino",5001,"Antioquia","Medellín","Colombia","Urbana"
5441,2110,"COLEGIO MAYOR DE ANTIOQUIA",2025,2,"Antiguo",116077,"TECNOLOGÍA EN GESTIÓN DE PROCESOS DE REPOSTERÍA Y PANIFICACIÓN","Femenino",5001,"Antioquia","Medellín","Colombia","Urbana"
5442,2110,"COLEGIO MAYOR DE ANTIOQUIA",2025,2,"Antiguo",116077,"TECNOLOGÍA EN GESTIÓN DE PROCESOS DE REPOSTERÍA Y PANIFICACIÓN","Femenino",5001,"Antioquia","Medellín","Colombia","Urbana"
5443,2110,"COLEGIO MAYOR DE ANTIOQUIA",2025,2,"Antiguo",116077,"TECNOLOGÍA EN GESTIÓN DE PROCESOS DE REPOSTERÍA Y PANIFICACIÓN","Femenino",5001,"Antioquia","Medellín","Colombia","Urbana"
5444,2110,"COLEGIO MAYOR DE ANTIOQUIA",2025,2,"Antiguo",116077,"TECNOLOGÍA EN GESTIÓN DE PROCESOS DE REPOSTERÍA Y PANIFICACIÓN","Masculino",5001,"Antioquia","Medellín","Colombia","Urbana"
5445,2110,"COLEGIO MAYOR DE ANTIOQUIA",2025,2,"Antiguo",116077,"TECNOLOGÍA EN GESTIÓN DE PROCESOS DE REPOSTERÍA Y PANIFICACIÓN","Femenino",5001,"Antioquia","Medellín","Colombia","Urbana"
5446,2110,"COLEGIO MAYOR DE ANTIOQUIA",2025,2,"Antiguo",116077,"TECNOLOGÍA EN GESTIÓN DE PROCESOS DE REPOSTERÍA Y PANIFICACIÓN","Masculino",5001,"Antioquia","Medellín","Colombia","Urbana"
5447,2110,"COLEGIO MAYOR DE ANTIOQUIA",2025,2,"Antiguo",116077,"TECNOLOGÍA EN GESTIÓN DE PROCESOS DE REPOSTERÍA Y PANIFICACIÓN","Femenino",5001,"Antioquia","Medellín","Colombia","Urbana"
5448,2110,"COLEGIO MAYOR DE ANTIOQUIA",2025,2,"Antiguo",116077,"TECNOLOGÍA EN GESTIÓN DE PROCESOS DE REPOSTERÍA Y PANIFICACIÓN","Femenino",5001,"Antioquia","Medellín","Colombia","Urbana"
5449,2110,"COLEGIO MAYOR DE ANTIOQUIA",2025,2,"Antiguo",116077,"TECNOLOGÍA EN GESTIÓN DE PROCESOS DE REPOSTERÍA Y PANIFICACIÓN","Masculino",5001,"Antioquia","Medellín","Colombia","Urbana"
5450,2110,"COLEGIO MAYOR DE ANTIOQUIA",2025,2,"Antiguo",116077,"TECNOLOGÍA EN GESTIÓN DE PROCESOS DE REPOSTERÍA Y PANIFICACIÓN","Femenino",5001,"Antioquia","Medellín","Colombia","Urbana"
5451,2110,"COLEGIO MAYOR DE ANTIOQUIA",2025,2,"Antiguo",116077,"TECNOLOGÍA EN GESTIÓN DE PROCESOS DE REPOSTERÍA Y PANIFICACIÓN","Femenino",5001,"Antioquia","Medellín","Colombia","Urbana"
5452,2110,"COLEGIO MAYOR DE ANTIOQUIA",2025,2,"Antiguo",116077,"TECNOLOGÍA EN GESTIÓN DE PROCESOS DE REPOSTERÍA Y PANIFICACIÓN","Masculino",5001,"Antioquia","Medellín","Colombia","Urbana"
5453,2110,"COLEGIO MAYOR DE ANTIOQUIA",2025,2,"Antiguo",116077,"TECNOLOGÍA EN GESTIÓN DE PROCESOS DE REPOSTERÍA Y PANIFICACIÓN","Femenino",5001,"Antioquia","Medellín","Colombia","Urbana"
5454,2110,"COLEGIO MAYOR DE ANTIOQUIA",2025,2,"Antiguo",116077,"TECNOLOGÍA EN GESTIÓN DE PROCESOS DE REPOSTERÍA Y PANIFICACIÓN","Masculino",5001,"Antioquia","Bello","Colombia","Urbana"
5455,2110,"COLEGIO MAYOR DE ANTIOQUIA",2025,2,"Antiguo",116077,"TECNOLOGÍA EN GESTIÓN DE PROCESOS DE REPOSTERÍA Y PANIFICACIÓN","Femenino",5001,"Antioquia","Medellín","Colombia","Urbana"
5456,2110,"COLEGIO MAYOR DE ANTIOQUIA",2025,2,"Antiguo",116077,"TECNOLOGÍA EN GESTIÓN DE PROCESOS DE REPOSTERÍA Y PANIFICACIÓN","Femenino",5001,"Antioquia","Medellín","Colombia","Urbana"
5457,2110,"COLEGIO MAYOR DE ANTIOQUIA",2025,2,"Antiguo",116077,"TECNOLOGÍA EN GESTIÓN DE PROCESOS DE REPOSTERÍA Y PANIFICACIÓN","Femenino",5001,"Antioquia","Medellín","Colombia","Urbana"
5458,2110,"COLEGIO MAYOR DE ANTIOQUIA",2025,2,"Antiguo",116077,"TECNOLOGÍA EN GESTIÓN DE PROCESOS DE REPOSTERÍA Y PANIFICACIÓN","Masculino",5001,"Antioquia","San Pedro","Colombia","Urbana"
5459,2110,"COLEGIO MAYOR DE ANTIOQUIA",2025,2,"Antiguo",116077,"TECNOLOGÍA EN GESTIÓN DE PROCESOS DE REPOSTERÍA Y PANIFICACIÓN","Masculino",5001,"Antioquia","Medellín","Colombia","Urbana"
5460,2110,"COLEGIO MAYOR DE ANTIOQUIA",2025,2,"Antiguo",116077,"TECNOLOGÍA EN GESTIÓN DE PROCESOS DE REPOSTERÍA Y PANIFICACIÓN","Femenino",5001,"Antioquia","Medellín","Colombia","Urbana"
5461,2110,"COLEGIO MAYOR DE ANTIOQUIA",2025,2,"Antiguo",116077,"TECNOLOGÍA EN GESTIÓN DE PROCESOS DE REPOSTERÍA Y PANIFICACIÓN","Femenino",5001,"Santander","El Carmen","Colombia","Urbana"
5462,2110,"COLEGIO MAYOR DE ANTIOQUIA",2025,2,"Antiguo",116077,"TECNOLOGÍA EN GESTIÓN DE PROCESOS DE REPOSTERÍA Y PANIFICACIÓN","Femenino",5001,"Antioquia","Medellín","Colombia","Urbana"
5463,2110,"COLEGIO MAYOR DE ANTIOQUIA",2025,2,"Antiguo",116077,"TECNOLOGÍA EN GESTIÓN DE PROCESOS DE REPOSTERÍA Y PANIFICACIÓN","Femenino",5001,"Antioquia","Medellín","Colombia","Urbana"
5464,2110,"COLEGIO MAYOR DE ANTIOQUIA",2025,2,"Antiguo",116077,"TECNOLOGÍA EN GESTIÓN DE PROCESOS DE REPOSTERÍA Y PANIFICACIÓN","Femenino",5001,"Antioquia","Medellín","Colombia","Urbana"
5465,2110,"COLEGIO MAYOR DE ANTIOQUIA",2025,2,"Antiguo",116077,"TECNOLOGÍA EN GESTIÓN DE PROCESOS DE REPOSTERÍA Y PANIFICACIÓN","Masculino",5001,"Antioquia","Medellín","Colombia","Urbana"
5466,2110,"COLEGIO MAYOR DE ANTIOQUIA",2025,2,"Antiguo",116077,"TECNOLOGÍA EN GESTIÓN DE PROCESOS DE REPOSTERÍA Y PANIFICACIÓN","Femenino",5001,"Antioquia","San Pedro","Colombia","Urbana"
5467,2110,"COLEGIO MAYOR DE ANTIOQUIA",2025,2,"Antiguo",116077,"TECNOLOGÍA EN GESTIÓN DE PROCESOS DE REPOSTERÍA Y PANIFICACIÓN","Femenino",5001,"Antioquia","Santa Rosa de Osos","Colombia","Urbana"
5468,2110,"COLEGIO MAYOR DE ANTIOQUIA",2025,2,"Antiguo",116077,"TECNOLOGÍA EN GESTIÓN DE PROCESOS DE REPOSTERÍA Y PANIFICACIÓN","Masculino",5001,"Antioquia","Medellín","Colombia","Urbana"
5469,2110,"COLEGIO MAYOR DE ANTIOQUIA",2025,2,"Antiguo",116077,"TECNOLOGÍA EN GESTIÓN DE PROCESOS DE REPOSTERÍA Y PANIFICACIÓN","Femenino",5001,"Antioquia","Medellín","Colombia","Urbana"
5470,2110,"COLEGIO MAYOR DE ANTIOQUIA",2025,2,"Antiguo",116077,"TECNOLOGÍA EN GESTIÓN DE PROCESOS DE REPOSTERÍA Y PANIFICACIÓN","Femenino",5001,"Antioquia","Medellín","Colombia","Urbana"
5471,2110,"COLEGIO MAYOR DE ANTIOQUIA",2025,2,"Antiguo",116077,"TECNOLOGÍA EN GESTIÓN DE PROCESOS DE REPOSTERÍA Y PANIFICACIÓN","Masculino",5001,"Antioquia","Medellín","Colombia","Urbana"
5472,2110,"COLEGIO MAYOR DE ANTIOQUIA",2025,2,"Antiguo",116077,"TECNOLOGÍA EN GESTIÓN DE PROCESOS DE REPOSTERÍA Y PANIFICACIÓN","Masculino",5001,"Nariño","Pasto","Colombia","Urbana"
5473,2110,"COLEGIO MAYOR DE ANTIOQUIA",2025,2,"Antiguo",116077,"TECNOLOGÍA EN GESTIÓN DE PROCESOS DE REPOSTERÍA Y PANIFICACIÓN","Femenino",5001,"Antioquia","Medellín","Colombia","Urbana"
5474,2110,"COLEGIO MAYOR DE ANTIOQUIA",2025,2,"Antiguo",116077,"TECNOLOGÍA EN GESTIÓN DE PROCESOS DE REPOSTERÍA Y PANIFICACIÓN","Femenino",5001,"Antioquia","Medellín","Colombia","Urbana"
5475,2110,"COLEGIO MAYOR DE ANTIOQUIA",2025,2,"Antiguo",116077,"TECNOLOGÍA EN GESTIÓN DE PROCESOS DE REPOSTERÍA Y PANIFICACIÓN","Femenino",5001,"Antioquia","Medellín","Colombia","Urbana"
5476,2110,"COLEGIO MAYOR DE ANTIOQUIA",2025,2,"Antiguo",116077,"TECNOLOGÍA EN GESTIÓN DE PROCESOS DE REPOSTERÍA Y PANIFICACIÓN","Femenino",5001,"Antioquia","Medellín","Colombia","Urbana"
5477,2110,"COLEGIO MAYOR DE ANTIOQUIA",2025,2,"Antiguo",116077,"TECNOLOGÍA EN GESTIÓN DE PROCESOS DE REPOSTERÍA Y PANIFICACIÓN","Femenino",5001,"Antioquia","Bello","Colombia","Urbana"
5478,2110,"COLEGIO MAYOR DE ANTIOQUIA",2025,2,"Antiguo",116077,"TECNOLOGÍA EN GESTIÓN DE PROCESOS DE REPOSTERÍA Y PANIFICACIÓN","Femenino",5001,"Antioquia","Medellín","Colombia","Urbana"
5479,2110,"COLEGIO MAYOR DE ANTIOQUIA",2025,2,"Antiguo",116077,"TECNOLOGÍA EN GESTIÓN DE PROCESOS DE REPOSTERÍA Y PANIFICACIÓN","Femenino",5001,"Antioquia","Medellín","Colombia","Urbana"
5480,2110,"COLEGIO MAYOR DE ANTIOQUIA",2025,2,"Antiguo",116077,"TECNOLOGÍA EN GESTIÓN DE PROCESOS DE REPOSTERÍA Y PANIFICACIÓN","Femenino",5001,"Antioquia","Copacabana","Colombia","Urbana"
5481,2110,"COLEGIO MAYOR DE ANTIOQUIA",2025,2,"Antiguo",116077,"TECNOLOGÍA EN GESTIÓN DE PROCESOS DE REPOSTERÍA Y PANIFICACIÓN","Masculino",5001,"Antioquia","Medellín","Colombia","Urbana"
5482,2110,"COLEGIO MAYOR DE ANTIOQUIA",2025,2,"Antiguo",116077,"TECNOLOGÍA EN GESTIÓN DE PROCESOS DE REPOSTERÍA Y PANIFICACIÓN","Femenino",5001,"Antioquia","Itagüí","Colombia","Urbana"
5483,2110,"COLEGIO MAYOR DE ANTIOQUIA",2025,2,"Antiguo",116077,"TECNOLOGÍA EN GESTIÓN DE PROCESOS DE REPOSTERÍA Y PANIFICACIÓN","Femenino",5001,"Antioquia","Medellín","Colombia","Urbana"
5484,2110,"COLEGIO MAYOR DE ANTIOQUIA",2025,2,"Antiguo",116077,"TECNOLOGÍA EN GESTIÓN DE PROCESOS DE REPOSTERÍA Y PANIFICACIÓN","Masculino",5001,"Antioquia","Medellín","Colombia","Urbana"
5485,2110,"COLEGIO MAYOR DE ANTIOQUIA",2025,2,"Antiguo",116077,"TECNOLOGÍA EN GESTIÓN DE PROCESOS DE REPOSTERÍA Y PANIFICACIÓN","Masculino",5001,"Antioquia","Santo Domingo","Colombia","Urbana"
5486,2110,"COLEGIO MAYOR DE ANTIOQUIA",2025,2,"Antiguo",116077,"TECNOLOGÍA EN GESTIÓN DE PROCESOS DE REPOSTERÍA Y PANIFICACIÓN","Masculino",5001,"Antioquia","Medellín","Colombia","Urbana"
5487,2110,"COLEGIO MAYOR DE ANTIOQUIA",2025,2,"Antiguo",116077,"TECNOLOGÍA EN GESTIÓN DE PROCESOS DE REPOSTERÍA Y PANIFICACIÓN","Femenino",5001,"Antioquia","Medellín","Colombia","Urbana"
5488,2110,"COLEGIO MAYOR DE ANTIOQUIA",2025,2,"Antiguo",116077,"TECNOLOGÍA EN GESTIÓN DE PROCESOS DE REPOSTERÍA Y PANIFICACIÓN","Masculino",5001,"Antioquia","Medellín","Colombia","Urbana"
5489,2110,"COLEGIO MAYOR DE ANTIOQUIA",2025,2,"Antiguo",116077,"TECNOLOGÍA EN GESTIÓN DE PROCESOS DE REPOSTERÍA Y PANIFICACIÓN","Femenino",5001,"Antioquia","Amalfi","Colombia","Urbana"
5490,2110,"COLEGIO MAYOR DE ANTIOQUIA",2025,2,"Antiguo",116077,"TECNOLOGÍA EN GESTIÓN DE PROCESOS DE REPOSTERÍA Y PANIFICACIÓN","Masculino",5001,"Antioquia","Medellín","Colombia","Urbana"
5491,2110,"COLEGIO MAYOR DE ANTIOQUIA",2025,2,"Antiguo",116077,"TECNOLOGÍA EN GESTIÓN DE PROCESOS DE REPOSTERÍA Y PANIFICACIÓN","Masculino",5001,"Antioquia","Medellín","Colombia","Urbana"
5492,2110,"COLEGIO MAYOR DE ANTIOQUIA",2025,2,"Antiguo",116077,"TECNOLOGÍA EN GESTIÓN DE PROCESOS DE REPOSTERÍA Y PANIFICACIÓN","Masculino",5001,"Antioquia","Medellín","Colombia","Urbana"
5493,2110,"COLEGIO MAYOR DE ANTIOQUIA",2025,2,"Antiguo",116077,"TECNOLOGÍA EN GESTIÓN DE PROCESOS DE REPOSTERÍA Y PANIFICACIÓN","Masculino",5001,"Antioquia","Medellín","Colombia","Urbana"
5494,2110,"COLEGIO MAYOR DE ANTIOQUIA",2025,2,"Antiguo",116077,"TECNOLOGÍA EN GESTIÓN DE PROCESOS DE REPOSTERÍA Y PANIFICACIÓN","Femenino",5001,"Antioquia","Medellín","Colombia","Urbana"
5495,2110,"COLEGIO MAYOR DE ANTIOQUIA",2025,2,"Antiguo",116077,"TECNOLOGÍA EN GESTIÓN DE PROCESOS DE REPOSTERÍA Y PANIFICACIÓN","Masculino",5001,"Antioquia","Girardota","Colombia","Urbana"
5496,2110,"COLEGIO MAYOR DE ANTIOQUIA",2025,2,"Antiguo",116077,"TECNOLOGÍA EN GESTIÓN DE PROCESOS DE REPOSTERÍA Y PANIFICACIÓN","Femenino",5001,"Antioquia","Medellín","Colombia","Urbana"
5497,2110,"COLEGIO MAYOR DE ANTIOQUIA",2025,2,"Antiguo",116077,"TECNOLOGÍA EN GESTIÓN DE PROCESOS DE REPOSTERÍA Y PANIFICACIÓN","Masculino",5001,"Antioquia","Bello","Colombia","Urbana"
5498,2110,"COLEGIO MAYOR DE ANTIOQUIA",2025,2,"Antiguo",116077,"TECNOLOGÍA EN GESTIÓN DE PROCESOS DE REPOSTERÍA Y PANIFICACIÓN","Femenino",5001,"Antioquia","Titiribí","Colombia","Urbana"
5499,2110,"COLEGIO MAYOR DE ANTIOQUIA",2025,2,"Antiguo",116077,"TECNOLOGÍA EN GESTIÓN DE PROCESOS DE REPOSTERÍA Y PANIFICACIÓN","Femenino",5001,"Antioquia","Envigado","Colombia","Urbana"
5500,2110,"COLEGIO MAYOR DE ANTIOQUIA",2025,2,"Antiguo",116077,"TECNOLOGÍA EN GESTIÓN DE PROCESOS DE REPOSTERÍA Y PANIFICACIÓN","Masculino",5001,"Antioquia","Medellín","Colombia","Urbana"
5501,2110,"COLEGIO MAYOR DE ANTIOQUIA",2025,2,"Antiguo",116077,"TECNOLOGÍA EN GESTIÓN DE PROCESOS DE REPOSTERÍA Y PANIFICACIÓN","Masculino",5001,"Antioquia","Copacabana","Colombia","Urbana"
5502,2110,"COLEGIO MAYOR DE ANTIOQUIA",2025,2,"Antiguo",116077,"TECNOLOGÍA EN GESTIÓN DE PROCESOS DE REPOSTERÍA Y PANIFICACIÓN","Femenino",5001,"Antioquia","Medellín","Colombia","Urbana"
5503,2110,"COLEGIO MAYOR DE ANTIOQUIA",2025,2,"Antiguo",116077,"TECNOLOGÍA EN GESTIÓN DE PROCESOS DE REPOSTERÍA Y PANIFICACIÓN","Femenino",5001,"Antioquia","Medellín","Colombia","Urbana"
5504,2110,"COLEGIO MAYOR DE ANTIOQUIA",2025,2,"Antiguo",116077,"TECNOLOGÍA EN GESTIÓN DE PROCESOS DE REPOSTERÍA Y PANIFICACIÓN","Masculino",5001,"Antioquia","Medellín","Colombia","Urbana"
5505,2110,"COLEGIO MAYOR DE ANTIOQUIA",2025,2,"Antiguo",116077,"TECNOLOGÍA EN GESTIÓN DE PROCESOS DE REPOSTERÍA Y PANIFICACIÓN","Masculino",5001,"Antioquia","Medellín","Colombia","Urbana"
5506,2110,"COLEGIO MAYOR DE ANTIOQUIA",2025,2,"Antiguo",116077,"TECNOLOGÍA EN GESTIÓN DE PROCESOS DE REPOSTERÍA Y PANIFICACIÓN","Femenino",5001,"Antioquia","Medellín","Colombia","Urbana"
5507,2110,"COLEGIO MAYOR DE ANTIOQUIA",2025,2,"Antiguo",116077,"TECNOLOGÍA EN GESTIÓN DE PROCESOS DE REPOSTERÍA Y PANIFICACIÓN","Femenino",5001,"Antioquia","Medellín","Colombia","Urbana"
5508,2110,"COLEGIO MAYOR DE ANTIOQUIA",2025,2,"Antiguo",116077,"TECNOLOGÍA EN GESTIÓN DE PROCESOS DE REPOSTERÍA Y PANIFICACIÓN","Masculino",5001,"Antioquia","Itagüí","Colombia","Urbana"
5509,2110,"COLEGIO MAYOR DE ANTIOQUIA",2025,2,"Antiguo",116077,"TECNOLOGÍA EN GESTIÓN DE PROCESOS DE REPOSTERÍA Y PANIFICACIÓN","Femenino",5001,"Antioquia","Medellín","Colombia","Urbana"
5510,2110,"COLEGIO MAYOR DE ANTIOQUIA",2025,2,"Antiguo",116077,"TECNOLOGÍA EN GESTIÓN DE PROCESOS DE REPOSTERÍA Y PANIFICACIÓN","Femenino",5001,"Antioquia","Medellín","Colombia","Urbana"
5511,2110,"COLEGIO MAYOR DE ANTIOQUIA",2025,2,"Antiguo",116077,"TECNOLOGÍA EN GESTIÓN DE PROCESOS DE REPOSTERÍA Y PANIFICACIÓN","Femenino",5001,"Antioquia","Medellín","Colombia","Urbana"
5512,2110,"COLEGIO MAYOR DE ANTIOQUIA",2025,2,"Antiguo",116077,"TECNOLOGÍA EN GESTIÓN DE PROCESOS DE REPOSTERÍA Y PANIFICACIÓN","Femenino",5001,"Antioquia","Medellín","Colombia","Urbana"
5513,2110,"COLEGIO MAYOR DE ANTIOQUIA",2025,2,"Antiguo",116077,"TECNOLOGÍA EN GESTIÓN DE PROCESOS DE REPOSTERÍA Y PANIFICACIÓN","Masculino",5001,"Antioquia","Medellín","Colombia","Urbana"
5514,2110,"COLEGIO MAYOR DE ANTIOQUIA",2025,2,"Antiguo",116077,"TECNOLOGÍA EN GESTIÓN DE PROCESOS DE REPOSTERÍA Y PANIFICACIÓN","Femenino",5001,"Antioquia","Medellín","Colombia","Urbana"
5515,2110,"COLEGIO MAYOR DE ANTIOQUIA",2025,2,"Antiguo",116077,"TECNOLOGÍA EN GESTIÓN DE PROCESOS DE REPOSTERÍA Y PANIFICACIÓN","Femenino",5001,"Antioquia","Medellín","Colombia","Urbana"
5516,2110,"COLEGIO MAYOR DE ANTIOQUIA",2025,2,"Antiguo",116077,"TECNOLOGÍA EN GESTIÓN DE PROCESOS DE REPOSTERÍA Y PANIFICACIÓN","Femenino",5001,"Antioquia","Envigado","Colombia","Urbana"
5517,2110,"COLEGIO MAYOR DE ANTIOQUIA",2025,2,"Antiguo",116077,"TECNOLOGÍA EN GESTIÓN DE PROCESOS DE REPOSTERÍA Y PANIFICACIÓN","Femenino",5001,"Antioquia","Medellín","Colombia","Urbana"
5518,2110,"COLEGIO MAYOR DE ANTIOQUIA",2025,2,"Antiguo",116077,"TECNOLOGÍA EN GESTIÓN DE PROCESOS DE REPOSTERÍA Y PANIFICACIÓN","Femenino",5001,"Antioquia","Medellín","Colombia","Urbana"
5519,2110,"COLEGIO MAYOR DE ANTIOQUIA",2025,2,"Reingreso",116077,"TECNOLOGÍA EN GESTIÓN DE PROCESOS DE REPOSTERÍA Y PANIFICACIÓN","Masculino",5001,"Antioquia","Medellín","Colombia","Urbana"
5520,2110,"COLEGIO MAYOR DE ANTIOQUIA",2025,2,"Reingreso",116077,"TECNOLOGÍA EN GESTIÓN DE PROCESOS DE REPOSTERÍA Y PANIFICACIÓN","Masculino",5001,"Antioquia","Itagüí","Colombia","Urbana"
5521,2110,"COLEGIO MAYOR DE ANTIOQUIA",2025,2,"Reingreso",116077,"TECNOLOGÍA EN GESTIÓN DE PROCESOS DE REPOSTERÍA Y PANIFICACIÓN","Masculino",5001,"Antioquia","Bello","Colombia","Urbana"
5522,2110,"COLEGIO MAYOR DE ANTIOQUIA",2025,2,"Reintegro",116077,"TECNOLOGÍA EN GESTIÓN DE PROCESOS DE REPOSTERÍA Y PANIFICACIÓN","Masculino",5001,"Antioquia","Medellín","Colombia","Urbana"
5523,2110,"COLEGIO MAYOR DE ANTIOQUIA",2025,2,"Nuevo",116076,"TECNOLOGÍA EN GESTIÓN COMERCIAL","Femenino",5001,"Antioquia","Medellín","Colombia","Urbana"
5524,2110,"COLEGIO MAYOR DE ANTIOQUIA",2025,2,"Nuevo",116076,"TECNOLOGÍA EN GESTIÓN COMERCIAL","Masculino",5001,"Antioquia","Medellín","Colombia","Urbana"
5525,2110,"COLEGIO MAYOR DE ANTIOQUIA",2025,2,"Nuevo",116076,"TECNOLOGÍA EN GESTIÓN COMERCIAL","Femenino",5001,"Antioquia","Medellín","Colombia","Urbana"
5526,2110,"COLEGIO MAYOR DE ANTIOQUIA",2025,2,"Nuevo",116076,"TECNOLOGÍA EN GESTIÓN COMERCIAL","Femenino",5001,"Antioquia","Copacabana","Colombia","Urbana"
5527,2110,"COLEGIO MAYOR DE ANTIOQUIA",2025,2,"Nuevo",116076,"TECNOLOGÍA EN GESTIÓN COMERCIAL","Masculino",5001,"Antioquia","Medellín","Colombia","Urbana"
5528,2110,"COLEGIO MAYOR DE ANTIOQUIA",2025,2,"Nuevo",116076,"TECNOLOGÍA EN GESTIÓN COMERCIAL","Masculino",5001,"Antioquia","Medellín","Colombia","Urbana"
5529,2110,"COLEGIO MAYOR DE ANTIOQUIA",2025,2,"Nuevo",116076,"TECNOLOGÍA EN GESTIÓN COMERCIAL","Masculino",5001,"Nariño","Ricaurte","Colombia","Urbana"
5530,2110,"COLEGIO MAYOR DE ANTIOQUIA",2025,2,"Nuevo",116076,"TECNOLOGÍA EN GESTIÓN COMERCIAL","Masculino",5001,"Antioquia","Medellín","Colombia","Urbana"
5531,2110,"COLEGIO MAYOR DE ANTIOQUIA",2025,2,"Nuevo",116076,"TECNOLOGÍA EN GESTIÓN COMERCIAL","Masculino",5001,"Antioquia","Medellín","Colombia","Urbana"
5532,2110,"COLEGIO MAYOR DE ANTIOQUIA",2025,2,"Nuevo",116076,"TECNOLOGÍA EN GESTIÓN COMERCIAL","Femenino",5001,"Antioquia","Medellín","Colombia","Urbana"
5533,2110,"COLEGIO MAYOR DE ANTIOQUIA",2025,2,"Nuevo",116076,"TECNOLOGÍA EN GESTIÓN COMERCIAL","Masculino",5001,"Antioquia","Frontino","Colombia","Urbana"
5534,2110,"COLEGIO MAYOR DE ANTIOQUIA",2025,2,"Nuevo",116076,"TECNOLOGÍA EN GESTIÓN COMERCIAL","Masculino",5001,"Antioquia","Medellín","Colombia","Urbana"
5535,2110,"COLEGIO MAYOR DE ANTIOQUIA",2025,2,"Nuevo",116076,"TECNOLOGÍA EN GESTIÓN COMERCIAL","Masculino",5001,"Antioquia","Medellín","Colombia","Urbana"
5536,2110,"COLEGIO MAYOR DE ANTIOQUIA",2025,2,"Nuevo",116076,"TECNOLOGÍA EN GESTIÓN COMERCIAL","Femenino",5001,"Antioquia","Medellín","Colombia","Urbana"
5537,2110,"COLEGIO MAYOR DE ANTIOQUIA",2025,2,"Nuevo",116076,"TECNOLOGÍA EN GESTIÓN COMERCIAL","Masculino",5001,"Antioquia","Medellín","Colombia","Urbana"
5538,2110,"COLEGIO MAYOR DE ANTIOQUIA",2025,2,"Nuevo",116076,"TECNOLOGÍA EN GESTIÓN COMERCIAL","Masculino",5001,"Antioquia","Medellín","Colombia","Urbana"
5539,2110,"COLEGIO MAYOR DE ANTIOQUIA",2025,2,"Nuevo",116076,"TECNOLOGÍA EN GESTIÓN COMERCIAL","Masculino",5001,"Antioquia","Medellín","Colombia","Urbana"
5540,2110,"COLEGIO MAYOR DE ANTIOQUIA",2025,2,"Nuevo",116076,"TECNOLOGÍA EN GESTIÓN COMERCIAL","Masculino",5001,"Antioquia","Medellín","Colombia","Urbana"
5541,2110,"COLEGIO MAYOR DE ANTIOQUIA",2025,2,"Nuevo",116076,"TECNOLOGÍA EN GESTIÓN COMERCIAL","Masculino",5001,"Antioquia","Medellín","Colombia","Urbana"
5542,2110,"COLEGIO MAYOR DE ANTIOQUIA",2025,2,"Nuevo",116076,"TECNOLOGÍA EN GESTIÓN COMERCIAL","Masculino",5001,"Antioquia","Medellín","Colombia","Urbana"
5543,2110,"COLEGIO MAYOR DE ANTIOQUIA",2025,2,"Nuevo",116076,"TECNOLOGÍA EN GESTIÓN COMERCIAL","Femenino",5001,"Antioquia","Medellín","Colombia","Urbana"
5544,2110,"COLEGIO MAYOR DE ANTIOQUIA",2025,2,"Nuevo",116076,"TECNOLOGÍA EN GESTIÓN COMERCIAL","Femenino",5001,"Antioquia","Medellín","Colombia","Urbana"
5545,2110,"COLEGIO MAYOR DE ANTIOQUIA",2025,2,"Nuevo",116076,"TECNOLOGÍA EN GESTIÓN COMERCIAL","Masculino",5001,"Antioquia","Medellín","Colombia","Urbana"
5546,2110,"COLEGIO MAYOR DE ANTIOQUIA",2025,2,"Nuevo",116076,"TECNOLOGÍA EN GESTIÓN COMERCIAL","Femenino",5001,"Antioquia","Medellín","Colombia","Urbana"
5547,2110,"COLEGIO MAYOR DE ANTIOQUIA",2025,2,"Nuevo",116076,"TECNOLOGÍA EN GESTIÓN COMERCIAL","Masculino",5001,"Antioquia","Medellín","Colombia","Urbana"
5548,2110,"COLEGIO MAYOR DE ANTIOQUIA",2025,2,"Antiguo",116076,"TECNOLOGÍA EN GESTIÓN COMERCIAL","Femenino",5001,"Antioquia","Medellín","Colombia","Urbana"
5549,2110,"COLEGIO MAYOR DE ANTIOQUIA",2025,2,"Antiguo",116076,"TECNOLOGÍA EN GESTIÓN COMERCIAL","Femenino",5001,"Antioquia","Medellín","Colombia","Urbana"
5550,2110,"COLEGIO MAYOR DE ANTIOQUIA",2025,2,"Antiguo",116076,"TECNOLOGÍA EN GESTIÓN COMERCIAL","Masculino",5001,"Antioquia","Medellín","Colombia","Urbana"
5551,2110,"COLEGIO MAYOR DE ANTIOQUIA",2025,2,"Antiguo",116076,"TECNOLOGÍA EN GESTIÓN COMERCIAL","Masculino",5001,"Antioquia","Medellín","Colombia","Urbana"
5552,2110,"COLEGIO MAYOR DE ANTIOQUIA",2025,2,"Antiguo",116076,"TECNOLOGÍA EN GESTIÓN COMERCIAL","Masculino",5001,"Antioquia","Bello","Colombia","Urbana"
5553,2110,"COLEGIO MAYOR DE ANTIOQUIA",2025,2,"Antiguo",116076,"TECNOLOGÍA EN GESTIÓN COMERCIAL","Femenino",5001,"Antioquia","Medellín","Colombia","Urbana"
5554,2110,"COLEGIO MAYOR DE ANTIOQUIA",2025,2,"Antiguo",116076,"TECNOLOGÍA EN GESTIÓN COMERCIAL","Masculino",5001,"Antioquia","Medellín","Colombia","Urbana"
5555,2110,"COLEGIO MAYOR DE ANTIOQUIA",2025,2,"Antiguo",116076,"TECNOLOGÍA EN GESTIÓN COMERCIAL","Femenino",5001,"Antioquia","Medellín","Colombia","Urbana"
5556,2110,"COLEGIO MAYOR DE ANTIOQUIA",2025,2,"Antiguo",116076,"TECNOLOGÍA EN GESTIÓN COMERCIAL","Masculino",5001,"Antioquia","Medellín","Colombia","Urbana"
5557,2110,"COLEGIO MAYOR DE ANTIOQUIA",2025,2,"Antiguo",116076,"TECNOLOGÍA EN GESTIÓN COMERCIAL","Femenino",5001,"Antioquia","Medellín","Colombia","Urbana"
5558,2110,"COLEGIO MAYOR DE ANTIOQUIA",2025,2,"Antiguo",116076,"TECNOLOGÍA EN GESTIÓN COMERCIAL","Femenino",5001,"Antioquia","Itagüí","Colombia","Urbana"
5559,2110,"COLEGIO MAYOR DE ANTIOQUIA",2025,2,"Antiguo",116076,"TECNOLOGÍA EN GESTIÓN COMERCIAL","Femenino",5001,"Antioquia","Medellín","Colombia","Urbana"
5560,2110,"COLEGIO MAYOR DE ANTIOQUIA",2025,2,"Antiguo",116076,"TECNOLOGÍA EN GESTIÓN COMERCIAL","Masculino",5001,"Antioquia","Medellín","Colombia","Urbana"
5561,2110,"COLEGIO MAYOR DE ANTIOQUIA",2025,2,"Antiguo",116076,"TECNOLOGÍA EN GESTIÓN COMERCIAL","Femenino",5001,"Antioquia","Medellín","Colombia","Urbana"
5562,2110,"COLEGIO MAYOR DE ANTIOQUIA",2025,2,"Antiguo",116076,"TECNOLOGÍA EN GESTIÓN COMERCIAL","Masculino",5001,"Antioquia","Medellín","Colombia","Urbana"
5563,2110,"COLEGIO MAYOR DE ANTIOQUIA",2025,2,"Antiguo",116076,"TECNOLOGÍA EN GESTIÓN COMERCIAL","Masculino",5001,"Antioquia","Medellín","Colombia","Urbana"
5564,2110,"COLEGIO MAYOR DE ANTIOQUIA",2025,2,"Antiguo",116076,"TECNOLOGÍA EN GESTIÓN COMERCIAL","Masculino",5001,"Antioquia","Medellín","Colombia","Urbana"
5565,2110,"COLEGIO MAYOR DE ANTIOQUIA",2025,2,"Antiguo",116076,"TECNOLOGÍA EN GESTIÓN COMERCIAL","Femenino",5001,"Antioquia","Guadalupe","Colombia","Urbana"
5566,2110,"COLEGIO MAYOR DE ANTIOQUIA",2025,2,"Antiguo",116076,"TECNOLOGÍA EN GESTIÓN COMERCIAL","Masculino",5001,"Antioquia","Medellín","Colombia","Urbana"
5567,2110,"COLEGIO MAYOR DE ANTIOQUIA",2025,2,"Antiguo",116076,"TECNOLOGÍA EN GESTIÓN COMERCIAL","Femenino",5001,"Antioquia","Medellín","Colombia","Urbana"
5568,2110,"COLEGIO MAYOR DE ANTIOQUIA",2025,2,"Antiguo",116076,"TECNOLOGÍA EN GESTIÓN COMERCIAL","Masculino",5001,"Antioquia","Medellín","Colombia","Urbana"
5569,2110,"COLEGIO MAYOR DE ANTIOQUIA",2025,2,"Antiguo",116076,"TECNOLOGÍA EN GESTIÓN COMERCIAL","Femenino",5001,"Antioquia","Medellín","Colombia","Urbana"
5570,2110,"COLEGIO MAYOR DE ANTIOQUIA",2025,2,"Antiguo",116076,"TECNOLOGÍA EN GESTIÓN COMERCIAL","Masculino",5001,"Antioquia","Medellín","Colombia","Urbana"
5571,2110,"COLEGIO MAYOR DE ANTIOQUIA",2025,2,"Antiguo",116076,"TECNOLOGÍA EN GESTIÓN COMERCIAL","Femenino",5001,"Antioquia","Medellín","Colombia","Urbana"
5572,2110,"COLEGIO MAYOR DE ANTIOQUIA",2025,2,"Antiguo",116076,"TECNOLOGÍA EN GESTIÓN COMERCIAL","Masculino",5001,"Antioquia","Medellín","Colombia","Urbana"
5573,2110,"COLEGIO MAYOR DE ANTIOQUIA",2025,2,"Antiguo",116076,"TECNOLOGÍA EN GESTIÓN COMERCIAL","Femenino",5001,"Antioquia","Medellín","Colombia","Urbana"
5574,2110,"COLEGIO MAYOR DE ANTIOQUIA",2025,2,"Antiguo",116076,"TECNOLOGÍA EN GESTIÓN COMERCIAL","Femenino",5001,"Antioquia","Medellín","Colombia","Urbana"
5575,2110,"COLEGIO MAYOR DE ANTIOQUIA",2025,2,"Antiguo",116076,"TECNOLOGÍA EN GESTIÓN COMERCIAL","Masculino",5001,"Antioquia","Medellín","Colombia","Urbana"
5576,2110,"COLEGIO MAYOR DE ANTIOQUIA",2025,2,"Antiguo",116076,"TECNOLOGÍA EN GESTIÓN COMERCIAL","Masculino",5001,"Antioquia","Medellín","Colombia","Urbana"
5577,2110,"COLEGIO MAYOR DE ANTIOQUIA",2025,2,"Antiguo",116076,"TECNOLOGÍA EN GESTIÓN COMERCIAL","Femenino",5001,"Antioquia","Medellín","Colombia","Urbana"
5578,2110,"COLEGIO MAYOR DE ANTIOQUIA",2025,2,"Antiguo",116076,"TECNOLOGÍA EN GESTIÓN COMERCIAL","Femenino",5001,"Antioquia","La Estrella","Colombia","Urbana"
5579,2110,"COLEGIO MAYOR DE ANTIOQUIA",2025,2,"Antiguo",116076,"TECNOLOGÍA EN GESTIÓN COMERCIAL","Femenino",5001,"Antioquia","Copacabana","Colombia","Urbana"
5580,2110,"COLEGIO MAYOR DE ANTIOQUIA",2025,2,"Antiguo",116076,"TECNOLOGÍA EN GESTIÓN COMERCIAL","Masculino",5001,"Antioquia","Medellín","Colombia","Urbana"
5581,2110,"COLEGIO MAYOR DE ANTIOQUIA",2025,2,"Antiguo",116076,"TECNOLOGÍA EN GESTIÓN COMERCIAL","Masculino",5001,"Antioquia","Medellín","Colombia","Urbana"
5582,2110,"COLEGIO MAYOR DE ANTIOQUIA",2025,2,"Antiguo",116076,"TECNOLOGÍA EN GESTIÓN COMERCIAL","Masculino",5001,"Antioquia","Medellín","Colombia","Urbana"
5583,2110,"COLEGIO MAYOR DE ANTIOQUIA",2025,2,"Antiguo",116076,"TECNOLOGÍA EN GESTIÓN COMERCIAL","Femenino",5001,"Antioquia","Medellín","Colombia","Urbana"
5584,2110,"COLEGIO MAYOR DE ANTIOQUIA",2025,2,"Antiguo",116076,"TECNOLOGÍA EN GESTIÓN COMERCIAL","Femenino",5001,"Antioquia","Medellín","Colombia","Urbana"
5585,2110,"COLEGIO MAYOR DE ANTIOQUIA",2025,2,"Antiguo",116076,"TECNOLOGÍA EN GESTIÓN COMERCIAL","Femenino",5001,"Antioquia","Medellín","Colombia","Urbana"
5586,2110,"COLEGIO MAYOR DE ANTIOQUIA",2025,2,"Antiguo",116076,"TECNOLOGÍA EN GESTIÓN COMERCIAL","Masculino",5001,"Antioquia","Medellín","Colombia","Urbana"
5587,2110,"COLEGIO MAYOR DE ANTIOQUIA",2025,2,"Antiguo",116076,"TECNOLOGÍA EN GESTIÓN COMERCIAL","Femenino",5001,"Antioquia","Medellín","Colombia","Urbana"
5588,2110,"COLEGIO MAYOR DE ANTIOQUIA",2025,2,"Antiguo",116076,"TECNOLOGÍA EN GESTIÓN COMERCIAL","Masculino",5001,"Antioquia","Bello","Colombia","Urbana"
5589,2110,"COLEGIO MAYOR DE ANTIOQUIA",2025,2,"Antiguo",116076,"TECNOLOGÍA EN GESTIÓN COMERCIAL","Masculino",5001,"Antioquia","Medellín","Colombia","Urbana"
5590,2110,"COLEGIO MAYOR DE ANTIOQUIA",2025,2,"Nuevo",116180,"MAESTRÍA EN ALTA DIRECCIÓN DE LAS ORGANIZACIONES","Masculino",5001,"Antioquia","Medellín","Colombia","Urbana"
5591,2110,"COLEGIO MAYOR DE ANTIOQUIA",2025,2,"Nuevo",116180,"MAESTRÍA EN ALTA DIRECCIÓN DE LAS ORGANIZACIONES","Masculino",5001,"Antioquia","Envigado","Colombia","Urbana"
5592,2110,"COLEGIO MAYOR DE ANTIOQUIA",2025,2,"Nuevo",116180,"MAESTRÍA EN ALTA DIRECCIÓN DE LAS ORGANIZACIONES","Masculino",5001,"Antioquia","Bello","Colombia","Urbana"
5593,2110,"COLEGIO MAYOR DE ANTIOQUIA",2025,2,"Nuevo",116180,"MAESTRÍA EN ALTA DIRECCIÓN DE LAS ORGANIZACIONES","Masculino",5001,"Antioquia","Medellín","Colombia","Urbana"
5594,2110,"COLEGIO MAYOR DE ANTIOQUIA",2025,2,"Nuevo",116180,"MAESTRÍA EN ALTA DIRECCIÓN DE LAS ORGANIZACIONES","Masculino",5001,"Antioquia","Medellín","Colombia","Urbana"
5595,2110,"COLEGIO MAYOR DE ANTIOQUIA",2025,2,"Nuevo",116180,"MAESTRÍA EN ALTA DIRECCIÓN DE LAS ORGANIZACIONES","Femenino",5001,"Antioquia","Medellín","Colombia","Urbana"
5596,2110,"COLEGIO MAYOR DE ANTIOQUIA",2025,2,"Nuevo",116180,"MAESTRÍA EN ALTA DIRECCIÓN DE LAS ORGANIZACIONES","Femenino",5001,"Antioquia","Medellín","Colombia","Urbana"
5597,2110,"COLEGIO MAYOR DE ANTIOQUIA",2025,2,"Nuevo",116180,"MAESTRÍA EN ALTA DIRECCIÓN DE LAS ORGANIZACIONES","Masculino",5001,"Antioquia","Medellín","Colombia","Urbana"
5598,2110,"COLEGIO MAYOR DE ANTIOQUIA",2025,2,"Antiguo",116180,"MAESTRÍA EN ALTA DIRECCIÓN DE LAS ORGANIZACIONES","Masculino",5001,"Antioquia","Medellín","Colombia","Urbana"
5599,2110,"COLEGIO MAYOR DE ANTIOQUIA",2025,2,"Antiguo",116180,"MAESTRÍA EN ALTA DIRECCIÓN DE LAS ORGANIZACIONES","Femenino",5001,"Antioquia","Medellín","Colombia","Urbana"
5600,2110,"COLEGIO MAYOR DE ANTIOQUIA",2025,2,"Antiguo",116180,"MAESTRÍA EN ALTA DIRECCIÓN DE LAS ORGANIZACIONES","Masculino",5001,"Antioquia","Sabaneta","Colombia","Urbana"
5601,2110,"COLEGIO MAYOR DE ANTIOQUIA",2025,2,"Antiguo",116180,"MAESTRÍA EN ALTA DIRECCIÓN DE LAS ORGANIZACIONES","Femenino",5001,"Antioquia","Medellín","Colombia","Urbana"
5602,2110,"COLEGIO MAYOR DE ANTIOQUIA",2025,2,"Antiguo",116180,"MAESTRÍA EN ALTA DIRECCIÓN DE LAS ORGANIZACIONES","Femenino",5001,"Antioquia","Medellín","Colombia","Urbana"
5603,2110,"COLEGIO MAYOR DE ANTIOQUIA",2025,2,"Antiguo",116180,"MAESTRÍA EN ALTA DIRECCIÓN DE LAS ORGANIZACIONES","Femenino",5001,"Antioquia","Medellín","Colombia","Urbana"
5604,2110,"COLEGIO MAYOR DE ANTIOQUIA",2025,2,"Antiguo",116180,"MAESTRÍA EN ALTA DIRECCIÓN DE LAS ORGANIZACIONES","Femenino",5001,"Antioquia","Medellín","Colombia","Urbana"
5605,2110,"COLEGIO MAYOR DE ANTIOQUIA",2025,2,"Antiguo",116180,"MAESTRÍA EN ALTA DIRECCIÓN DE LAS ORGANIZACIONES","Femenino",5001,"Antioquia","Medellín","Colombia","Urbana"
5606,2110,"COLEGIO MAYOR DE ANTIOQUIA",2025,2,"Antiguo",116180,"MAESTRÍA EN ALTA DIRECCIÓN DE LAS ORGANIZACIONES","Masculino",5001,"Antioquia","Medellín","Colombia","Urbana"
5607,2110,"COLEGIO MAYOR DE ANTIOQUIA",2025,2,"Antiguo",116180,"MAESTRÍA EN ALTA DIRECCIÓN DE LAS ORGANIZACIONES","Masculino",5001,"Antioquia","Medellín","Colombia","Urbana"
5608,2110,"COLEGIO MAYOR DE ANTIOQUIA",2025,2,"Antiguo",116180,"MAESTRÍA EN ALTA DIRECCIÓN DE LAS ORGANIZACIONES","Femenino",5001,"Antioquia","Medellín","Colombia","Urbana"
5609,2110,"COLEGIO MAYOR DE ANTIOQUIA",2025,2,"Antiguo",116180,"MAESTRÍA EN ALTA DIRECCIÓN DE LAS ORGANIZACIONES","Femenino",5001,"Antioquia","Medellín","Colombia","Urbana"
5610,2110,"COLEGIO MAYOR DE ANTIOQUIA",2025,2,"Nuevo",116516,"TECNOLOGIA EN GESTION TURISTICA RU (VIRTUAL)","Femenino",5001,"Antioquia","El Carmen de Viboral","Colombia","Urbana"
5611,2110,"COLEGIO MAYOR DE ANTIOQUIA",2025,2,"Nuevo",116516,"TECNOLOGIA EN GESTION TURISTICA RU (VIRTUAL)","Femenino",5001,"Antioquia","Bello","Colombia","Urbana"
5612,2110,"COLEGIO MAYOR DE ANTIOQUIA",2025,2,"Nuevo",116516,"TECNOLOGIA EN GESTION TURISTICA RU (VIRTUAL)","Femenino",5001,"Cundinamarca","La Calera","Colombia","Urbana"
5613,2110,"COLEGIO MAYOR DE ANTIOQUIA",2025,2,"Nuevo",116516,"TECNOLOGIA EN GESTION TURISTICA RU (VIRTUAL)","Masculino",5001,"Antioquia","Bello","Colombia","Urbana"
5614,2110,"COLEGIO MAYOR DE ANTIOQUIA",2025,2,"Nuevo",116516,"TECNOLOGIA EN GESTION TURISTICA RU (VIRTUAL)","Femenino",5001,"Antioquia","Medellín","Colombia","Urbana"
5615,2110,"COLEGIO MAYOR DE ANTIOQUIA",2025,2,"Nuevo",116516,"TECNOLOGIA EN GESTION TURISTICA RU (VIRTUAL)","Femenino",5001,"Antioquia","Copacabana","Colombia","Urbana"
5616,2110,"COLEGIO MAYOR DE ANTIOQUIA",2025,2,"Nuevo",116516,"TECNOLOGIA EN GESTION TURISTICA RU (VIRTUAL)","Masculino",5001,"Antioquia","Bello","Colombia","Urbana"
5617,2110,"COLEGIO MAYOR DE ANTIOQUIA",2025,2,"Nuevo",116516,"TECNOLOGIA EN GESTION TURISTICA RU (VIRTUAL)","Masculino",5001,"Antioquia","Medellín","Colombia","Urbana"
5618,2110,"COLEGIO MAYOR DE ANTIOQUIA",2025,2,"Nuevo",116516,"TECNOLOGIA EN GESTION TURISTICA RU (VIRTUAL)","Masculino",5001,"Antioquia","Medellín","Colombia","Urbana"
5619,2110,"COLEGIO MAYOR DE ANTIOQUIA",2025,2,"Nuevo",116516,"TECNOLOGIA EN GESTION TURISTICA RU (VIRTUAL)","Masculino",5001,"Antioquia","Marinilla","Colombia","Urbana"
5620,2110,"COLEGIO MAYOR DE ANTIOQUIA",2025,2,"Nuevo",116516,"TECNOLOGIA EN GESTION TURISTICA RU (VIRTUAL)","Masculino",5001,"Antioquia","El Carmen de Viboral","Colombia","Urbana"
5621,2110,"COLEGIO MAYOR DE ANTIOQUIA",2025,2,"Nuevo",116516,"TECNOLOGIA EN GESTION TURISTICA RU (VIRTUAL)","Femenino",5001,"Antioquia","Apartadó","Colombia","Urbana"
5622,2110,"COLEGIO MAYOR DE ANTIOQUIA",2025,2,"Nuevo",116516,"TECNOLOGIA EN GESTION TURISTICA RU (VIRTUAL)","Femenino",5001,"Antioquia","Urrao","Colombia","Urbana"
5623,2110,"COLEGIO MAYOR DE ANTIOQUIA",2025,2,"Antiguo",116516,"TECNOLOGIA EN GESTION TURISTICA RU (VIRTUAL)","Femenino",5001,"Antioquia","Envigado","Colombia","Urbana"
5624,2110,"COLEGIO MAYOR DE ANTIOQUIA",2025,2,"Antiguo",116516,"TECNOLOGIA EN GESTION TURISTICA RU (VIRTUAL)","Femenino",5001,"Antioquia","Peñol","Colombia","Urbana"
5625,2110,"COLEGIO MAYOR DE ANTIOQUIA",2025,2,"Antiguo",116516,"TECNOLOGIA EN GESTION TURISTICA RU (VIRTUAL)","Masculino",5001,"Antioquia","Uramita","Colombia","Urbana"
5626,2110,"COLEGIO MAYOR DE ANTIOQUIA",2025,2,"Antiguo",116516,"TECNOLOGIA EN GESTION TURISTICA RU (VIRTUAL)","Femenino",5001,"Meta","Cabuyaro","Colombia","Urbana"
5627,2110,"COLEGIO MAYOR DE ANTIOQUIA",2025,2,"Antiguo",116516,"TECNOLOGIA EN GESTION TURISTICA RU (VIRTUAL)","Femenino",5001,"Antioquia","Venecia","Colombia","Urbana"
5628,2110,"COLEGIO MAYOR DE ANTIOQUIA",2025,2,"Antiguo",116516,"TECNOLOGIA EN GESTION TURISTICA RU (VIRTUAL)","Femenino",5001,"Chocó","Acandí","Colombia","Urbana"
5629,2110,"COLEGIO MAYOR DE ANTIOQUIA",2025,2,"Antiguo",116516,"TECNOLOGIA EN GESTION TURISTICA RU (VIRTUAL)","Femenino",5001,"Caldas","Pácora","Colombia","Urbana"
5630,2110,"COLEGIO MAYOR DE ANTIOQUIA",2025,2,"Antiguo",116516,"TECNOLOGIA EN GESTION TURISTICA RU (VIRTUAL)","Femenino",5001,"Antioquia","Entrerríos","Colombia","Urbana"
5631,2110,"COLEGIO MAYOR DE ANTIOQUIA",2025,2,"Antiguo",116516,"TECNOLOGIA EN GESTION TURISTICA RU (VIRTUAL)","Femenino",5001,"Antioquia","Peñol","Colombia","Urbana"
5632,2110,"COLEGIO MAYOR DE ANTIOQUIA",2025,2,"Antiguo",116516,"TECNOLOGIA EN GESTION TURISTICA RU (VIRTUAL)","Femenino",5001,"Antioquia","Medellín","Colombia","Urbana"
5633,2110,"COLEGIO MAYOR DE ANTIOQUIA",2025,2,"Antiguo",116516,"TECNOLOGIA EN GESTION TURISTICA RU (VIRTUAL)","Femenino",5001,"Antioquia","Turbo","Colombia","Urbana"
5634,2110,"COLEGIO MAYOR DE ANTIOQUIA",2025,2,"Antiguo",116516,"TECNOLOGIA EN GESTION TURISTICA RU (VIRTUAL)","Femenino",5001,"Bolívar","Arjona","Colombia","Urbana"
5635,2110,"COLEGIO MAYOR DE ANTIOQUIA",2025,2,"Antiguo",116516,"TECNOLOGIA EN GESTION TURISTICA RU (VIRTUAL)","Femenino",5001,"Antioquia","Apartadó","Colombia","Urbana"
5636,2110,"COLEGIO MAYOR DE ANTIOQUIA",2025,2,"Antiguo",116516,"TECNOLOGIA EN GESTION TURISTICA RU (VIRTUAL)","Femenino",5001,"Antioquia","Venecia","Colombia","Urbana"
5637,2110,"COLEGIO MAYOR DE ANTIOQUIA",2025,2,"Antiguo",116516,"TECNOLOGIA EN GESTION TURISTICA RU (VIRTUAL)","Masculino",5001,"Chocó","Acandí","Colombia","Urbana"
5638,2110,"COLEGIO MAYOR DE ANTIOQUIA",2025,2,"Antiguo",116516,"TECNOLOGIA EN GESTION TURISTICA RU (VIRTUAL)","Masculino",5001,"Chocó","Acandí","Colombia","Urbana"
5639,2110,"COLEGIO MAYOR DE ANTIOQUIA",2025,2,"Nuevo",116770,"TECNOLOGIA EN GESTION DE GUIANZA TURISTICA RU (VIRTUAL)","Masculino",5001,"Antioquia","Venecia","Colombia","Urbana"
5640,2110,"COLEGIO MAYOR DE ANTIOQUIA",2025,2,"Nuevo",116770,"TECNOLOGIA EN GESTION DE GUIANZA TURISTICA RU (VIRTUAL)","Masculino",5001,"Antioquia","Venecia","Colombia","Urbana"
5641,2110,"COLEGIO MAYOR DE ANTIOQUIA",2025,2,"Nuevo",116770,"TECNOLOGIA EN GESTION DE GUIANZA TURISTICA RU (VIRTUAL)","Femenino",5001,"Antioquia","Venecia","Colombia","Urbana"
5642,2110,"COLEGIO MAYOR DE ANTIOQUIA",2025,2,"Nuevo",116770,"TECNOLOGIA EN GESTION DE GUIANZA TURISTICA RU (VIRTUAL)","Masculino",5001,"Antioquia","Venecia","Colombia","Urbana"
5643,2110,"COLEGIO MAYOR DE ANTIOQUIA",2025,2,"Nuevo",116770,"TECNOLOGIA EN GESTION DE GUIANZA TURISTICA RU (VIRTUAL)","Femenino",5001,"Antioquia","Medellín","Colombia","Urbana"
5644,2110,"COLEGIO MAYOR DE ANTIOQUIA",2025,2,"Nuevo",116770,"TECNOLOGIA EN GESTION DE GUIANZA TURISTICA RU (VIRTUAL)","Femenino",5001,"Quindío","Pijao","Colombia","Urbana"
5645,2110,"COLEGIO MAYOR DE ANTIOQUIA",2025,2,"Nuevo",116770,"TECNOLOGIA EN GESTION DE GUIANZA TURISTICA RU (VIRTUAL)","Masculino",5001,"Santander","Barbosa","Colombia","Urbana"
5646,2110,"COLEGIO MAYOR DE ANTIOQUIA",2025,2,"Nuevo",116770,"TECNOLOGIA EN GESTION DE GUIANZA TURISTICA RU (VIRTUAL)","Masculino",5001,"Huila","Paicol","Colombia","Urbana"
5647,2110,"COLEGIO MAYOR DE ANTIOQUIA",2025,2,"Nuevo",116770,"TECNOLOGIA EN GESTION DE GUIANZA TURISTICA RU (VIRTUAL)","Masculino",5001,"Amazonas","Leticia","Colombia","Urbana"
5648,2110,"COLEGIO MAYOR DE ANTIOQUIA",2025,2,"Nuevo",116770,"TECNOLOGIA EN GESTION DE GUIANZA TURISTICA RU (VIRTUAL)","Masculino",5001,"Tolima","Coello","Colombia","Urbana"
5649,2110,"COLEGIO MAYOR DE ANTIOQUIA",2025,2,"Nuevo",116770,"TECNOLOGIA EN GESTION DE GUIANZA TURISTICA RU (VIRTUAL)","Femenino",5001,"Antioquia","La Estrella","Colombia","Urbana"
5650,2110,"COLEGIO MAYOR DE ANTIOQUIA",2025,2,"Nuevo",116770,"TECNOLOGIA EN GESTION DE GUIANZA TURISTICA RU (VIRTUAL)","Masculino",5001,"Caldas","Samaná","Colombia","Urbana"
5651,2110,"COLEGIO MAYOR DE ANTIOQUIA",2025,2,"Nuevo",116770,"TECNOLOGIA EN GESTION DE GUIANZA TURISTICA RU (VIRTUAL)","Femenino",5001,"Amazonas","Leticia","Colombia","Urbana"
5652,2110,"COLEGIO MAYOR DE ANTIOQUIA",2025,2,"Nuevo",116770,"TECNOLOGIA EN GESTION DE GUIANZA TURISTICA RU (VIRTUAL)","Femenino",5001,"Antioquia","Bello","Colombia","Urbana"
5653,2110,"COLEGIO MAYOR DE ANTIOQUIA",2025,2,"Nuevo",116770,"TECNOLOGIA EN GESTION DE GUIANZA TURISTICA RU (VIRTUAL)","Masculino",5001,"Amazonas","Leticia","Colombia","Urbana"
5654,2110,"COLEGIO MAYOR DE ANTIOQUIA",2025,2,"Nuevo",116770,"TECNOLOGIA EN GESTION DE GUIANZA TURISTICA RU (VIRTUAL)","Femenino",5001,"Amazonas","Leticia","Colombia","Urbana"
5655,2110,"COLEGIO MAYOR DE ANTIOQUIA",2025,2,"Nuevo",116770,"TECNOLOGIA EN GESTION DE GUIANZA TURISTICA RU (VIRTUAL)","Masculino",5001,"Amazonas","Leticia","Colombia","Urbana"
5656,2110,"COLEGIO MAYOR DE ANTIOQUIA",2025,2,"Nuevo",116770,"TECNOLOGIA EN GESTION DE GUIANZA TURISTICA RU (VIRTUAL)","Masculino",5001,"Amazonas","Leticia","Colombia","Urbana"
5657,2110,"COLEGIO MAYOR DE ANTIOQUIA",2025,2,"Nuevo",116770,"TECNOLOGIA EN GESTION DE GUIANZA TURISTICA RU (VIRTUAL)","Femenino",5001,"Meta","La Macarena","Colombia","Urbana"
5658,2110,"COLEGIO MAYOR DE ANTIOQUIA",2025,2,"Nuevo",116770,"TECNOLOGIA EN GESTION DE GUIANZA TURISTICA RU (VIRTUAL)","Masculino",5001,"Antioquia","Itagüí","Colombia","Urbana"
5659,2110,"COLEGIO MAYOR DE ANTIOQUIA",2025,2,"Nuevo",116770,"TECNOLOGIA EN GESTION DE GUIANZA TURISTICA RU (VIRTUAL)","Masculino",5001,"Amazonas","Leticia","Colombia","Urbana"
5660,2110,"COLEGIO MAYOR DE ANTIOQUIA",2025,2,"Nuevo",116770,"TECNOLOGIA EN GESTION DE GUIANZA TURISTICA RU (VIRTUAL)","Masculino",5001,"Cundinamarca","Nocaima","Colombia","Urbana"
5661,2110,"COLEGIO MAYOR DE ANTIOQUIA",2025,2,"Nuevo",116770,"TECNOLOGIA EN GESTION DE GUIANZA TURISTICA RU (VIRTUAL)","Masculino",5001,"Nariño","Ipiales","Colombia","Urbana"
5662,2110,"COLEGIO MAYOR DE ANTIOQUIA",2025,2,"Nuevo",116770,"TECNOLOGIA EN GESTION DE GUIANZA TURISTICA RU (VIRTUAL)","Femenino",5001,"Antioquia","Medellín","Colombia","Urbana"
5663,2110,"COLEGIO MAYOR DE ANTIOQUIA",2025,2,"Nuevo",116770,"TECNOLOGIA EN GESTION DE GUIANZA TURISTICA RU (VIRTUAL)","Femenino",5001,"Cundinamarca","Zipaquirá","Colombia","Urbana"
5664,2110,"COLEGIO MAYOR DE ANTIOQUIA",2025,2,"Nuevo",116770,"TECNOLOGIA EN GESTION DE GUIANZA TURISTICA RU (VIRTUAL)","Masculino",5001,"Meta","La Macarena","Colombia","Urbana"
5665,2110,"COLEGIO MAYOR DE ANTIOQUIA",2025,2,"Nuevo",116770,"TECNOLOGIA EN GESTION DE GUIANZA TURISTICA RU (VIRTUAL)","Masculino",5001,"Antioquia","Bello","Colombia","Urbana"
5666,2110,"COLEGIO MAYOR DE ANTIOQUIA",2025,2,"Nuevo",116770,"TECNOLOGIA EN GESTION DE GUIANZA TURISTICA RU (VIRTUAL)","Masculino",5001,"Antioquia","Venecia","Colombia","Urbana"
5667,2110,"COLEGIO MAYOR DE ANTIOQUIA",2025,2,"Nuevo",116770,"TECNOLOGIA EN GESTION DE GUIANZA TURISTICA RU (VIRTUAL)","Masculino",5001,"Meta","La Macarena","Colombia","Urbana"
5668,2110,"COLEGIO MAYOR DE ANTIOQUIA",2025,2,"Nuevo",116770,"TECNOLOGIA EN GESTION DE GUIANZA TURISTICA RU (VIRTUAL)","Femenino",5001,"Amazonas","Leticia","Colombia","Urbana"
5669,2110,"COLEGIO MAYOR DE ANTIOQUIA",2025,2,"Nuevo",116770,"TECNOLOGIA EN GESTION DE GUIANZA TURISTICA RU (VIRTUAL)","Femenino",5001,"Antioquia","Medellín","Colombia","Urbana"
5670,2110,"COLEGIO MAYOR DE ANTIOQUIA",2025,2,"Nuevo",116770,"TECNOLOGIA EN GESTION DE GUIANZA TURISTICA RU (VIRTUAL)","Femenino",5001,"Antioquia","Medellín","Colombia","Urbana"
5671,2110,"COLEGIO MAYOR DE ANTIOQUIA",2025,2,"Nuevo",116770,"TECNOLOGIA EN GESTION DE GUIANZA TURISTICA RU (VIRTUAL)","Femenino",5001,"Antioquia","Puerto Berrío","Colombia","Urbana"
5672,2110,"COLEGIO MAYOR DE ANTIOQUIA",2025,2,"Nuevo",116770,"TECNOLOGIA EN GESTION DE GUIANZA TURISTICA RU (VIRTUAL)","Masculino",5001,"Antioquia","Venecia","Colombia","Urbana"
5673,2110,"COLEGIO MAYOR DE ANTIOQUIA",2025,2,"Nuevo",116770,"TECNOLOGIA EN GESTION DE GUIANZA TURISTICA RU (VIRTUAL)","Masculino",5001,"Amazonas","Leticia","Colombia","Urbana"
5674,2110,"COLEGIO MAYOR DE ANTIOQUIA",2025,2,"Nuevo",116770,"TECNOLOGIA EN GESTION DE GUIANZA TURISTICA RU (VIRTUAL)","Femenino",5001,"Antioquia","Medellín","Colombia","Urbana"
5675,2110,"COLEGIO MAYOR DE ANTIOQUIA",2025,2,"Nuevo",116770,"TECNOLOGIA EN GESTION DE GUIANZA TURISTICA RU (VIRTUAL)","Masculino",5001,"Cundinamarca","Sesquilé","Colombia","Urbana"
5676,2110,"COLEGIO MAYOR DE ANTIOQUIA",2025,2,"Nuevo",116770,"TECNOLOGIA EN GESTION DE GUIANZA TURISTICA RU (VIRTUAL)","Femenino",5001,"Santander","Barbosa","Colombia","Urbana"
5677,2110,"COLEGIO MAYOR DE ANTIOQUIA",2025,2,"Nuevo",116770,"TECNOLOGIA EN GESTION DE GUIANZA TURISTICA RU (VIRTUAL)","Femenino",5001,"Antioquia","San Carlos","Colombia","Urbana"
5678,2110,"COLEGIO MAYOR DE ANTIOQUIA",2025,2,"Nuevo",116770,"TECNOLOGIA EN GESTION DE GUIANZA TURISTICA RU (VIRTUAL)","Femenino",5001,"Amazonas","Leticia","Colombia","Urbana"
5679,2110,"COLEGIO MAYOR DE ANTIOQUIA",2025,2,"Nuevo",116770,"TECNOLOGIA EN GESTION DE GUIANZA TURISTICA RU (VIRTUAL)","Masculino",5001,"Antioquia","Venecia","Colombia","Urbana"
5680,2110,"COLEGIO MAYOR DE ANTIOQUIA",2025,2,"Nuevo",116770,"TECNOLOGIA EN GESTION DE GUIANZA TURISTICA RU (VIRTUAL)","Femenino",5001,"Antioquia","Venecia","Colombia","Urbana"
5681,2110,"COLEGIO MAYOR DE ANTIOQUIA",2025,2,"Nuevo",116770,"TECNOLOGIA EN GESTION DE GUIANZA TURISTICA RU (VIRTUAL)","Masculino",5001,"Amazonas","Leticia","Colombia","Urbana"
5682,2110,"COLEGIO MAYOR DE ANTIOQUIA",2025,2,"Nuevo",116770,"TECNOLOGIA EN GESTION DE GUIANZA TURISTICA RU (VIRTUAL)","Masculino",5001,"Amazonas","Leticia","Colombia","Urbana"
5683,2110,"COLEGIO MAYOR DE ANTIOQUIA",2025,2,"Nuevo",116770,"TECNOLOGIA EN GESTION DE GUIANZA TURISTICA RU (VIRTUAL)","Masculino",5001,"Meta","San Juan de Arama","Colombia","Urbana"
5684,2110,"COLEGIO MAYOR DE ANTIOQUIA",2025,2,"Nuevo",116770,"TECNOLOGIA EN GESTION DE GUIANZA TURISTICA RU (VIRTUAL)","Masculino",5001,"Córdoba","Tierralta","Colombia","Urbana"
5685,2110,"COLEGIO MAYOR DE ANTIOQUIA",2025,2,"Nuevo",116770,"TECNOLOGIA EN GESTION DE GUIANZA TURISTICA RU (VIRTUAL)","Masculino",5001,"Amazonas","Leticia","Colombia","Urbana"
5686,2110,"COLEGIO MAYOR DE ANTIOQUIA",2025,2,"Nuevo",116770,"TECNOLOGIA EN GESTION DE GUIANZA TURISTICA RU (VIRTUAL)","Masculino",5001,"Caldas","Samaná","Colombia","Urbana"
5687,2110,"COLEGIO MAYOR DE ANTIOQUIA",2025,2,"Nuevo",116770,"TECNOLOGIA EN GESTION DE GUIANZA TURISTICA RU (VIRTUAL)","Masculino",5001,"Boyacá","Monguí","Colombia","Urbana"
5688,2110,"COLEGIO MAYOR DE ANTIOQUIA",2025,2,"Nuevo",116770,"TECNOLOGIA EN GESTION DE GUIANZA TURISTICA RU (VIRTUAL)","Masculino",5001,"Antioquia","Copacabana","Colombia","Urbana"
5689,2110,"COLEGIO MAYOR DE ANTIOQUIA",2025,2,"Nuevo",116770,"TECNOLOGIA EN GESTION DE GUIANZA TURISTICA RU (VIRTUAL)","Femenino",5001,"Antioquia","Medellín","Colombia","Urbana"
5690,2110,"COLEGIO MAYOR DE ANTIOQUIA",2025,2,"Nuevo",116770,"TECNOLOGIA EN GESTION DE GUIANZA TURISTICA RU (VIRTUAL)","Masculino",5001,"Valle del Cauca","Santiago de Cali","Colombia","Urbana"
5691,2110,"COLEGIO MAYOR DE ANTIOQUIA",2025,2,"Nuevo",116770,"TECNOLOGIA EN GESTION DE GUIANZA TURISTICA RU (VIRTUAL)","Femenino",5001,"Amazonas","Leticia","Colombia","Urbana"
5692,2110,"COLEGIO MAYOR DE ANTIOQUIA",2025,2,"Nuevo",116770,"TECNOLOGIA EN GESTION DE GUIANZA TURISTICA RU (VIRTUAL)","Femenino",5001,"Cundinamarca","Mosquera","Colombia","Urbana"
5693,2110,"COLEGIO MAYOR DE ANTIOQUIA",2025,2,"Nuevo",116770,"TECNOLOGIA EN GESTION DE GUIANZA TURISTICA RU (VIRTUAL)","Masculino",5001,"Amazonas","Leticia","Colombia","Urbana"
5694,2110,"COLEGIO MAYOR DE ANTIOQUIA",2025,2,"Nuevo",116770,"TECNOLOGIA EN GESTION DE GUIANZA TURISTICA RU (VIRTUAL)","Femenino",5001,"Cundinamarca","Tocancipá","Colombia","Urbana"
5695,2110,"COLEGIO MAYOR DE ANTIOQUIA",2025,2,"Nuevo",116770,"TECNOLOGIA EN GESTION DE GUIANZA TURISTICA RU (VIRTUAL)","Femenino",5001,"Antioquia","Venecia","Colombia","Urbana"
5696,2110,"COLEGIO MAYOR DE ANTIOQUIA",2025,2,"Nuevo",116770,"TECNOLOGIA EN GESTION DE GUIANZA TURISTICA RU (VIRTUAL)","Femenino",5001,"Amazonas","Leticia","Colombia","Urbana"
5697,2110,"COLEGIO MAYOR DE ANTIOQUIA",2025,2,"Nuevo",116770,"TECNOLOGIA EN GESTION DE GUIANZA TURISTICA RU (VIRTUAL)","Masculino",5001,"Amazonas","Leticia","Colombia","Urbana"
5698,2110,"COLEGIO MAYOR DE ANTIOQUIA",2025,2,"Nuevo",116770,"TECNOLOGIA EN GESTION DE GUIANZA TURISTICA RU (VIRTUAL)","Masculino",5001,"Antioquia","Urrao","Colombia","Urbana"
5699,2110,"COLEGIO MAYOR DE ANTIOQUIA",2025,2,"Nuevo",116770,"TECNOLOGIA EN GESTION DE GUIANZA TURISTICA RU (VIRTUAL)","Femenino",5001,"Cauca","Popayán","Colombia","Urbana"
5700,2110,"COLEGIO MAYOR DE ANTIOQUIA",2025,2,"Nuevo",116770,"TECNOLOGIA EN GESTION DE GUIANZA TURISTICA RU (VIRTUAL)","Masculino",5001,"Meta","San Juan de Arama","Colombia","Urbana"
5701,2110,"COLEGIO MAYOR DE ANTIOQUIA",2025,2,"Nuevo",116770,"TECNOLOGIA EN GESTION DE GUIANZA TURISTICA RU (VIRTUAL)","Femenino",5001,"Meta","La Macarena","Colombia","Urbana"
5702,2110,"COLEGIO MAYOR DE ANTIOQUIA",2025,2,"Nuevo",116770,"TECNOLOGIA EN GESTION DE GUIANZA TURISTICA RU (VIRTUAL)","Femenino",5001,"Valle del Cauca","Dagua","Colombia","Urbana"
5703,2110,"COLEGIO MAYOR DE ANTIOQUIA",2025,2,"Nuevo",116770,"TECNOLOGIA EN GESTION DE GUIANZA TURISTICA RU (VIRTUAL)","Femenino",5001,"Amazonas","Leticia","Colombia","Urbana"
5704,2110,"COLEGIO MAYOR DE ANTIOQUIA",2025,2,"Nuevo",116770,"TECNOLOGIA EN GESTION DE GUIANZA TURISTICA RU (VIRTUAL)","Masculino",5001,"Amazonas","Leticia","Colombia","Urbana"
5705,2110,"COLEGIO MAYOR DE ANTIOQUIA",2025,2,"Nuevo",116770,"TECNOLOGIA EN GESTION DE GUIANZA TURISTICA RU (VIRTUAL)","Masculino",5001,"Antioquia","Támesis","Colombia","Urbana"
5706,2110,"COLEGIO MAYOR DE ANTIOQUIA",2025,2,"Antiguo",116770,"TECNOLOGIA EN GESTION DE GUIANZA TURISTICA RU (VIRTUAL)","Femenino",5001,"Cundinamarca","Sesquilé","Colombia","Urbana"
5707,2110,"COLEGIO MAYOR DE ANTIOQUIA",2025,2,"Antiguo",116770,"TECNOLOGIA EN GESTION DE GUIANZA TURISTICA RU (VIRTUAL)","Masculino",5001,"Valle del Cauca","Santiago de Cali","Colombia","Urbana"
5708,2110,"COLEGIO MAYOR DE ANTIOQUIA",2025,2,"Antiguo",116770,"TECNOLOGIA EN GESTION DE GUIANZA TURISTICA RU (VIRTUAL)","Femenino",5001,"Chocó","Acandí","Colombia","Urbana"
5709,2110,"COLEGIO MAYOR DE ANTIOQUIA",2025,2,"Antiguo",116770,"TECNOLOGIA EN GESTION DE GUIANZA TURISTICA RU (VIRTUAL)","Femenino",5001,"Antioquia","Medellín","Colombia","Urbana"
5710,2110,"COLEGIO MAYOR DE ANTIOQUIA",2025,2,"Antiguo",116770,"TECNOLOGIA EN GESTION DE GUIANZA TURISTICA RU (VIRTUAL)","Femenino",5001,"Antioquia","Frontino","Colombia","Urbana"
5711,2110,"COLEGIO MAYOR DE ANTIOQUIA",2025,2,"Antiguo",116770,"TECNOLOGIA EN GESTION DE GUIANZA TURISTICA RU (VIRTUAL)","Femenino",5001,"Córdoba","Monteria","Colombia","Urbana"
5712,2110,"COLEGIO MAYOR DE ANTIOQUIA",2025,2,"Antiguo",116770,"TECNOLOGIA EN GESTION DE GUIANZA TURISTICA RU (VIRTUAL)","Femenino",5001,"Antioquia","Medellín","Colombia","Urbana"
5713,2110,"COLEGIO MAYOR DE ANTIOQUIA",2025,2,"Antiguo",116770,"TECNOLOGIA EN GESTION DE GUIANZA TURISTICA RU (VIRTUAL)","Masculino",5001,"Antioquia","Itagüí","Colombia","Urbana"
5714,2110,"COLEGIO MAYOR DE ANTIOQUIA",2025,2,"Antiguo",116770,"TECNOLOGIA EN GESTION DE GUIANZA TURISTICA RU (VIRTUAL)","Masculino",5001,"Antioquia","Bello","Colombia","Urbana"
5715,2110,"COLEGIO MAYOR DE ANTIOQUIA",2025,2,"Antiguo",116770,"TECNOLOGIA EN GESTION DE GUIANZA TURISTICA RU (VIRTUAL)","Femenino",5001,"Antioquia","Medellín","Colombia","Urbana"
5716,2110,"COLEGIO MAYOR DE ANTIOQUIA",2025,2,"Antiguo",116770,"TECNOLOGIA EN GESTION DE GUIANZA TURISTICA RU (VIRTUAL)","Femenino",5001,"Antioquia","Medellín","Colombia","Urbana"
5717,2110,"COLEGIO MAYOR DE ANTIOQUIA",2025,2,"Antiguo",116770,"TECNOLOGIA EN GESTION DE GUIANZA TURISTICA RU (VIRTUAL)","Masculino",5001,"Antioquia","Urrao","Colombia","Urbana"
5718,2110,"COLEGIO MAYOR DE ANTIOQUIA",2025,2,"Antiguo",116770,"TECNOLOGIA EN GESTION DE GUIANZA TURISTICA RU (VIRTUAL)","Femenino",5001,"Chocó","Acandí","Colombia","Urbana"
5719,2110,"COLEGIO MAYOR DE ANTIOQUIA",2025,2,"Antiguo",116770,"TECNOLOGIA EN GESTION DE GUIANZA TURISTICA RU (VIRTUAL)","Masculino",5001,"Cundinamarca","Cáqueza","Colombia","Urbana"
5720,2110,"COLEGIO MAYOR DE ANTIOQUIA",2025,2,"Antiguo",116770,"TECNOLOGIA EN GESTION DE GUIANZA TURISTICA RU (VIRTUAL)","Femenino",5001,"Cundinamarca","Gachetá","Colombia","Urbana"
5721,2110,"COLEGIO MAYOR DE ANTIOQUIA",2025,2,"Antiguo",116770,"TECNOLOGIA EN GESTION DE GUIANZA TURISTICA RU (VIRTUAL)","Masculino",5001,"Antioquia","Peñol","Colombia","Urbana"
5722,2110,"COLEGIO MAYOR DE ANTIOQUIA",2025,2,"Antiguo",116770,"TECNOLOGIA EN GESTION DE GUIANZA TURISTICA RU (VIRTUAL)","Femenino",5001,"Chocó","Nuquí","Colombia","Urbana"
5723,2110,"COLEGIO MAYOR DE ANTIOQUIA",2025,2,"Antiguo",116770,"TECNOLOGIA EN GESTION DE GUIANZA TURISTICA RU (VIRTUAL)","Femenino",5001,"Antioquia","Medellín","Colombia","Urbana"
5724,2110,"COLEGIO MAYOR DE ANTIOQUIA",2025,2,"Antiguo",116770,"TECNOLOGIA EN GESTION DE GUIANZA TURISTICA RU (VIRTUAL)","Masculino",5001,"Antioquia","Apartadó","Colombia","Urbana"
5725,2110,"COLEGIO MAYOR DE ANTIOQUIA",2025,2,"Antiguo",116770,"TECNOLOGIA EN GESTION DE GUIANZA TURISTICA RU (VIRTUAL)","Femenino",5001,"Cundinamarca","Sesquilé","Colombia","Urbana"
5726,2110,"COLEGIO MAYOR DE ANTIOQUIA",2025,2,"Antiguo",116770,"TECNOLOGIA EN GESTION DE GUIANZA TURISTICA RU (VIRTUAL)","Femenino",5001,"Antioquia","Mutatá","Colombia","Urbana"
5727,2110,"COLEGIO MAYOR DE ANTIOQUIA",2025,2,"Antiguo",116770,"TECNOLOGIA EN GESTION DE GUIANZA TURISTICA RU (VIRTUAL)","Masculino",5001,"Antioquia","Medellín","Colombia","Urbana"
5728,2110,"COLEGIO MAYOR DE ANTIOQUIA",2025,2,"Antiguo",116770,"TECNOLOGIA EN GESTION DE GUIANZA TURISTICA RU (VIRTUAL)","Masculino",5001,"Caquetá","San Vicente del Caguán","Colombia","Urbana"
5729,2110,"COLEGIO MAYOR DE ANTIOQUIA",2025,2,"Antiguo",116770,"TECNOLOGIA EN GESTION DE GUIANZA TURISTICA RU (VIRTUAL)","Masculino",5001,"Chocó","Acandí","Colombia","Urbana"
5730,2110,"COLEGIO MAYOR DE ANTIOQUIA",2025,2,"Antiguo",116770,"TECNOLOGIA EN GESTION DE GUIANZA TURISTICA RU (VIRTUAL)","Femenino",5001,"Antioquia","Medellín","Colombia","Urbana"
5731,2110,"COLEGIO MAYOR DE ANTIOQUIA",2025,2,"Antiguo",116770,"TECNOLOGIA EN GESTION DE GUIANZA TURISTICA RU (VIRTUAL)","Femenino",5001,"Chocó","Nuquí","Colombia","Urbana"
5732,2110,"COLEGIO MAYOR DE ANTIOQUIA",2025,2,"Antiguo",116770,"TECNOLOGIA EN GESTION DE GUIANZA TURISTICA RU (VIRTUAL)","Femenino",5001,"Chocó","Nuquí","Colombia","Urbana"
5733,2110,"COLEGIO MAYOR DE ANTIOQUIA",2025,2,"Antiguo",116770,"TECNOLOGIA EN GESTION DE GUIANZA TURISTICA RU (VIRTUAL)","Masculino",5001,"Santander","Florián","Colombia","Urbana"
5734,2110,"COLEGIO MAYOR DE ANTIOQUIA",2025,2,"Antiguo",116770,"TECNOLOGIA EN GESTION DE GUIANZA TURISTICA RU (VIRTUAL)","Masculino",5001,"Valle del Cauca","Santiago de Cali","Colombia","Urbana"
5735,2110,"COLEGIO MAYOR DE ANTIOQUIA",2025,2,"Antiguo",116770,"TECNOLOGIA EN GESTION DE GUIANZA TURISTICA RU (VIRTUAL)","Masculino",5001,"Cundinamarca","Cáqueza","Colombia","Urbana"
5736,2110,"COLEGIO MAYOR DE ANTIOQUIA",2025,2,"Antiguo",116770,"TECNOLOGIA EN GESTION DE GUIANZA TURISTICA RU (VIRTUAL)","Femenino",5001,"Cundinamarca","Sopó","Colombia","Urbana"
5737,2110,"COLEGIO MAYOR DE ANTIOQUIA",2025,2,"Antiguo",116770,"TECNOLOGIA EN GESTION DE GUIANZA TURISTICA RU (VIRTUAL)","Femenino",5001,"Antioquia","Medellín","Colombia","Urbana"
5738,2110,"COLEGIO MAYOR DE ANTIOQUIA",2025,2,"Antiguo",116770,"TECNOLOGIA EN GESTION DE GUIANZA TURISTICA RU (VIRTUAL)","Masculino",5001,"Antioquia","Arboletes","Colombia","Urbana"
5739,2110,"COLEGIO MAYOR DE ANTIOQUIA",2025,2,"Antiguo",116770,"TECNOLOGIA EN GESTION DE GUIANZA TURISTICA RU (VIRTUAL)","Masculino",5001,"Chocó","Nuquí","Colombia","Urbana"
5740,2110,"COLEGIO MAYOR DE ANTIOQUIA",2025,2,"Antiguo",116770,"TECNOLOGIA EN GESTION DE GUIANZA TURISTICA RU (VIRTUAL)","Masculino",5001,"Chocó","Nuquí","Colombia","Urbana"
5741,2110,"COLEGIO MAYOR DE ANTIOQUIA",2025,2,"Antiguo",116770,"TECNOLOGIA EN GESTION DE GUIANZA TURISTICA RU (VIRTUAL)","Femenino",5001,"Nariño","Pasto","Colombia","Urbana"
5742,2110,"COLEGIO MAYOR DE ANTIOQUIA",2025,2,"Antiguo",116770,"TECNOLOGIA EN GESTION DE GUIANZA TURISTICA RU (VIRTUAL)","Masculino",5001,"Chocó","Bahía Solano (Mútis)","Colombia","Urbana"
5743,2110,"COLEGIO MAYOR DE ANTIOQUIA",2025,2,"Antiguo",116770,"TECNOLOGIA EN GESTION DE GUIANZA TURISTICA RU (VIRTUAL)","Femenino",5001,"Antioquia","Medellín","Colombia","Urbana"
5744,2110,"COLEGIO MAYOR DE ANTIOQUIA",2025,2,"Antiguo",116770,"TECNOLOGIA EN GESTION DE GUIANZA TURISTICA RU (VIRTUAL)","Masculino",5001,"Nariño","Pasto","Colombia","Urbana"
5745,2110,"COLEGIO MAYOR DE ANTIOQUIA",2025,2,"Antiguo",116770,"TECNOLOGIA EN GESTION DE GUIANZA TURISTICA RU (VIRTUAL)","Masculino",5001,"Antioquia","Maceo","Colombia","Urbana"
5746,2110,"COLEGIO MAYOR DE ANTIOQUIA",2025,2,"Antiguo",116770,"TECNOLOGIA EN GESTION DE GUIANZA TURISTICA RU (VIRTUAL)","Femenino",5001,"Valle del Cauca","Santiago de Cali","Colombia","Urbana"
5747,2110,"COLEGIO MAYOR DE ANTIOQUIA",2025,2,"Antiguo",116770,"TECNOLOGIA EN GESTION DE GUIANZA TURISTICA RU (VIRTUAL)","Femenino",5001,"Cundinamarca","Guasca","Colombia","Urbana"
5748,2110,"COLEGIO MAYOR DE ANTIOQUIA",2025,2,"Antiguo",116770,"TECNOLOGIA EN GESTION DE GUIANZA TURISTICA RU (VIRTUAL)","Masculino",5001,"Santander","Florián","Colombia","Urbana"
5749,2110,"COLEGIO MAYOR DE ANTIOQUIA",2025,2,"Antiguo",116770,"TECNOLOGIA EN GESTION DE GUIANZA TURISTICA RU (VIRTUAL)","Masculino",5001,"Nariño","Pasto","Colombia","Urbana"
5750,2110,"COLEGIO MAYOR DE ANTIOQUIA",2025,2,"Antiguo",116770,"TECNOLOGIA EN GESTION DE GUIANZA TURISTICA RU (VIRTUAL)","Femenino",5001,"Antioquia","Medellín","Colombia","Urbana"
5751,2110,"COLEGIO MAYOR DE ANTIOQUIA",2025,2,"Antiguo",116770,"TECNOLOGIA EN GESTION DE GUIANZA TURISTICA RU (VIRTUAL)","Masculino",5001,"Cundinamarca","Sesquilé","Colombia","Urbana"
5752,2110,"COLEGIO MAYOR DE ANTIOQUIA",2025,2,"Antiguo",116770,"TECNOLOGIA EN GESTION DE GUIANZA TURISTICA RU (VIRTUAL)","Femenino",5001,"Antioquia","Urrao","Colombia","Urbana"
5753,2110,"COLEGIO MAYOR DE ANTIOQUIA",2025,2,"Antiguo",116770,"TECNOLOGIA EN GESTION DE GUIANZA TURISTICA RU (VIRTUAL)","Masculino",5001,"Santander","Florián","Colombia","Urbana"
5754,2110,"COLEGIO MAYOR DE ANTIOQUIA",2025,2,"Antiguo",116770,"TECNOLOGIA EN GESTION DE GUIANZA TURISTICA RU (VIRTUAL)","Masculino",5001,"Cundinamarca","Suesca","Colombia","Urbana"
5755,2110,"COLEGIO MAYOR DE ANTIOQUIA",2025,2,"Antiguo",116770,"TECNOLOGIA EN GESTION DE GUIANZA TURISTICA RU (VIRTUAL)","Femenino",5001,"Antioquia","Támesis","Colombia","Urbana"
5756,2110,"COLEGIO MAYOR DE ANTIOQUIA",2025,2,"Antiguo",116770,"TECNOLOGIA EN GESTION DE GUIANZA TURISTICA RU (VIRTUAL)","Femenino",5001,"Cundinamarca","Sesquilé","Colombia","Urbana"
5757,2110,"COLEGIO MAYOR DE ANTIOQUIA",2025,2,"Reingreso",116770,"TECNOLOGIA EN GESTION DE GUIANZA TURISTICA RU (VIRTUAL)","Femenino",5001,"Antioquia","Medellín","Colombia","Urbana"
5758,2110,"COLEGIO MAYOR DE ANTIOQUIA",2025,2,"Antiguo",116769,"TECNOLOGIA EN GESTION DE GUIANZA TURISTICA RU (PRESENCIAL)","Femenino",5001,"Antioquia","Medellín","Colombia","Urbana"
5759,2110,"COLEGIO MAYOR DE ANTIOQUIA",2025,2,"Antiguo",116769,"TECNOLOGIA EN GESTION DE GUIANZA TURISTICA RU (PRESENCIAL)","Femenino",5001,"Antioquia","Medellín","Colombia","Urbana"
5760,2110,"COLEGIO MAYOR DE ANTIOQUIA",2025,2,"Antiguo",116769,"TECNOLOGIA EN GESTION DE GUIANZA TURISTICA RU (PRESENCIAL)","Femenino",5001,"Antioquia","Medellín","Colombia","Urbana"
5761,2110,"COLEGIO MAYOR DE ANTIOQUIA",2025,2,"Antiguo",116769,"TECNOLOGIA EN GESTION DE GUIANZA TURISTICA RU (PRESENCIAL)","Femenino",5001,"Antioquia","Medellín","Colombia","Urbana"
5762,2110,"COLEGIO MAYOR DE ANTIOQUIA",2025,2,"Antiguo",116769,"TECNOLOGIA EN GESTION DE GUIANZA TURISTICA RU (PRESENCIAL)","Femenino",5001,"Antioquia","Medellín","Colombia","Urbana"
5763,2110,"COLEGIO MAYOR DE ANTIOQUIA",2025,2,"Antiguo",116769,"TECNOLOGIA EN GESTION DE GUIANZA TURISTICA RU (PRESENCIAL)","Masculino",5001,"Antioquia","Medellín","Colombia","Urbana"
5764,2110,"COLEGIO MAYOR DE ANTIOQUIA",2025,2,"Antiguo",116769,"TECNOLOGIA EN GESTION DE GUIANZA TURISTICA RU (PRESENCIAL)","Femenino",5001,"Antioquia","Medellín","Colombia","Urbana"
5765,2110,"COLEGIO MAYOR DE ANTIOQUIA",2025,2,"Antiguo",116769,"TECNOLOGIA EN GESTION DE GUIANZA TURISTICA RU (PRESENCIAL)","Masculino",5001,"Antioquia","Medellín","Colombia","Urbana"
5766,2110,"COLEGIO MAYOR DE ANTIOQUIA",2025,2,"Antiguo",116769,"TECNOLOGIA EN GESTION DE GUIANZA TURISTICA RU (PRESENCIAL)","Masculino",5001,"Córdoba","Montelíbano","Colombia","Urbana"
5767,2110,"COLEGIO MAYOR DE ANTIOQUIA",2025,2,"Antiguo",116769,"TECNOLOGIA EN GESTION DE GUIANZA TURISTICA RU (PRESENCIAL)","Femenino",5001,"Antioquia","Medellín","Colombia","Urbana"
5768,2110,"COLEGIO MAYOR DE ANTIOQUIA",2025,2,"Antiguo",116769,"TECNOLOGIA EN GESTION DE GUIANZA TURISTICA RU (PRESENCIAL)","Femenino",5001,"Antioquia","Medellín","Colombia","Urbana"
5769,2110,"COLEGIO MAYOR DE ANTIOQUIA",2025,2,"Antiguo",116769,"TECNOLOGIA EN GESTION DE GUIANZA TURISTICA RU (PRESENCIAL)","Femenino",5001,"Antioquia","Támesis","Colombia","Urbana"
5770,2110,"COLEGIO MAYOR DE ANTIOQUIA",2025,2,"Antiguo",116769,"TECNOLOGIA EN GESTION DE GUIANZA TURISTICA RU (PRESENCIAL)","Femenino",5001,"Antioquia","Medellín","Colombia","Urbana"
5771,2110,"COLEGIO MAYOR DE ANTIOQUIA",2025,2,"Antiguo",116769,"TECNOLOGIA EN GESTION DE GUIANZA TURISTICA RU (PRESENCIAL)","Masculino",5001,"Antioquia","Medellín","Colombia","Urbana"
5772,2110,"COLEGIO MAYOR DE ANTIOQUIA",2025,2,"Antiguo",116769,"TECNOLOGIA EN GESTION DE GUIANZA TURISTICA RU (PRESENCIAL)","Femenino",5001,"Antioquia","Medellín","Colombia","Urbana"
